solid OpenSCAD_Model
  facet normal -0.146736 0.989176 0
    outer loop
      vertex -9.18405 -19.8744 3
      vertex -9.47527 -19.9176 7
      vertex -9.18405 -19.8744 7
    endloop
  endfacet
  facet normal -0.146736 0.989176 0
    outer loop
      vertex -9.47527 -19.9176 7
      vertex -9.18405 -19.8744 3
      vertex -9.47527 -19.9176 3
    endloop
  endfacet
  facet normal 0.989179 0.146712 0
    outer loop
      vertex -5.90445 -22.5659 7
      vertex -5.94764 -22.2747 3
      vertex -5.94764 -22.2747 7
    endloop
  endfacet
  facet normal 0.989179 0.146712 0
    outer loop
      vertex -5.94764 -22.2747 3
      vertex -5.90445 -22.5659 7
      vertex -5.90445 -22.5659 3
    endloop
  endfacet
  facet normal 0.998795 0.0490738 0
    outer loop
      vertex -5.89 -22.86 7
      vertex -5.90445 -22.5659 3
      vertex -5.90445 -22.5659 7
    endloop
  endfacet
  facet normal 0.998795 0.0490738 0
    outer loop
      vertex -5.90445 -22.5659 3
      vertex -5.89 -22.86 7
      vertex -5.89 -22.86 3
    endloop
  endfacet
  facet normal 0.970031 0.242983 0
    outer loop
      vertex -5.94764 -22.2747 7
      vertex -6.01918 -21.9891 3
      vertex -6.01918 -21.9891 7
    endloop
  endfacet
  facet normal 0.970031 0.242983 0
    outer loop
      vertex -6.01918 -21.9891 3
      vertex -5.94764 -22.2747 7
      vertex -5.94764 -22.2747 3
    endloop
  endfacet
  facet normal 0.998795 -0.0490738 0
    outer loop
      vertex -5.90445 -23.1541 7
      vertex -5.89 -22.86 3
      vertex -5.89 -22.86 7
    endloop
  endfacet
  facet normal 0.998795 -0.0490738 0
    outer loop
      vertex -5.89 -22.86 3
      vertex -5.90445 -23.1541 7
      vertex -5.90445 -23.1541 3
    endloop
  endfacet
  facet normal 0.427347 0.904088 -0
    outer loop
      vertex -7.47581 -20.2142 3
      vertex -7.74195 -20.0884 7
      vertex -7.47581 -20.2142 7
    endloop
  endfacet
  facet normal 0.427347 0.904088 0
    outer loop
      vertex -7.74195 -20.0884 7
      vertex -7.47581 -20.2142 3
      vertex -7.74195 -20.0884 3
    endloop
  endfacet
  facet normal 0.94151 -0.336986 0
    outer loop
      vertex -6.11836 -24.008 7
      vertex -6.01918 -23.7309 3
      vertex -6.01918 -23.7309 7
    endloop
  endfacet
  facet normal 0.94151 -0.336986 0
    outer loop
      vertex -6.01918 -23.7309 3
      vertex -6.11836 -24.008 7
      vertex -6.11836 -24.008 3
    endloop
  endfacet
  facet normal 0.0489126 0.998803 -0
    outer loop
      vertex -8.59595 -19.8744 3
      vertex -8.89 -19.86 7
      vertex -8.59595 -19.8744 7
    endloop
  endfacet
  facet normal 0.0489126 0.998803 0
    outer loop
      vertex -8.89 -19.86 7
      vertex -8.59595 -19.8744 3
      vertex -8.89 -19.86 3
    endloop
  endfacet
  facet normal -0.514246 0.857643 0
    outer loop
      vertex -10.3042 -20.2142 3
      vertex -10.5567 -20.3656 7
      vertex -10.3042 -20.2142 7
    endloop
  endfacet
  facet normal -0.514246 0.857643 0
    outer loop
      vertex -10.5567 -20.3656 7
      vertex -10.3042 -20.2142 3
      vertex -10.5567 -20.3656 3
    endloop
  endfacet
  facet normal 0.336939 0.941527 -0
    outer loop
      vertex -7.74195 -20.0884 3
      vertex -8.01915 -19.9892 7
      vertex -7.74195 -20.0884 7
    endloop
  endfacet
  facet normal 0.336939 0.941527 0
    outer loop
      vertex -8.01915 -19.9892 7
      vertex -7.74195 -20.0884 3
      vertex -8.01915 -19.9892 3
    endloop
  endfacet
  facet normal 0 0 1
    outer loop
      vertex -6.57097 20.9568 3
      vertex 6.57097 20.9568 3
      vertex -6.39559 21.1933 3
    endloop
  endfacet
  facet normal 0 0 1
    outer loop
      vertex 7.47581 -20.2142 3
      vertex -5.90445 -22.5659 3
      vertex -5.89 -22.86 3
    endloop
  endfacet
  facet normal 0 0 1
    outer loop
      vertex 6.57097 20.9568 3
      vertex -6.57097 20.9568 3
      vertex 6.76868 20.7387 3
    endloop
  endfacet
  facet normal 0 0 1
    outer loop
      vertex 7.47581 -20.2142 3
      vertex -5.94764 -22.2747 3
      vertex -5.90445 -22.5659 3
    endloop
  endfacet
  facet normal 0 0 1
    outer loop
      vertex -6.76868 20.7387 3
      vertex 6.76868 20.7387 3
      vertex -6.57097 20.9568 3
    endloop
  endfacet
  facet normal 0 0 1
    outer loop
      vertex 7.47581 -20.2142 3
      vertex -6.01918 -21.9891 3
      vertex -5.94764 -22.2747 3
    endloop
  endfacet
  facet normal 0 0 1
    outer loop
      vertex 6.76868 20.7387 3
      vertex -6.76868 20.7387 3
      vertex 6.98682 20.541 3
    endloop
  endfacet
  facet normal 0 0 1
    outer loop
      vertex 7.47581 -20.2142 3
      vertex -6.11836 -21.7119 3
      vertex -6.01918 -21.9891 3
    endloop
  endfacet
  facet normal 0 0 1
    outer loop
      vertex -6.98682 20.541 3
      vertex 6.98682 20.541 3
      vertex -6.76868 20.7387 3
    endloop
  endfacet
  facet normal 0 0 1
    outer loop
      vertex 7.47581 -20.2142 3
      vertex -6.24424 -21.4458 3
      vertex -6.11836 -21.7119 3
    endloop
  endfacet
  facet normal 0 0 1
    outer loop
      vertex 6.98682 20.541 3
      vertex -6.98682 20.541 3
      vertex 7.22329 20.3656 3
    endloop
  endfacet
  facet normal 0 0 1
    outer loop
      vertex 7.47581 -20.2142 3
      vertex -6.39559 -21.1933 3
      vertex -6.24424 -21.4458 3
    endloop
  endfacet
  facet normal 0 0 1
    outer loop
      vertex -7.22329 20.3656 3
      vertex 7.22329 20.3656 3
      vertex -6.98682 20.541 3
    endloop
  endfacet
  facet normal 0 0 1
    outer loop
      vertex 7.47581 -20.2142 3
      vertex -6.57097 -20.9568 3
      vertex -6.39559 -21.1933 3
    endloop
  endfacet
  facet normal 0 0 1
    outer loop
      vertex 7.22329 20.3656 3
      vertex -7.22329 20.3656 3
      vertex 7.47581 20.2142 3
    endloop
  endfacet
  facet normal 0 0 1
    outer loop
      vertex 7.47581 -20.2142 3
      vertex -6.76868 -20.7387 3
      vertex -6.57097 -20.9568 3
    endloop
  endfacet
  facet normal 0 0 1
    outer loop
      vertex -7.47581 20.2142 3
      vertex 7.47581 20.2142 3
      vertex -7.22329 20.3656 3
    endloop
  endfacet
  facet normal 0 0 1
    outer loop
      vertex 7.47581 -20.2142 3
      vertex -6.98682 -20.541 3
      vertex -6.76868 -20.7387 3
    endloop
  endfacet
  facet normal 0 0 1
    outer loop
      vertex -7.74195 20.0884 3
      vertex 7.47581 20.2142 3
      vertex -7.47581 20.2142 3
    endloop
  endfacet
  facet normal 0 0 1
    outer loop
      vertex 7.47581 -20.2142 3
      vertex -7.22329 -20.3656 3
      vertex -6.98682 -20.541 3
    endloop
  endfacet
  facet normal 0 0 1
    outer loop
      vertex 7.47581 20.2142 3
      vertex -7.74195 20.0884 3
      vertex 7.47581 -20.2142 3
    endloop
  endfacet
  facet normal 0 0 1
    outer loop
      vertex 7.47581 -20.2142 3
      vertex -7.47581 -20.2142 3
      vertex -7.22329 -20.3656 3
    endloop
  endfacet
  facet normal -0 0 1
    outer loop
      vertex -7.74195 -20.0884 3
      vertex 7.47581 -20.2142 3
      vertex -7.74195 20.0884 3
    endloop
  endfacet
  facet normal 0 0 1
    outer loop
      vertex 7.47581 -20.2142 3
      vertex -7.74195 -20.0884 3
      vertex -7.47581 -20.2142 3
    endloop
  endfacet
  facet normal -0 0 1
    outer loop
      vertex -8.01915 19.9892 3
      vertex -7.74195 -20.0884 3
      vertex -7.74195 20.0884 3
    endloop
  endfacet
  facet normal 0 0 1
    outer loop
      vertex -8.01915 19.9892 3
      vertex -8.01915 -19.9892 3
      vertex -7.74195 -20.0884 3
    endloop
  endfacet
  facet normal -0 0 1
    outer loop
      vertex -8.30473 19.9176 3
      vertex -8.01915 -19.9892 3
      vertex -8.01915 19.9892 3
    endloop
  endfacet
  facet normal 0 0 1
    outer loop
      vertex -8.30473 19.9176 3
      vertex -8.30473 -19.9176 3
      vertex -8.01915 -19.9892 3
    endloop
  endfacet
  facet normal -0 0 1
    outer loop
      vertex -8.59595 19.8744 3
      vertex -8.30473 -19.9176 3
      vertex -8.30473 19.9176 3
    endloop
  endfacet
  facet normal 0 0 1
    outer loop
      vertex -8.59595 19.8744 3
      vertex -8.59595 -19.8744 3
      vertex -8.30473 -19.9176 3
    endloop
  endfacet
  facet normal -0 0 1
    outer loop
      vertex -8.89 19.86 3
      vertex -8.59595 -19.8744 3
      vertex -8.59595 19.8744 3
    endloop
  endfacet
  facet normal 0 0 1
    outer loop
      vertex -8.89 19.86 3
      vertex -8.89 -19.86 3
      vertex -8.59595 -19.8744 3
    endloop
  endfacet
  facet normal 0 0 1
    outer loop
      vertex -9.18405 19.8744 3
      vertex -8.89 -19.86 3
      vertex -8.89 19.86 3
    endloop
  endfacet
  facet normal 0 0 1
    outer loop
      vertex -9.18405 19.8744 3
      vertex -9.18405 -19.8744 3
      vertex -8.89 -19.86 3
    endloop
  endfacet
  facet normal 0 0 1
    outer loop
      vertex -9.47527 19.9176 3
      vertex -9.18405 -19.8744 3
      vertex -9.18405 19.8744 3
    endloop
  endfacet
  facet normal 0 0 1
    outer loop
      vertex -9.47527 19.9176 3
      vertex -9.47527 -19.9176 3
      vertex -9.18405 -19.8744 3
    endloop
  endfacet
  facet normal 0 0 1
    outer loop
      vertex -9.76085 19.9892 3
      vertex -9.47527 -19.9176 3
      vertex -9.47527 19.9176 3
    endloop
  endfacet
  facet normal 0 0 1
    outer loop
      vertex -9.76085 19.9892 3
      vertex -9.76085 -19.9892 3
      vertex -9.47527 -19.9176 3
    endloop
  endfacet
  facet normal 0 0 1
    outer loop
      vertex -10.038 20.0884 3
      vertex -9.76085 -19.9892 3
      vertex -9.76085 19.9892 3
    endloop
  endfacet
  facet normal 0 0 1
    outer loop
      vertex -10.038 20.0884 3
      vertex -10.038 -20.0884 3
      vertex -9.76085 -19.9892 3
    endloop
  endfacet
  facet normal 0 0 1
    outer loop
      vertex -10.3042 20.2142 3
      vertex -10.038 -20.0884 3
      vertex -10.038 20.0884 3
    endloop
  endfacet
  facet normal 0 0 1
    outer loop
      vertex -10.3042 20.2142 3
      vertex -10.3042 -20.2142 3
      vertex -10.038 -20.0884 3
    endloop
  endfacet
  facet normal 0 0 1
    outer loop
      vertex -10.5567 20.3656 3
      vertex -10.3042 -20.2142 3
      vertex -10.3042 20.2142 3
    endloop
  endfacet
  facet normal 0 0 1
    outer loop
      vertex -10.5567 20.3656 3
      vertex -10.5567 -20.3656 3
      vertex -10.3042 -20.2142 3
    endloop
  endfacet
  facet normal 0 0 1
    outer loop
      vertex -10.7932 20.541 3
      vertex -10.5567 -20.3656 3
      vertex -10.5567 20.3656 3
    endloop
  endfacet
  facet normal 0 0 1
    outer loop
      vertex -10.7932 20.541 3
      vertex -10.7932 -20.541 3
      vertex -10.5567 -20.3656 3
    endloop
  endfacet
  facet normal 0 0 1
    outer loop
      vertex -11.0113 20.7387 3
      vertex -10.7932 -20.541 3
      vertex -10.7932 20.541 3
    endloop
  endfacet
  facet normal 0 0 1
    outer loop
      vertex -11.0113 20.7387 3
      vertex -11.0113 -20.7387 3
      vertex -10.7932 -20.541 3
    endloop
  endfacet
  facet normal 0 0 1
    outer loop
      vertex -11.209 20.9568 3
      vertex -11.0113 -20.7387 3
      vertex -11.0113 20.7387 3
    endloop
  endfacet
  facet normal 0 0 1
    outer loop
      vertex -11.209 20.9568 3
      vertex -11.209 -20.9568 3
      vertex -11.0113 -20.7387 3
    endloop
  endfacet
  facet normal 0 0 1
    outer loop
      vertex -11.3844 21.1933 3
      vertex -11.209 -20.9568 3
      vertex -11.209 20.9568 3
    endloop
  endfacet
  facet normal 0 0 1
    outer loop
      vertex -11.3844 21.1933 3
      vertex -11.3844 -21.1933 3
      vertex -11.209 -20.9568 3
    endloop
  endfacet
  facet normal 0 0 1
    outer loop
      vertex -15.89 26.86 3
      vertex -11.3844 21.1933 3
      vertex -11.5358 21.4458 3
    endloop
  endfacet
  facet normal 0 0 1
    outer loop
      vertex -11.3844 21.1933 3
      vertex -15.89 26.86 3
      vertex -11.3844 -21.1933 3
    endloop
  endfacet
  facet normal 0 0 1
    outer loop
      vertex -15.89 26.86 3
      vertex -11.5358 21.4458 3
      vertex -11.6616 21.7119 3
    endloop
  endfacet
  facet normal 0 0 1
    outer loop
      vertex -15.89 -26.86 3
      vertex -11.3844 -21.1933 3
      vertex -15.89 26.86 3
    endloop
  endfacet
  facet normal 0 0 1
    outer loop
      vertex -15.89 26.86 3
      vertex -11.6616 21.7119 3
      vertex -11.7608 21.9891 3
    endloop
  endfacet
  facet normal 0 0 1
    outer loop
      vertex -11.3844 -21.1933 3
      vertex -15.89 -26.86 3
      vertex -11.5358 -21.4458 3
    endloop
  endfacet
  facet normal 0 0 1
    outer loop
      vertex -15.89 26.86 3
      vertex -11.7608 21.9891 3
      vertex -11.8324 22.2747 3
    endloop
  endfacet
  facet normal 0 0 1
    outer loop
      vertex -11.5358 -21.4458 3
      vertex -15.89 -26.86 3
      vertex -11.6616 -21.7119 3
    endloop
  endfacet
  facet normal 0 0 1
    outer loop
      vertex -15.89 26.86 3
      vertex -11.8324 22.2747 3
      vertex -11.8756 22.5659 3
    endloop
  endfacet
  facet normal 0 0 1
    outer loop
      vertex -11.6616 -21.7119 3
      vertex -15.89 -26.86 3
      vertex -11.7608 -21.9891 3
    endloop
  endfacet
  facet normal 0 0 1
    outer loop
      vertex -15.89 26.86 3
      vertex -11.8756 22.5659 3
      vertex -11.89 22.86 3
    endloop
  endfacet
  facet normal 0 0 1
    outer loop
      vertex -11.7608 -21.9891 3
      vertex -15.89 -26.86 3
      vertex -11.8324 -22.2747 3
    endloop
  endfacet
  facet normal 0 0 1
    outer loop
      vertex 11.7608 21.9891 3
      vertex 15.89 26.86 3
      vertex 11.8324 22.2747 3
    endloop
  endfacet
  facet normal 0 0 1
    outer loop
      vertex 15.89 -26.86 3
      vertex 11.8756 -22.5659 3
      vertex 11.89 -22.86 3
    endloop
  endfacet
  facet normal 0 0 1
    outer loop
      vertex 11.6616 21.7119 3
      vertex 15.89 26.86 3
      vertex 11.7608 21.9891 3
    endloop
  endfacet
  facet normal 0 0 1
    outer loop
      vertex 15.89 -26.86 3
      vertex 11.8324 -22.2747 3
      vertex 11.8756 -22.5659 3
    endloop
  endfacet
  facet normal 0 0 1
    outer loop
      vertex 11.5358 21.4458 3
      vertex 15.89 26.86 3
      vertex 11.6616 21.7119 3
    endloop
  endfacet
  facet normal 0 0 1
    outer loop
      vertex 15.89 -26.86 3
      vertex 11.7608 -21.9891 3
      vertex 11.8324 -22.2747 3
    endloop
  endfacet
  facet normal 0 0 1
    outer loop
      vertex 11.3844 21.1933 3
      vertex 15.89 26.86 3
      vertex 11.5358 21.4458 3
    endloop
  endfacet
  facet normal 0 0 1
    outer loop
      vertex 15.89 -26.86 3
      vertex 11.6616 -21.7119 3
      vertex 11.7608 -21.9891 3
    endloop
  endfacet
  facet normal 0 0 1
    outer loop
      vertex 15.89 26.86 3
      vertex 11.3844 21.1933 3
      vertex 15.89 -26.86 3
    endloop
  endfacet
  facet normal 0 0 1
    outer loop
      vertex 15.89 -26.86 3
      vertex 11.5358 -21.4458 3
      vertex 11.6616 -21.7119 3
    endloop
  endfacet
  facet normal -0 0 1
    outer loop
      vertex 11.3844 -21.1933 3
      vertex 15.89 -26.86 3
      vertex 11.3844 21.1933 3
    endloop
  endfacet
  facet normal 0 0 1
    outer loop
      vertex 15.89 -26.86 3
      vertex 11.3844 -21.1933 3
      vertex 11.5358 -21.4458 3
    endloop
  endfacet
  facet normal -0 0 1
    outer loop
      vertex 11.209 20.9568 3
      vertex 11.3844 -21.1933 3
      vertex 11.3844 21.1933 3
    endloop
  endfacet
  facet normal 0 0 1
    outer loop
      vertex 11.209 20.9568 3
      vertex 11.209 -20.9568 3
      vertex 11.3844 -21.1933 3
    endloop
  endfacet
  facet normal -0 0 1
    outer loop
      vertex 11.0113 20.7387 3
      vertex 11.209 -20.9568 3
      vertex 11.209 20.9568 3
    endloop
  endfacet
  facet normal 0 0 1
    outer loop
      vertex 11.0113 20.7387 3
      vertex 11.0113 -20.7387 3
      vertex 11.209 -20.9568 3
    endloop
  endfacet
  facet normal -0 0 1
    outer loop
      vertex 10.7932 20.541 3
      vertex 11.0113 -20.7387 3
      vertex 11.0113 20.7387 3
    endloop
  endfacet
  facet normal 0 0 1
    outer loop
      vertex 10.7932 20.541 3
      vertex 10.7932 -20.541 3
      vertex 11.0113 -20.7387 3
    endloop
  endfacet
  facet normal -0 0 1
    outer loop
      vertex 10.5567 20.3656 3
      vertex 10.7932 -20.541 3
      vertex 10.7932 20.541 3
    endloop
  endfacet
  facet normal 0 0 1
    outer loop
      vertex 10.5567 20.3656 3
      vertex 10.5567 -20.3656 3
      vertex 10.7932 -20.541 3
    endloop
  endfacet
  facet normal -0 0 1
    outer loop
      vertex 10.3042 20.2142 3
      vertex 10.5567 -20.3656 3
      vertex 10.5567 20.3656 3
    endloop
  endfacet
  facet normal 0 0 1
    outer loop
      vertex 10.3042 20.2142 3
      vertex 10.3042 -20.2142 3
      vertex 10.5567 -20.3656 3
    endloop
  endfacet
  facet normal -0 0 1
    outer loop
      vertex 10.038 20.0884 3
      vertex 10.3042 -20.2142 3
      vertex 10.3042 20.2142 3
    endloop
  endfacet
  facet normal 0 0 1
    outer loop
      vertex 10.038 20.0884 3
      vertex 10.038 -20.0884 3
      vertex 10.3042 -20.2142 3
    endloop
  endfacet
  facet normal -0 0 1
    outer loop
      vertex 9.76085 19.9892 3
      vertex 10.038 -20.0884 3
      vertex 10.038 20.0884 3
    endloop
  endfacet
  facet normal 0 0 1
    outer loop
      vertex 9.76085 19.9892 3
      vertex 9.76085 -19.9892 3
      vertex 10.038 -20.0884 3
    endloop
  endfacet
  facet normal -0 0 1
    outer loop
      vertex 9.47527 19.9176 3
      vertex 9.76085 -19.9892 3
      vertex 9.76085 19.9892 3
    endloop
  endfacet
  facet normal 0 0 1
    outer loop
      vertex 9.47527 19.9176 3
      vertex 9.47527 -19.9176 3
      vertex 9.76085 -19.9892 3
    endloop
  endfacet
  facet normal -0 0 1
    outer loop
      vertex 9.18405 19.8744 3
      vertex 9.47527 -19.9176 3
      vertex 9.47527 19.9176 3
    endloop
  endfacet
  facet normal 0 0 1
    outer loop
      vertex 9.18405 19.8744 3
      vertex 9.18405 -19.8744 3
      vertex 9.47527 -19.9176 3
    endloop
  endfacet
  facet normal -0 0 1
    outer loop
      vertex 8.89 19.86 3
      vertex 9.18405 -19.8744 3
      vertex 9.18405 19.8744 3
    endloop
  endfacet
  facet normal 0 0 1
    outer loop
      vertex 8.89 19.86 3
      vertex 8.89 -19.86 3
      vertex 9.18405 -19.8744 3
    endloop
  endfacet
  facet normal 0 0 1
    outer loop
      vertex 8.59595 19.8744 3
      vertex 8.89 -19.86 3
      vertex 8.89 19.86 3
    endloop
  endfacet
  facet normal 0 0 1
    outer loop
      vertex 8.59595 19.8744 3
      vertex 8.59595 -19.8744 3
      vertex 8.89 -19.86 3
    endloop
  endfacet
  facet normal 0 0 1
    outer loop
      vertex 8.30473 19.9176 3
      vertex 8.59595 -19.8744 3
      vertex 8.59595 19.8744 3
    endloop
  endfacet
  facet normal 0 0 1
    outer loop
      vertex 8.30473 19.9176 3
      vertex 8.30473 -19.9176 3
      vertex 8.59595 -19.8744 3
    endloop
  endfacet
  facet normal 0 0 1
    outer loop
      vertex 8.01915 19.9892 3
      vertex 8.30473 -19.9176 3
      vertex 8.30473 19.9176 3
    endloop
  endfacet
  facet normal 0 0 1
    outer loop
      vertex 8.01915 19.9892 3
      vertex 8.01915 -19.9892 3
      vertex 8.30473 -19.9176 3
    endloop
  endfacet
  facet normal 0 0 1
    outer loop
      vertex 7.74195 20.0884 3
      vertex 8.01915 -19.9892 3
      vertex 8.01915 19.9892 3
    endloop
  endfacet
  facet normal 0 0 1
    outer loop
      vertex 7.74195 20.0884 3
      vertex 7.74195 -20.0884 3
      vertex 8.01915 -19.9892 3
    endloop
  endfacet
  facet normal 0 0 1
    outer loop
      vertex 7.47581 20.2142 3
      vertex 7.74195 -20.0884 3
      vertex 7.74195 20.0884 3
    endloop
  endfacet
  facet normal 0 0 1
    outer loop
      vertex 7.47581 20.2142 3
      vertex 7.47581 -20.2142 3
      vertex 7.74195 -20.0884 3
    endloop
  endfacet
  facet normal 0 0 1
    outer loop
      vertex 6.24424 21.4458 3
      vertex -6.24424 21.4458 3
      vertex 6.39559 21.1933 3
    endloop
  endfacet
  facet normal 0 0 1
    outer loop
      vertex -6.39559 21.1933 3
      vertex 6.39559 21.1933 3
      vertex -6.24424 21.4458 3
    endloop
  endfacet
  facet normal 0 0 1
    outer loop
      vertex -6.24424 21.4458 3
      vertex 6.24424 21.4458 3
      vertex -6.11836 21.7119 3
    endloop
  endfacet
  facet normal 0 0 1
    outer loop
      vertex 6.39559 21.1933 3
      vertex -6.39559 21.1933 3
      vertex 6.57097 20.9568 3
    endloop
  endfacet
  facet normal 0 0 1
    outer loop
      vertex 6.11836 21.7119 3
      vertex -6.11836 21.7119 3
      vertex 6.24424 21.4458 3
    endloop
  endfacet
  facet normal 0 0 1
    outer loop
      vertex 7.47581 -20.2142 3
      vertex -5.89 -22.86 3
      vertex 7.22329 -20.3656 3
    endloop
  endfacet
  facet normal 0 0 1
    outer loop
      vertex -6.11836 21.7119 3
      vertex 6.11836 21.7119 3
      vertex -6.01918 21.9891 3
    endloop
  endfacet
  facet normal 0 0 1
    outer loop
      vertex 7.22329 -20.3656 3
      vertex -5.89 -22.86 3
      vertex 6.98682 -20.541 3
    endloop
  endfacet
  facet normal 0 0 1
    outer loop
      vertex 6.01918 21.9891 3
      vertex -6.01918 21.9891 3
      vertex 6.11836 21.7119 3
    endloop
  endfacet
  facet normal 0 0 1
    outer loop
      vertex 6.98682 -20.541 3
      vertex -5.89 -22.86 3
      vertex 6.76868 -20.7387 3
    endloop
  endfacet
  facet normal 0 0 1
    outer loop
      vertex -6.01918 21.9891 3
      vertex 6.01918 21.9891 3
      vertex -5.94764 22.2747 3
    endloop
  endfacet
  facet normal 0 0 1
    outer loop
      vertex 6.76868 -20.7387 3
      vertex -5.89 -22.86 3
      vertex 6.57097 -20.9568 3
    endloop
  endfacet
  facet normal 0 0 1
    outer loop
      vertex 5.94764 22.2747 3
      vertex -5.94764 22.2747 3
      vertex 6.01918 21.9891 3
    endloop
  endfacet
  facet normal 0 0 1
    outer loop
      vertex 6.57097 -20.9568 3
      vertex -5.89 -22.86 3
      vertex 6.39559 -21.1933 3
    endloop
  endfacet
  facet normal 0 0 1
    outer loop
      vertex -5.94764 22.2747 3
      vertex 5.94764 22.2747 3
      vertex -5.90445 22.5659 3
    endloop
  endfacet
  facet normal 0 0 1
    outer loop
      vertex 6.39559 -21.1933 3
      vertex -5.89 -22.86 3
      vertex 6.24424 -21.4458 3
    endloop
  endfacet
  facet normal 0 0 1
    outer loop
      vertex 5.90445 22.5659 3
      vertex -5.90445 22.5659 3
      vertex 5.94764 22.2747 3
    endloop
  endfacet
  facet normal 0 0 1
    outer loop
      vertex 6.24424 -21.4458 3
      vertex -5.89 -22.86 3
      vertex 6.11836 -21.7119 3
    endloop
  endfacet
  facet normal 0 0 1
    outer loop
      vertex -5.90445 22.5659 3
      vertex 5.90445 22.5659 3
      vertex -5.89 22.86 3
    endloop
  endfacet
  facet normal 0 0 1
    outer loop
      vertex 6.11836 -21.7119 3
      vertex -5.89 -22.86 3
      vertex 6.01918 -21.9891 3
    endloop
  endfacet
  facet normal -0 0 1
    outer loop
      vertex -5.89 22.86 3
      vertex 5.90445 22.5659 3
      vertex 5.89 22.86 3
    endloop
  endfacet
  facet normal 0 0 1
    outer loop
      vertex 6.01918 -21.9891 3
      vertex -5.89 -22.86 3
      vertex 5.94764 -22.2747 3
    endloop
  endfacet
  facet normal 0 0 1
    outer loop
      vertex 11.0113 24.9813 3
      vertex 15.89 26.86 3
      vertex 15.8755 27.154 3
    endloop
  endfacet
  facet normal 0 0 1
    outer loop
      vertex 11.8756 22.5659 3
      vertex 15.89 26.86 3
      vertex 11.89 22.86 3
    endloop
  endfacet
  facet normal 0 0 1
    outer loop
      vertex 11.0113 24.9813 3
      vertex 15.8755 27.154 3
      vertex 15.8324 27.4453 3
    endloop
  endfacet
  facet normal 0 0 1
    outer loop
      vertex 11.8324 22.2747 3
      vertex 15.89 26.86 3
      vertex 11.8756 22.5659 3
    endloop
  endfacet
  facet normal 0 0 1
    outer loop
      vertex 11.0113 24.9813 3
      vertex 15.8324 27.4453 3
      vertex 15.7608 27.7308 3
    endloop
  endfacet
  facet normal -0 0 1
    outer loop
      vertex 11.8756 -23.1541 3
      vertex 15.89 -26.86 3
      vertex 11.89 -22.86 3
    endloop
  endfacet
  facet normal 0 0 1
    outer loop
      vertex 11.0113 24.9813 3
      vertex 15.7608 27.7308 3
      vertex 15.6616 28.008 3
    endloop
  endfacet
  facet normal -0 0 1
    outer loop
      vertex 11.8324 -23.4453 3
      vertex 15.89 -26.86 3
      vertex 11.8756 -23.1541 3
    endloop
  endfacet
  facet normal 0 0 1
    outer loop
      vertex 11.0113 24.9813 3
      vertex 15.6616 28.008 3
      vertex 15.5358 28.2742 3
    endloop
  endfacet
  facet normal -0 0 1
    outer loop
      vertex 11.7608 -23.7309 3
      vertex 15.89 -26.86 3
      vertex 11.8324 -23.4453 3
    endloop
  endfacet
  facet normal 0 0 1
    outer loop
      vertex 11.0113 24.9813 3
      vertex 15.5358 28.2742 3
      vertex 15.3844 28.5267 3
    endloop
  endfacet
  facet normal -0 0 1
    outer loop
      vertex 11.6616 -24.008 3
      vertex 15.89 -26.86 3
      vertex 11.7608 -23.7309 3
    endloop
  endfacet
  facet normal 0 0 1
    outer loop
      vertex 11.0113 24.9813 3
      vertex 15.3844 28.5267 3
      vertex 15.209 28.7632 3
    endloop
  endfacet
  facet normal -0 0 1
    outer loop
      vertex 11.5358 -24.2742 3
      vertex 15.89 -26.86 3
      vertex 11.6616 -24.008 3
    endloop
  endfacet
  facet normal 0 0 1
    outer loop
      vertex 11.0113 24.9813 3
      vertex 15.209 28.7632 3
      vertex 15.0113 28.9813 3
    endloop
  endfacet
  facet normal -0 0 1
    outer loop
      vertex 11.3844 -24.5267 3
      vertex 15.89 -26.86 3
      vertex 11.5358 -24.2742 3
    endloop
  endfacet
  facet normal 0 0 1
    outer loop
      vertex 11.0113 24.9813 3
      vertex 15.0113 28.9813 3
      vertex 14.7932 29.179 3
    endloop
  endfacet
  facet normal -0 0 1
    outer loop
      vertex 11.209 -24.7632 3
      vertex 15.89 -26.86 3
      vertex 11.3844 -24.5267 3
    endloop
  endfacet
  facet normal 0 0 1
    outer loop
      vertex 11.0113 24.9813 3
      vertex 14.7932 29.179 3
      vertex 14.5567 29.3544 3
    endloop
  endfacet
  facet normal -0 0 1
    outer loop
      vertex 11.0113 -24.9813 3
      vertex 15.89 -26.86 3
      vertex 11.209 -24.7632 3
    endloop
  endfacet
  facet normal 0 0 1
    outer loop
      vertex 11.0113 24.9813 3
      vertex 14.5567 29.3544 3
      vertex 14.3042 29.5058 3
    endloop
  endfacet
  facet normal 0 0 1
    outer loop
      vertex 15.89 -26.86 3
      vertex 11.0113 -24.9813 3
      vertex 15.8755 -27.154 3
    endloop
  endfacet
  facet normal 0 0 1
    outer loop
      vertex 11.0113 24.9813 3
      vertex 14.3042 29.5058 3
      vertex 14.0381 29.6316 3
    endloop
  endfacet
  facet normal 0 0 1
    outer loop
      vertex 15.8755 -27.154 3
      vertex 11.0113 -24.9813 3
      vertex 15.8324 -27.4453 3
    endloop
  endfacet
  facet normal 0 0 1
    outer loop
      vertex 11.0113 24.9813 3
      vertex 14.0381 29.6316 3
      vertex 13.7608 29.7308 3
    endloop
  endfacet
  facet normal 0 0 1
    outer loop
      vertex 15.8324 -27.4453 3
      vertex 11.0113 -24.9813 3
      vertex 15.7608 -27.7308 3
    endloop
  endfacet
  facet normal 0 0 1
    outer loop
      vertex 11.0113 24.9813 3
      vertex 13.7608 29.7308 3
      vertex 13.4753 29.8023 3
    endloop
  endfacet
  facet normal 0 0 1
    outer loop
      vertex 15.7608 -27.7308 3
      vertex 11.0113 -24.9813 3
      vertex 15.6616 -28.008 3
    endloop
  endfacet
  facet normal 0 0 1
    outer loop
      vertex 11.0113 24.9813 3
      vertex 13.4753 29.8023 3
      vertex 13.1841 29.8455 3
    endloop
  endfacet
  facet normal 0 0 1
    outer loop
      vertex 15.6616 -28.008 3
      vertex 11.0113 -24.9813 3
      vertex 15.5358 -28.2742 3
    endloop
  endfacet
  facet normal 0 0 1
    outer loop
      vertex 11.0113 24.9813 3
      vertex 13.1841 29.8455 3
      vertex 12.89 29.86 3
    endloop
  endfacet
  facet normal 0 0 1
    outer loop
      vertex 15.5358 -28.2742 3
      vertex 11.0113 -24.9813 3
      vertex 15.3844 -28.5267 3
    endloop
  endfacet
  facet normal 0 0 1
    outer loop
      vertex 15.3844 -28.5267 3
      vertex 11.0113 -24.9813 3
      vertex 15.209 -28.7632 3
    endloop
  endfacet
  facet normal 0 0 1
    outer loop
      vertex 15.89 26.86 3
      vertex 11.8756 23.1541 3
      vertex 11.89 22.86 3
    endloop
  endfacet
  facet normal 0 0 1
    outer loop
      vertex 15.89 26.86 3
      vertex 11.8324 23.4453 3
      vertex 11.8756 23.1541 3
    endloop
  endfacet
  facet normal 0 0 1
    outer loop
      vertex 15.89 26.86 3
      vertex 11.7608 23.7309 3
      vertex 11.8324 23.4453 3
    endloop
  endfacet
  facet normal 0 0 1
    outer loop
      vertex 15.89 26.86 3
      vertex 11.6616 24.008 3
      vertex 11.7608 23.7309 3
    endloop
  endfacet
  facet normal 0 0 1
    outer loop
      vertex 15.89 26.86 3
      vertex 11.5358 24.2742 3
      vertex 11.6616 24.008 3
    endloop
  endfacet
  facet normal 0 0 1
    outer loop
      vertex 15.89 26.86 3
      vertex 11.3844 24.5267 3
      vertex 11.5358 24.2742 3
    endloop
  endfacet
  facet normal 0 0 1
    outer loop
      vertex 15.89 26.86 3
      vertex 11.209 24.7632 3
      vertex 11.3844 24.5267 3
    endloop
  endfacet
  facet normal 0 0 1
    outer loop
      vertex 15.89 26.86 3
      vertex 11.0113 24.9813 3
      vertex 11.209 24.7632 3
    endloop
  endfacet
  facet normal 0 0 1
    outer loop
      vertex 12.89 29.86 3
      vertex 10.7932 25.179 3
      vertex 11.0113 24.9813 3
    endloop
  endfacet
  facet normal 0 0 1
    outer loop
      vertex 12.89 29.86 3
      vertex 10.5567 25.3544 3
      vertex 10.7932 25.179 3
    endloop
  endfacet
  facet normal 0 0 1
    outer loop
      vertex 12.89 29.86 3
      vertex 10.3042 25.5058 3
      vertex 10.5567 25.3544 3
    endloop
  endfacet
  facet normal 0 0 1
    outer loop
      vertex 12.89 29.86 3
      vertex 10.038 25.6316 3
      vertex 10.3042 25.5058 3
    endloop
  endfacet
  facet normal 0 0 1
    outer loop
      vertex 12.89 29.86 3
      vertex 9.76085 25.7308 3
      vertex 10.038 25.6316 3
    endloop
  endfacet
  facet normal 0 0 1
    outer loop
      vertex 12.89 29.86 3
      vertex 9.47527 25.8024 3
      vertex 9.76085 25.7308 3
    endloop
  endfacet
  facet normal 0 0 1
    outer loop
      vertex 12.89 29.86 3
      vertex 9.18405 25.8456 3
      vertex 9.47527 25.8024 3
    endloop
  endfacet
  facet normal 0 0 1
    outer loop
      vertex 12.89 29.86 3
      vertex 8.89 25.86 3
      vertex 9.18405 25.8456 3
    endloop
  endfacet
  facet normal 0 0 1
    outer loop
      vertex 12.89 29.86 3
      vertex 8.59595 25.8456 3
      vertex 8.89 25.86 3
    endloop
  endfacet
  facet normal 0 0 1
    outer loop
      vertex 12.89 29.86 3
      vertex 8.30473 25.8024 3
      vertex 8.59595 25.8456 3
    endloop
  endfacet
  facet normal 0 0 1
    outer loop
      vertex 12.89 29.86 3
      vertex 8.01915 25.7308 3
      vertex 8.30473 25.8024 3
    endloop
  endfacet
  facet normal 0 0 1
    outer loop
      vertex 12.89 29.86 3
      vertex 7.74195 25.6316 3
      vertex 8.01915 25.7308 3
    endloop
  endfacet
  facet normal 0 0 1
    outer loop
      vertex 12.89 29.86 3
      vertex 7.47581 25.5058 3
      vertex 7.74195 25.6316 3
    endloop
  endfacet
  facet normal 0 0 1
    outer loop
      vertex -7.47581 25.5058 3
      vertex 7.47581 25.5058 3
      vertex 12.89 29.86 3
    endloop
  endfacet
  facet normal 0 0 1
    outer loop
      vertex 7.47581 25.5058 3
      vertex -7.47581 25.5058 3
      vertex 7.22329 25.3544 3
    endloop
  endfacet
  facet normal 0 0 1
    outer loop
      vertex 5.94764 -22.2747 3
      vertex -5.89 -22.86 3
      vertex 5.90445 -22.5659 3
    endloop
  endfacet
  facet normal 0 0 1
    outer loop
      vertex 5.90445 23.1541 3
      vertex -5.89 22.86 3
      vertex 5.89 22.86 3
    endloop
  endfacet
  facet normal 0 0 1
    outer loop
      vertex -5.90445 23.1541 3
      vertex 5.90445 23.1541 3
      vertex 5.94764 23.4453 3
    endloop
  endfacet
  facet normal 0 0 1
    outer loop
      vertex -5.94764 23.4453 3
      vertex 5.94764 23.4453 3
      vertex 6.01918 23.7309 3
    endloop
  endfacet
  facet normal 0 0 1
    outer loop
      vertex -6.01918 23.7309 3
      vertex 6.01918 23.7309 3
      vertex 6.11836 24.008 3
    endloop
  endfacet
  facet normal 0 0 1
    outer loop
      vertex -6.11836 24.008 3
      vertex 6.11836 24.008 3
      vertex 6.24424 24.2742 3
    endloop
  endfacet
  facet normal 0 0 1
    outer loop
      vertex -6.24424 24.2742 3
      vertex 6.24424 24.2742 3
      vertex 6.39559 24.5267 3
    endloop
  endfacet
  facet normal 0 0 1
    outer loop
      vertex -6.39559 24.5267 3
      vertex 6.39559 24.5267 3
      vertex 6.57097 24.7632 3
    endloop
  endfacet
  facet normal 0 0 1
    outer loop
      vertex -6.57097 24.7632 3
      vertex 6.57097 24.7632 3
      vertex 6.76868 24.9813 3
    endloop
  endfacet
  facet normal 0 0 1
    outer loop
      vertex -6.76868 24.9813 3
      vertex 6.76868 24.9813 3
      vertex 6.98682 25.179 3
    endloop
  endfacet
  facet normal 0 -0 1
    outer loop
      vertex -7.22329 25.3544 3
      vertex 7.22329 25.3544 3
      vertex -7.47581 25.5058 3
    endloop
  endfacet
  facet normal 0 0 1
    outer loop
      vertex 5.90445 23.1541 3
      vertex -5.90445 23.1541 3
      vertex -5.89 22.86 3
    endloop
  endfacet
  facet normal 0 0 1
    outer loop
      vertex 5.94764 23.4453 3
      vertex -5.94764 23.4453 3
      vertex -5.90445 23.1541 3
    endloop
  endfacet
  facet normal 0 0 1
    outer loop
      vertex 6.01918 23.7309 3
      vertex -6.01918 23.7309 3
      vertex -5.94764 23.4453 3
    endloop
  endfacet
  facet normal 0 0 1
    outer loop
      vertex 6.11836 24.008 3
      vertex -6.11836 24.008 3
      vertex -6.01918 23.7309 3
    endloop
  endfacet
  facet normal 0 0 1
    outer loop
      vertex 6.24424 24.2742 3
      vertex -6.24424 24.2742 3
      vertex -6.11836 24.008 3
    endloop
  endfacet
  facet normal 0 0 1
    outer loop
      vertex 6.39559 24.5267 3
      vertex -6.39559 24.5267 3
      vertex -6.24424 24.2742 3
    endloop
  endfacet
  facet normal 0 0 1
    outer loop
      vertex 6.57097 24.7632 3
      vertex -6.57097 24.7632 3
      vertex -6.39559 24.5267 3
    endloop
  endfacet
  facet normal 0 0 1
    outer loop
      vertex 6.76868 24.9813 3
      vertex -6.76868 24.9813 3
      vertex -6.57097 24.7632 3
    endloop
  endfacet
  facet normal 0 0 1
    outer loop
      vertex 6.98682 25.179 3
      vertex -6.98682 25.179 3
      vertex -6.76868 24.9813 3
    endloop
  endfacet
  facet normal 0 0 1
    outer loop
      vertex 6.98682 25.179 3
      vertex -7.22329 25.3544 3
      vertex -6.98682 25.179 3
    endloop
  endfacet
  facet normal 0 0 1
    outer loop
      vertex 7.22329 25.3544 3
      vertex -7.22329 25.3544 3
      vertex 6.98682 25.179 3
    endloop
  endfacet
  facet normal -0 0 1
    outer loop
      vertex -12.89 29.86 3
      vertex -7.47581 25.5058 3
      vertex 12.89 29.86 3
    endloop
  endfacet
  facet normal 0 0 1
    outer loop
      vertex -7.47581 25.5058 3
      vertex -12.89 29.86 3
      vertex -7.74195 25.6316 3
    endloop
  endfacet
  facet normal 0 0 1
    outer loop
      vertex -7.74195 25.6316 3
      vertex -12.89 29.86 3
      vertex -8.01915 25.7308 3
    endloop
  endfacet
  facet normal 0 0 1
    outer loop
      vertex -8.01915 25.7308 3
      vertex -12.89 29.86 3
      vertex -8.30473 25.8024 3
    endloop
  endfacet
  facet normal 0 0 1
    outer loop
      vertex -8.30473 25.8024 3
      vertex -12.89 29.86 3
      vertex -8.59595 25.8456 3
    endloop
  endfacet
  facet normal 0 0 1
    outer loop
      vertex -8.59595 25.8456 3
      vertex -12.89 29.86 3
      vertex -8.89 25.86 3
    endloop
  endfacet
  facet normal 0 0 1
    outer loop
      vertex -8.89 25.86 3
      vertex -12.89 29.86 3
      vertex -9.18405 25.8456 3
    endloop
  endfacet
  facet normal 0 0 1
    outer loop
      vertex -11.8756 23.1541 3
      vertex -15.89 26.86 3
      vertex -11.89 22.86 3
    endloop
  endfacet
  facet normal 0 0 1
    outer loop
      vertex -11.8324 23.4453 3
      vertex -15.89 26.86 3
      vertex -11.8756 23.1541 3
    endloop
  endfacet
  facet normal 0 0 1
    outer loop
      vertex -11.7608 23.7309 3
      vertex -15.89 26.86 3
      vertex -11.8324 23.4453 3
    endloop
  endfacet
  facet normal 0 0 1
    outer loop
      vertex -11.6616 24.008 3
      vertex -15.89 26.86 3
      vertex -11.7608 23.7309 3
    endloop
  endfacet
  facet normal 0 0 1
    outer loop
      vertex -11.5358 24.2742 3
      vertex -15.89 26.86 3
      vertex -11.6616 24.008 3
    endloop
  endfacet
  facet normal 0 0 1
    outer loop
      vertex -11.3844 24.5267 3
      vertex -15.89 26.86 3
      vertex -11.5358 24.2742 3
    endloop
  endfacet
  facet normal 0 0 1
    outer loop
      vertex -11.209 24.7632 3
      vertex -15.89 26.86 3
      vertex -11.3844 24.5267 3
    endloop
  endfacet
  facet normal 0 0 1
    outer loop
      vertex -11.0113 24.9813 3
      vertex -15.89 26.86 3
      vertex -11.209 24.7632 3
    endloop
  endfacet
  facet normal -0 0 1
    outer loop
      vertex -15.89 26.86 3
      vertex -11.0113 24.9813 3
      vertex -12.89 29.86 3
    endloop
  endfacet
  facet normal 0 0 1
    outer loop
      vertex -10.7932 25.179 3
      vertex -12.89 29.86 3
      vertex -11.0113 24.9813 3
    endloop
  endfacet
  facet normal 0 0 1
    outer loop
      vertex -10.5567 25.3544 3
      vertex -12.89 29.86 3
      vertex -10.7932 25.179 3
    endloop
  endfacet
  facet normal 0 0 1
    outer loop
      vertex -10.3042 25.5058 3
      vertex -12.89 29.86 3
      vertex -10.5567 25.3544 3
    endloop
  endfacet
  facet normal 0 0 1
    outer loop
      vertex -10.038 25.6316 3
      vertex -12.89 29.86 3
      vertex -10.3042 25.5058 3
    endloop
  endfacet
  facet normal 0 0 1
    outer loop
      vertex -9.76085 25.7308 3
      vertex -12.89 29.86 3
      vertex -10.038 25.6316 3
    endloop
  endfacet
  facet normal 0 0 1
    outer loop
      vertex -9.47527 25.8024 3
      vertex -12.89 29.86 3
      vertex -9.76085 25.7308 3
    endloop
  endfacet
  facet normal 0 0 1
    outer loop
      vertex -9.18405 25.8456 3
      vertex -12.89 29.86 3
      vertex -9.47527 25.8024 3
    endloop
  endfacet
  facet normal 0 0 1
    outer loop
      vertex 15.209 -28.7632 3
      vertex 11.0113 -24.9813 3
      vertex 15.0113 -28.9813 3
    endloop
  endfacet
  facet normal 0 0 1
    outer loop
      vertex 15.0113 -28.9813 3
      vertex 11.0113 -24.9813 3
      vertex 14.7932 -29.179 3
    endloop
  endfacet
  facet normal 0 0 1
    outer loop
      vertex 14.7932 -29.179 3
      vertex 11.0113 -24.9813 3
      vertex 14.5567 -29.3544 3
    endloop
  endfacet
  facet normal 0 0 1
    outer loop
      vertex 14.5567 -29.3544 3
      vertex 11.0113 -24.9813 3
      vertex 14.3042 -29.5058 3
    endloop
  endfacet
  facet normal 0 0 1
    outer loop
      vertex 14.3042 -29.5058 3
      vertex 11.0113 -24.9813 3
      vertex 14.0381 -29.6316 3
    endloop
  endfacet
  facet normal 0 0 1
    outer loop
      vertex 14.0381 -29.6316 3
      vertex 11.0113 -24.9813 3
      vertex 13.7608 -29.7308 3
    endloop
  endfacet
  facet normal 0 0 1
    outer loop
      vertex 13.7608 -29.7308 3
      vertex 11.0113 -24.9813 3
      vertex 13.4753 -29.8023 3
    endloop
  endfacet
  facet normal 0 0 1
    outer loop
      vertex 13.4753 -29.8023 3
      vertex 11.0113 -24.9813 3
      vertex 13.1841 -29.8455 3
    endloop
  endfacet
  facet normal 0 0 1
    outer loop
      vertex 13.1841 -29.8455 3
      vertex 11.0113 -24.9813 3
      vertex 12.89 -29.86 3
    endloop
  endfacet
  facet normal -0 0 1
    outer loop
      vertex 10.7932 -25.179 3
      vertex 12.89 -29.86 3
      vertex 11.0113 -24.9813 3
    endloop
  endfacet
  facet normal -0 0 1
    outer loop
      vertex 10.5567 -25.3544 3
      vertex 12.89 -29.86 3
      vertex 10.7932 -25.179 3
    endloop
  endfacet
  facet normal -0 0 1
    outer loop
      vertex 10.3042 -25.5058 3
      vertex 12.89 -29.86 3
      vertex 10.5567 -25.3544 3
    endloop
  endfacet
  facet normal -0 0 1
    outer loop
      vertex 10.038 -25.6316 3
      vertex 12.89 -29.86 3
      vertex 10.3042 -25.5058 3
    endloop
  endfacet
  facet normal -0 0 1
    outer loop
      vertex 9.76085 -25.7308 3
      vertex 12.89 -29.86 3
      vertex 10.038 -25.6316 3
    endloop
  endfacet
  facet normal -0 0 1
    outer loop
      vertex 9.47527 -25.8024 3
      vertex 12.89 -29.86 3
      vertex 9.76085 -25.7308 3
    endloop
  endfacet
  facet normal -0 0 1
    outer loop
      vertex 9.18405 -25.8456 3
      vertex 12.89 -29.86 3
      vertex 9.47527 -25.8024 3
    endloop
  endfacet
  facet normal -0 0 1
    outer loop
      vertex 8.89 -25.86 3
      vertex 12.89 -29.86 3
      vertex 9.18405 -25.8456 3
    endloop
  endfacet
  facet normal 0 0 1
    outer loop
      vertex 8.59595 -25.8456 3
      vertex 12.89 -29.86 3
      vertex 8.89 -25.86 3
    endloop
  endfacet
  facet normal 0 0 1
    outer loop
      vertex 8.30473 -25.8024 3
      vertex 12.89 -29.86 3
      vertex 8.59595 -25.8456 3
    endloop
  endfacet
  facet normal 0 0 1
    outer loop
      vertex 8.01915 -25.7308 3
      vertex 12.89 -29.86 3
      vertex 8.30473 -25.8024 3
    endloop
  endfacet
  facet normal 0 0 1
    outer loop
      vertex 7.74195 -25.6316 3
      vertex 12.89 -29.86 3
      vertex 8.01915 -25.7308 3
    endloop
  endfacet
  facet normal 0 0 1
    outer loop
      vertex 7.47581 -25.5058 3
      vertex 12.89 -29.86 3
      vertex 7.74195 -25.6316 3
    endloop
  endfacet
  facet normal 0 0 1
    outer loop
      vertex -7.47581 -25.5058 3
      vertex 7.47581 -25.5058 3
      vertex 7.22329 -25.3544 3
    endloop
  endfacet
  facet normal 0 0 1
    outer loop
      vertex -7.22329 -25.3544 3
      vertex 7.22329 -25.3544 3
      vertex 6.98682 -25.179 3
    endloop
  endfacet
  facet normal 0 0 1
    outer loop
      vertex 5.90445 -22.5659 3
      vertex -5.89 -22.86 3
      vertex 5.89 -22.86 3
    endloop
  endfacet
  facet normal 0 0 1
    outer loop
      vertex 5.89 -22.86 3
      vertex -5.89 -22.86 3
      vertex 5.90445 -23.1541 3
    endloop
  endfacet
  facet normal 0 0 1
    outer loop
      vertex -5.90445 -23.1541 3
      vertex 5.90445 -23.1541 3
      vertex -5.89 -22.86 3
    endloop
  endfacet
  facet normal 0 0 1
    outer loop
      vertex 5.90445 -23.1541 3
      vertex -5.90445 -23.1541 3
      vertex 5.94764 -23.4453 3
    endloop
  endfacet
  facet normal 0 0 1
    outer loop
      vertex -5.94764 -23.4453 3
      vertex 5.94764 -23.4453 3
      vertex -5.90445 -23.1541 3
    endloop
  endfacet
  facet normal 0 0 1
    outer loop
      vertex 5.94764 -23.4453 3
      vertex -5.94764 -23.4453 3
      vertex 6.01918 -23.7309 3
    endloop
  endfacet
  facet normal 0 0 1
    outer loop
      vertex -6.01918 -23.7309 3
      vertex 6.01918 -23.7309 3
      vertex -5.94764 -23.4453 3
    endloop
  endfacet
  facet normal 0 0 1
    outer loop
      vertex 6.01918 -23.7309 3
      vertex -6.01918 -23.7309 3
      vertex 6.11836 -24.008 3
    endloop
  endfacet
  facet normal 0 0 1
    outer loop
      vertex -6.11836 -24.008 3
      vertex 6.11836 -24.008 3
      vertex -6.01918 -23.7309 3
    endloop
  endfacet
  facet normal 0 0 1
    outer loop
      vertex 6.11836 -24.008 3
      vertex -6.11836 -24.008 3
      vertex 6.24424 -24.2742 3
    endloop
  endfacet
  facet normal 0 0 1
    outer loop
      vertex -6.24424 -24.2742 3
      vertex 6.24424 -24.2742 3
      vertex -6.11836 -24.008 3
    endloop
  endfacet
  facet normal 0 0 1
    outer loop
      vertex 6.24424 -24.2742 3
      vertex -6.24424 -24.2742 3
      vertex 6.39559 -24.5267 3
    endloop
  endfacet
  facet normal 0 0 1
    outer loop
      vertex -6.39559 -24.5267 3
      vertex 6.39559 -24.5267 3
      vertex -6.24424 -24.2742 3
    endloop
  endfacet
  facet normal 0 0 1
    outer loop
      vertex 6.39559 -24.5267 3
      vertex -6.39559 -24.5267 3
      vertex 6.57097 -24.7632 3
    endloop
  endfacet
  facet normal 0 0 1
    outer loop
      vertex -6.57097 -24.7632 3
      vertex 6.57097 -24.7632 3
      vertex -6.39559 -24.5267 3
    endloop
  endfacet
  facet normal 0 0 1
    outer loop
      vertex 6.57097 -24.7632 3
      vertex -6.57097 -24.7632 3
      vertex 6.76868 -24.9813 3
    endloop
  endfacet
  facet normal 0 0 1
    outer loop
      vertex -6.76868 -24.9813 3
      vertex 6.76868 -24.9813 3
      vertex -6.57097 -24.7632 3
    endloop
  endfacet
  facet normal 0 0 1
    outer loop
      vertex 6.76868 -24.9813 3
      vertex -6.76868 -24.9813 3
      vertex 6.98682 -25.179 3
    endloop
  endfacet
  facet normal 0 0 1
    outer loop
      vertex -6.98682 -25.179 3
      vertex 6.98682 -25.179 3
      vertex -6.76868 -24.9813 3
    endloop
  endfacet
  facet normal 0 0 1
    outer loop
      vertex -7.22329 -25.3544 3
      vertex 6.98682 -25.179 3
      vertex -6.98682 -25.179 3
    endloop
  endfacet
  facet normal 0 0 1
    outer loop
      vertex 7.22329 -25.3544 3
      vertex -7.22329 -25.3544 3
      vertex -7.47581 -25.5058 3
    endloop
  endfacet
  facet normal 0 0 1
    outer loop
      vertex 7.47581 -25.5058 3
      vertex -7.47581 -25.5058 3
      vertex 12.89 -29.86 3
    endloop
  endfacet
  facet normal 0 0 1
    outer loop
      vertex -12.89 -29.86 3
      vertex -7.47581 -25.5058 3
      vertex -7.74195 -25.6316 3
    endloop
  endfacet
  facet normal 0 0 1
    outer loop
      vertex -12.89 -29.86 3
      vertex -7.74195 -25.6316 3
      vertex -8.01915 -25.7308 3
    endloop
  endfacet
  facet normal 0 0 1
    outer loop
      vertex -12.89 -29.86 3
      vertex -8.01915 -25.7308 3
      vertex -8.30473 -25.8024 3
    endloop
  endfacet
  facet normal 0 0 1
    outer loop
      vertex -12.89 -29.86 3
      vertex -8.30473 -25.8024 3
      vertex -8.59595 -25.8456 3
    endloop
  endfacet
  facet normal 0 0 1
    outer loop
      vertex -12.89 -29.86 3
      vertex -8.59595 -25.8456 3
      vertex -8.89 -25.86 3
    endloop
  endfacet
  facet normal 0 0 1
    outer loop
      vertex -12.89 -29.86 3
      vertex -8.89 -25.86 3
      vertex -9.18405 -25.8456 3
    endloop
  endfacet
  facet normal 0 0 1
    outer loop
      vertex -12.89 -29.86 3
      vertex -9.18405 -25.8456 3
      vertex -9.47527 -25.8024 3
    endloop
  endfacet
  facet normal 0 0 1
    outer loop
      vertex -7.47581 -25.5058 3
      vertex -12.89 -29.86 3
      vertex 12.89 -29.86 3
    endloop
  endfacet
  facet normal 0 0 1
    outer loop
      vertex -9.76085 -25.7308 3
      vertex -12.89 -29.86 3
      vertex -9.47527 -25.8024 3
    endloop
  endfacet
  facet normal 0 0 1
    outer loop
      vertex -10.038 -25.6316 3
      vertex -12.89 -29.86 3
      vertex -9.76085 -25.7308 3
    endloop
  endfacet
  facet normal 0 0 1
    outer loop
      vertex -10.3042 -25.5058 3
      vertex -12.89 -29.86 3
      vertex -10.038 -25.6316 3
    endloop
  endfacet
  facet normal 0 0 1
    outer loop
      vertex -10.5567 -25.3544 3
      vertex -12.89 -29.86 3
      vertex -10.3042 -25.5058 3
    endloop
  endfacet
  facet normal 0 0 1
    outer loop
      vertex -10.7932 -25.179 3
      vertex -12.89 -29.86 3
      vertex -10.5567 -25.3544 3
    endloop
  endfacet
  facet normal 0 0 1
    outer loop
      vertex -11.0113 -24.9813 3
      vertex -12.89 -29.86 3
      vertex -10.7932 -25.179 3
    endloop
  endfacet
  facet normal 0 0 1
    outer loop
      vertex -15.89 -26.86 3
      vertex -11.0113 -24.9813 3
      vertex -11.209 -24.7632 3
    endloop
  endfacet
  facet normal 0 0 1
    outer loop
      vertex -15.89 -26.86 3
      vertex -11.209 -24.7632 3
      vertex -11.3844 -24.5267 3
    endloop
  endfacet
  facet normal 0 0 1
    outer loop
      vertex -15.89 -26.86 3
      vertex -11.3844 -24.5267 3
      vertex -11.5358 -24.2742 3
    endloop
  endfacet
  facet normal 0 0 1
    outer loop
      vertex -15.89 -26.86 3
      vertex -11.5358 -24.2742 3
      vertex -11.6616 -24.008 3
    endloop
  endfacet
  facet normal 0 0 1
    outer loop
      vertex -15.89 -26.86 3
      vertex -11.6616 -24.008 3
      vertex -11.7608 -23.7309 3
    endloop
  endfacet
  facet normal 0 0 1
    outer loop
      vertex -15.89 -26.86 3
      vertex -11.7608 -23.7309 3
      vertex -11.8324 -23.4453 3
    endloop
  endfacet
  facet normal 0 0 1
    outer loop
      vertex -15.89 -26.86 3
      vertex -11.8324 -23.4453 3
      vertex -11.8756 -23.1541 3
    endloop
  endfacet
  facet normal 0 0 1
    outer loop
      vertex -15.89 -26.86 3
      vertex -11.8756 -23.1541 3
      vertex -11.89 -22.86 3
    endloop
  endfacet
  facet normal 0 0 1
    outer loop
      vertex -11.8324 -22.2747 3
      vertex -15.89 -26.86 3
      vertex -11.8756 -22.5659 3
    endloop
  endfacet
  facet normal 0 0 1
    outer loop
      vertex -15.89 26.86 3
      vertex -12.89 29.86 3
      vertex -13.1841 29.8455 3
    endloop
  endfacet
  facet normal 0 0 1
    outer loop
      vertex -11.8756 -22.5659 3
      vertex -15.89 -26.86 3
      vertex -11.89 -22.86 3
    endloop
  endfacet
  facet normal 0 0 1
    outer loop
      vertex -15.89 26.86 3
      vertex -13.1841 29.8455 3
      vertex -13.4753 29.8023 3
    endloop
  endfacet
  facet normal 0 0 1
    outer loop
      vertex -11.0113 -24.9813 3
      vertex -15.89 -26.86 3
      vertex -15.7608 -27.7308 3
    endloop
  endfacet
  facet normal 0 0 1
    outer loop
      vertex -15.89 26.86 3
      vertex -13.4753 29.8023 3
      vertex -13.7608 29.7308 3
    endloop
  endfacet
  facet normal 0 0 1
    outer loop
      vertex -11.0113 -24.9813 3
      vertex -13.1841 -29.8455 3
      vertex -12.89 -29.86 3
    endloop
  endfacet
  facet normal 0 0 1
    outer loop
      vertex -15.89 26.86 3
      vertex -13.7608 29.7308 3
      vertex -14.0381 29.6316 3
    endloop
  endfacet
  facet normal 0 0 1
    outer loop
      vertex -11.0113 -24.9813 3
      vertex -13.4753 -29.8023 3
      vertex -13.1841 -29.8455 3
    endloop
  endfacet
  facet normal 0 0 1
    outer loop
      vertex -15.89 26.86 3
      vertex -14.0381 29.6316 3
      vertex -14.3042 29.5058 3
    endloop
  endfacet
  facet normal 0 0 1
    outer loop
      vertex -11.0113 -24.9813 3
      vertex -13.7608 -29.7308 3
      vertex -13.4753 -29.8023 3
    endloop
  endfacet
  facet normal 0 0 1
    outer loop
      vertex -15.89 26.86 3
      vertex -14.3042 29.5058 3
      vertex -14.5567 29.3544 3
    endloop
  endfacet
  facet normal 0 0 1
    outer loop
      vertex -11.0113 -24.9813 3
      vertex -14.0381 -29.6316 3
      vertex -13.7608 -29.7308 3
    endloop
  endfacet
  facet normal 0 0 1
    outer loop
      vertex -15.89 26.86 3
      vertex -14.5567 29.3544 3
      vertex -14.7932 29.179 3
    endloop
  endfacet
  facet normal 0 0 1
    outer loop
      vertex -11.0113 -24.9813 3
      vertex -14.3042 -29.5058 3
      vertex -14.0381 -29.6316 3
    endloop
  endfacet
  facet normal 0 0 1
    outer loop
      vertex -15.89 26.86 3
      vertex -14.7932 29.179 3
      vertex -15.0113 28.9813 3
    endloop
  endfacet
  facet normal 0 0 1
    outer loop
      vertex -11.0113 -24.9813 3
      vertex -14.5567 -29.3544 3
      vertex -14.3042 -29.5058 3
    endloop
  endfacet
  facet normal 0 0 1
    outer loop
      vertex -15.89 26.86 3
      vertex -15.0113 28.9813 3
      vertex -15.209 28.7632 3
    endloop
  endfacet
  facet normal 0 0 1
    outer loop
      vertex -11.0113 -24.9813 3
      vertex -14.7932 -29.179 3
      vertex -14.5567 -29.3544 3
    endloop
  endfacet
  facet normal 0 0 1
    outer loop
      vertex -15.89 26.86 3
      vertex -15.209 28.7632 3
      vertex -15.3844 28.5267 3
    endloop
  endfacet
  facet normal 0 0 1
    outer loop
      vertex -11.0113 -24.9813 3
      vertex -15.0113 -28.9813 3
      vertex -14.7932 -29.179 3
    endloop
  endfacet
  facet normal 0 0 1
    outer loop
      vertex -15.89 26.86 3
      vertex -15.3844 28.5267 3
      vertex -15.5358 28.2742 3
    endloop
  endfacet
  facet normal 0 0 1
    outer loop
      vertex -11.0113 -24.9813 3
      vertex -15.209 -28.7632 3
      vertex -15.0113 -28.9813 3
    endloop
  endfacet
  facet normal 0 0 1
    outer loop
      vertex -15.89 26.86 3
      vertex -15.5358 28.2742 3
      vertex -15.6616 28.008 3
    endloop
  endfacet
  facet normal 0 0 1
    outer loop
      vertex -11.0113 -24.9813 3
      vertex -15.3844 -28.5267 3
      vertex -15.209 -28.7632 3
    endloop
  endfacet
  facet normal 0 0 1
    outer loop
      vertex -15.89 26.86 3
      vertex -15.6616 28.008 3
      vertex -15.7608 27.7308 3
    endloop
  endfacet
  facet normal 0 0 1
    outer loop
      vertex -11.0113 -24.9813 3
      vertex -15.5358 -28.2742 3
      vertex -15.3844 -28.5267 3
    endloop
  endfacet
  facet normal 0 0 1
    outer loop
      vertex -15.89 26.86 3
      vertex -15.7608 27.7308 3
      vertex -15.8324 27.4453 3
    endloop
  endfacet
  facet normal 0 0 1
    outer loop
      vertex -11.0113 -24.9813 3
      vertex -15.6616 -28.008 3
      vertex -15.5358 -28.2742 3
    endloop
  endfacet
  facet normal 0 0 1
    outer loop
      vertex -15.89 26.86 3
      vertex -15.8324 27.4453 3
      vertex -15.8755 27.154 3
    endloop
  endfacet
  facet normal 0 0 1
    outer loop
      vertex -11.0113 -24.9813 3
      vertex -15.7608 -27.7308 3
      vertex -15.6616 -28.008 3
    endloop
  endfacet
  facet normal 0 0 1
    outer loop
      vertex -15.7608 -27.7308 3
      vertex -15.89 -26.86 3
      vertex -15.8324 -27.4453 3
    endloop
  endfacet
  facet normal 0 0 1
    outer loop
      vertex -15.8324 -27.4453 3
      vertex -15.89 -26.86 3
      vertex -15.8755 -27.154 3
    endloop
  endfacet
  facet normal 0.803241 0.595655 0
    outer loop
      vertex -6.39559 -21.1933 7
      vertex -6.57097 -20.9568 3
      vertex -6.57097 -20.9568 7
    endloop
  endfacet
  facet normal 0.803241 0.595655 0
    outer loop
      vertex -6.57097 -20.9568 3
      vertex -6.39559 -21.1933 7
      vertex -6.39559 -21.1933 3
    endloop
  endfacet
  facet normal 0.514216 0.857661 -0
    outer loop
      vertex -7.22329 -20.3656 3
      vertex -7.47581 -20.2142 7
      vertex -7.22329 -20.3656 7
    endloop
  endfacet
  facet normal 0.514216 0.857661 0
    outer loop
      vertex -7.47581 -20.2142 7
      vertex -7.22329 -20.3656 3
      vertex -7.47581 -20.2142 3
    endloop
  endfacet
  facet normal -0.989174 0.146746 0
    outer loop
      vertex -11.8756 -22.5659 3
      vertex -11.8324 -22.2747 7
      vertex -11.8324 -22.2747 3
    endloop
  endfacet
  facet normal -0.989174 0.146746 0
    outer loop
      vertex -11.8324 -22.2747 7
      vertex -11.8756 -22.5659 3
      vertex -11.8756 -22.5659 7
    endloop
  endfacet
  facet normal -0.740908 -0.671607 0
    outer loop
      vertex -11.0113 -24.9813 3
      vertex -11.209 -24.7632 7
      vertex -11.209 -24.7632 3
    endloop
  endfacet
  facet normal -0.740908 -0.671607 0
    outer loop
      vertex -11.209 -24.7632 7
      vertex -11.0113 -24.9813 3
      vertex -11.0113 -24.9813 7
    endloop
  endfacet
  facet normal 0.740891 0.671625 0
    outer loop
      vertex -6.57097 -20.9568 7
      vertex -6.76868 -20.7387 3
      vertex -6.76868 -20.7387 7
    endloop
  endfacet
  facet normal 0.740891 0.671625 0
    outer loop
      vertex -6.76868 -20.7387 3
      vertex -6.57097 -20.9568 7
      vertex -6.57097 -20.9568 3
    endloop
  endfacet
  facet normal -0.243191 0.969978 0
    outer loop
      vertex -9.47527 -19.9176 3
      vertex -9.76085 -19.9892 7
      vertex -9.47527 -19.9176 7
    endloop
  endfacet
  facet normal -0.243191 0.969978 0
    outer loop
      vertex -9.76085 -19.9892 7
      vertex -9.47527 -19.9176 3
      vertex -9.76085 -19.9892 3
    endloop
  endfacet
  facet normal 0.595747 -0.803172 0
    outer loop
      vertex -7.22329 -25.3544 3
      vertex -6.98682 -25.179 7
      vertex -7.22329 -25.3544 7
    endloop
  endfacet
  facet normal 0.595747 -0.803172 0
    outer loop
      vertex -6.98682 -25.179 7
      vertex -7.22329 -25.3544 3
      vertex -6.98682 -25.179 3
    endloop
  endfacet
  facet normal 0.243191 0.969978 -0
    outer loop
      vertex -8.01915 -19.9892 3
      vertex -8.30473 -19.9176 7
      vertex -8.01915 -19.9892 7
    endloop
  endfacet
  facet normal 0.243191 0.969978 0
    outer loop
      vertex -8.30473 -19.9176 7
      vertex -8.01915 -19.9892 3
      vertex -8.30473 -19.9176 3
    endloop
  endfacet
  facet normal -0.336993 0.941507 0
    outer loop
      vertex -9.76085 -19.9892 3
      vertex -10.038 -20.0884 7
      vertex -9.76085 -19.9892 7
    endloop
  endfacet
  facet normal -0.336993 0.941507 0
    outer loop
      vertex -10.038 -20.0884 7
      vertex -9.76085 -19.9892 3
      vertex -10.038 -20.0884 3
    endloop
  endfacet
  facet normal -0.0489126 -0.998803 0
    outer loop
      vertex -9.18405 -25.8456 3
      vertex -8.89 -25.86 7
      vertex -9.18405 -25.8456 7
    endloop
  endfacet
  facet normal -0.0489126 -0.998803 -0
    outer loop
      vertex -8.89 -25.86 7
      vertex -9.18405 -25.8456 3
      vertex -8.89 -25.86 3
    endloop
  endfacet
  facet normal 0.90402 -0.427491 0
    outer loop
      vertex -6.24424 -24.2742 7
      vertex -6.11836 -24.008 3
      vertex -6.11836 -24.008 7
    endloop
  endfacet
  facet normal 0.90402 -0.427491 0
    outer loop
      vertex -6.11836 -24.008 3
      vertex -6.24424 -24.2742 7
      vertex -6.24424 -24.2742 3
    endloop
  endfacet
  facet normal -0.0489126 0.998803 0
    outer loop
      vertex -8.89 -19.86 3
      vertex -9.18405 -19.8744 7
      vertex -8.89 -19.86 7
    endloop
  endfacet
  facet normal -0.0489126 0.998803 0
    outer loop
      vertex -9.18405 -19.8744 7
      vertex -8.89 -19.86 3
      vertex -9.18405 -19.8744 3
    endloop
  endfacet
  facet normal 0.989179 -0.146712 0
    outer loop
      vertex -5.94764 -23.4453 7
      vertex -5.90445 -23.1541 3
      vertex -5.90445 -23.1541 7
    endloop
  endfacet
  facet normal 0.989179 -0.146712 0
    outer loop
      vertex -5.90445 -23.1541 3
      vertex -5.94764 -23.4453 7
      vertex -5.94764 -23.4453 3
    endloop
  endfacet
  facet normal -0.989174 -0.146746 0
    outer loop
      vertex -11.8324 -23.4453 3
      vertex -11.8756 -23.1541 7
      vertex -11.8756 -23.1541 3
    endloop
  endfacet
  facet normal -0.989174 -0.146746 0
    outer loop
      vertex -11.8756 -23.1541 7
      vertex -11.8324 -23.4453 3
      vertex -11.8324 -23.4453 7
    endloop
  endfacet
  facet normal 0.857718 -0.514121 0
    outer loop
      vertex -6.39559 -24.5267 7
      vertex -6.24424 -24.2742 3
      vertex -6.24424 -24.2742 7
    endloop
  endfacet
  facet normal 0.857718 -0.514121 0
    outer loop
      vertex -6.24424 -24.2742 3
      vertex -6.39559 -24.5267 7
      vertex -6.39559 -24.5267 3
    endloop
  endfacet
  facet normal 0 0 1
    outer loop
      vertex -7.84 -22.86 7
      vertex -5.89 -22.86 7
      vertex -5.90445 -22.5659 7
    endloop
  endfacet
  facet normal 0 0 1
    outer loop
      vertex -7.84506 -22.7571 7
      vertex -5.90445 -22.5659 7
      vertex -5.94764 -22.2747 7
    endloop
  endfacet
  facet normal 0 0 1
    outer loop
      vertex -5.89 -22.86 7
      vertex -7.84 -22.86 7
      vertex -5.90445 -23.1541 7
    endloop
  endfacet
  facet normal 0 0 1
    outer loop
      vertex -7.86018 -22.6552 7
      vertex -5.94764 -22.2747 7
      vertex -6.01918 -21.9891 7
    endloop
  endfacet
  facet normal -0 0 1
    outer loop
      vertex -7.84506 -22.9629 7
      vertex -5.90445 -23.1541 7
      vertex -7.84 -22.86 7
    endloop
  endfacet
  facet normal 0 0 1
    outer loop
      vertex -7.88521 -22.5552 7
      vertex -6.01918 -21.9891 7
      vertex -6.11836 -21.7119 7
    endloop
  endfacet
  facet normal 0 0 1
    outer loop
      vertex -5.90445 -23.1541 7
      vertex -7.84506 -22.9629 7
      vertex -5.94764 -23.4453 7
    endloop
  endfacet
  facet normal 0 0 1
    outer loop
      vertex -7.91993 -22.4582 7
      vertex -6.11836 -21.7119 7
      vertex -6.24424 -21.4458 7
    endloop
  endfacet
  facet normal -0 0 1
    outer loop
      vertex -7.86018 -23.0648 7
      vertex -5.94764 -23.4453 7
      vertex -7.84506 -22.9629 7
    endloop
  endfacet
  facet normal 0 0 1
    outer loop
      vertex -7.96398 -22.365 7
      vertex -6.24424 -21.4458 7
      vertex -6.39559 -21.1933 7
    endloop
  endfacet
  facet normal 0 0 1
    outer loop
      vertex -5.94764 -23.4453 7
      vertex -7.86018 -23.0648 7
      vertex -6.01918 -23.7309 7
    endloop
  endfacet
  facet normal 0 0 1
    outer loop
      vertex -8.01696 -22.2766 7
      vertex -6.39559 -21.1933 7
      vertex -6.57097 -20.9568 7
    endloop
  endfacet
  facet normal -0 0 1
    outer loop
      vertex -7.88521 -23.1648 7
      vertex -6.01918 -23.7309 7
      vertex -7.86018 -23.0648 7
    endloop
  endfacet
  facet normal 0 0 1
    outer loop
      vertex -8.07834 -22.1939 7
      vertex -6.57097 -20.9568 7
      vertex -6.76868 -20.7387 7
    endloop
  endfacet
  facet normal 0 0 1
    outer loop
      vertex -6.01918 -23.7309 7
      vertex -7.88521 -23.1648 7
      vertex -6.11836 -24.008 7
    endloop
  endfacet
  facet normal 0 0 1
    outer loop
      vertex -8.14754 -22.1175 7
      vertex -6.76868 -20.7387 7
      vertex -6.98682 -20.541 7
    endloop
  endfacet
  facet normal -0 0 1
    outer loop
      vertex -7.91993 -23.2618 7
      vertex -6.11836 -24.008 7
      vertex -7.88521 -23.1648 7
    endloop
  endfacet
  facet normal 0 0 1
    outer loop
      vertex -8.22389 -22.0483 7
      vertex -6.98682 -20.541 7
      vertex -7.22329 -20.3656 7
    endloop
  endfacet
  facet normal 0 0 1
    outer loop
      vertex -6.11836 -24.008 7
      vertex -7.91993 -23.2618 7
      vertex -6.24424 -24.2742 7
    endloop
  endfacet
  facet normal 0 0 1
    outer loop
      vertex -8.30665 -21.987 7
      vertex -7.22329 -20.3656 7
      vertex -7.47581 -20.2142 7
    endloop
  endfacet
  facet normal -0 0 1
    outer loop
      vertex -7.96398 -23.355 7
      vertex -6.24424 -24.2742 7
      vertex -7.91993 -23.2618 7
    endloop
  endfacet
  facet normal 0 0 1
    outer loop
      vertex -8.39503 -21.934 7
      vertex -7.47581 -20.2142 7
      vertex -7.74195 -20.0884 7
    endloop
  endfacet
  facet normal 0 0 1
    outer loop
      vertex -6.24424 -24.2742 7
      vertex -7.96398 -23.355 7
      vertex -6.39559 -24.5267 7
    endloop
  endfacet
  facet normal -0 0 1
    outer loop
      vertex -8.01696 -23.4433 7
      vertex -6.39559 -24.5267 7
      vertex -7.96398 -23.355 7
    endloop
  endfacet
  facet normal 0 0 1
    outer loop
      vertex -5.90445 -22.5659 7
      vertex -7.84506 -22.7571 7
      vertex -7.84 -22.86 7
    endloop
  endfacet
  facet normal 0 0 1
    outer loop
      vertex -5.94764 -22.2747 7
      vertex -7.86018 -22.6552 7
      vertex -7.84506 -22.7571 7
    endloop
  endfacet
  facet normal 0 0 1
    outer loop
      vertex -6.01918 -21.9891 7
      vertex -7.88521 -22.5552 7
      vertex -7.86018 -22.6552 7
    endloop
  endfacet
  facet normal 0 0 1
    outer loop
      vertex -6.11836 -21.7119 7
      vertex -7.91993 -22.4582 7
      vertex -7.88521 -22.5552 7
    endloop
  endfacet
  facet normal 0 0 1
    outer loop
      vertex -6.24424 -21.4458 7
      vertex -7.96398 -22.365 7
      vertex -7.91993 -22.4582 7
    endloop
  endfacet
  facet normal 0 0 1
    outer loop
      vertex -6.39559 -21.1933 7
      vertex -8.01696 -22.2766 7
      vertex -7.96398 -22.365 7
    endloop
  endfacet
  facet normal 0 0 1
    outer loop
      vertex -8.48818 -21.8899 7
      vertex -7.74195 -20.0884 7
      vertex -8.01915 -19.9892 7
    endloop
  endfacet
  facet normal 0 0 1
    outer loop
      vertex -6.57097 -20.9568 7
      vertex -8.07834 -22.1939 7
      vertex -8.01696 -22.2766 7
    endloop
  endfacet
  facet normal 0 0 1
    outer loop
      vertex -6.76868 -20.7387 7
      vertex -8.14754 -22.1175 7
      vertex -8.07834 -22.1939 7
    endloop
  endfacet
  facet normal 0 0 1
    outer loop
      vertex -6.98682 -20.541 7
      vertex -8.22389 -22.0483 7
      vertex -8.14754 -22.1175 7
    endloop
  endfacet
  facet normal 0 0 1
    outer loop
      vertex -8.5852 -21.8552 7
      vertex -8.01915 -19.9892 7
      vertex -8.30473 -19.9176 7
    endloop
  endfacet
  facet normal 0 0 1
    outer loop
      vertex -7.22329 -20.3656 7
      vertex -8.30665 -21.987 7
      vertex -8.22389 -22.0483 7
    endloop
  endfacet
  facet normal 0 0 1
    outer loop
      vertex -7.47581 -20.2142 7
      vertex -8.39503 -21.934 7
      vertex -8.30665 -21.987 7
    endloop
  endfacet
  facet normal 0 0 1
    outer loop
      vertex -7.74195 -20.0884 7
      vertex -8.48818 -21.8899 7
      vertex -8.39503 -21.934 7
    endloop
  endfacet
  facet normal 0 0 1
    outer loop
      vertex -8.01915 -19.9892 7
      vertex -8.5852 -21.8552 7
      vertex -8.48818 -21.8899 7
    endloop
  endfacet
  facet normal 0 0 1
    outer loop
      vertex -8.68515 -21.8302 7
      vertex -8.30473 -19.9176 7
      vertex -8.59595 -19.8744 7
    endloop
  endfacet
  facet normal 0 0 1
    outer loop
      vertex -8.30473 -19.9176 7
      vertex -8.68515 -21.8302 7
      vertex -8.5852 -21.8552 7
    endloop
  endfacet
  facet normal 0 0 1
    outer loop
      vertex -8.59595 -19.8744 7
      vertex -8.78708 -21.8151 7
      vertex -8.68515 -21.8302 7
    endloop
  endfacet
  facet normal 0 0 1
    outer loop
      vertex -8.89 -19.86 7
      vertex -8.78708 -21.8151 7
      vertex -8.59595 -19.8744 7
    endloop
  endfacet
  facet normal 0 0 1
    outer loop
      vertex -8.89 -19.86 7
      vertex -8.89 -21.81 7
      vertex -8.78708 -21.8151 7
    endloop
  endfacet
  facet normal 0 0 1
    outer loop
      vertex -8.89 -19.86 7
      vertex -8.99292 -21.8151 7
      vertex -8.89 -21.81 7
    endloop
  endfacet
  facet normal -0 0 1
    outer loop
      vertex -9.18405 -19.8744 7
      vertex -8.99292 -21.8151 7
      vertex -8.89 -19.86 7
    endloop
  endfacet
  facet normal 0 0 1
    outer loop
      vertex -8.99292 -21.8151 7
      vertex -9.18405 -19.8744 7
      vertex -9.09484 -21.8302 7
    endloop
  endfacet
  facet normal -0 0 1
    outer loop
      vertex -9.47527 -19.9176 7
      vertex -9.09484 -21.8302 7
      vertex -9.18405 -19.8744 7
    endloop
  endfacet
  facet normal 0 0 1
    outer loop
      vertex -9.09484 -21.8302 7
      vertex -9.47527 -19.9176 7
      vertex -9.1948 -21.8552 7
    endloop
  endfacet
  facet normal -0 0 1
    outer loop
      vertex -9.76085 -19.9892 7
      vertex -9.1948 -21.8552 7
      vertex -9.47527 -19.9176 7
    endloop
  endfacet
  facet normal 0 0 1
    outer loop
      vertex -9.1948 -21.8552 7
      vertex -9.76085 -19.9892 7
      vertex -9.29182 -21.8899 7
    endloop
  endfacet
  facet normal -0 0 1
    outer loop
      vertex -10.038 -20.0884 7
      vertex -9.29182 -21.8899 7
      vertex -9.76085 -19.9892 7
    endloop
  endfacet
  facet normal 0 0 1
    outer loop
      vertex -9.29182 -21.8899 7
      vertex -10.038 -20.0884 7
      vertex -9.38497 -21.934 7
    endloop
  endfacet
  facet normal -0 0 1
    outer loop
      vertex -10.3042 -20.2142 7
      vertex -9.38497 -21.934 7
      vertex -10.038 -20.0884 7
    endloop
  endfacet
  facet normal 0 0 1
    outer loop
      vertex -9.38497 -21.934 7
      vertex -10.3042 -20.2142 7
      vertex -9.47335 -21.987 7
    endloop
  endfacet
  facet normal -0 0 1
    outer loop
      vertex -10.5567 -20.3656 7
      vertex -9.47335 -21.987 7
      vertex -10.3042 -20.2142 7
    endloop
  endfacet
  facet normal 0 0 1
    outer loop
      vertex -9.47335 -21.987 7
      vertex -10.5567 -20.3656 7
      vertex -9.55611 -22.0483 7
    endloop
  endfacet
  facet normal -0 0 1
    outer loop
      vertex -10.7932 -20.541 7
      vertex -9.55611 -22.0483 7
      vertex -10.5567 -20.3656 7
    endloop
  endfacet
  facet normal 0 0 1
    outer loop
      vertex -9.55611 -22.0483 7
      vertex -10.7932 -20.541 7
      vertex -9.63246 -22.1175 7
    endloop
  endfacet
  facet normal -0 0 1
    outer loop
      vertex -11.0113 -20.7387 7
      vertex -9.63246 -22.1175 7
      vertex -10.7932 -20.541 7
    endloop
  endfacet
  facet normal 0 0 1
    outer loop
      vertex -9.63246 -22.1175 7
      vertex -11.0113 -20.7387 7
      vertex -9.70166 -22.1939 7
    endloop
  endfacet
  facet normal -0 0 1
    outer loop
      vertex -11.209 -20.9568 7
      vertex -9.70166 -22.1939 7
      vertex -11.0113 -20.7387 7
    endloop
  endfacet
  facet normal -0 0 1
    outer loop
      vertex -11.3844 -21.1933 7
      vertex -9.76304 -22.2766 7
      vertex -11.209 -20.9568 7
    endloop
  endfacet
  facet normal 0 0 1
    outer loop
      vertex -9.70166 -22.1939 7
      vertex -11.209 -20.9568 7
      vertex -9.76304 -22.2766 7
    endloop
  endfacet
  facet normal 0 0 1
    outer loop
      vertex -6.39559 -24.5267 7
      vertex -8.01696 -23.4433 7
      vertex -6.57097 -24.7632 7
    endloop
  endfacet
  facet normal -0 0 1
    outer loop
      vertex -8.07834 -23.5261 7
      vertex -6.57097 -24.7632 7
      vertex -8.01696 -23.4433 7
    endloop
  endfacet
  facet normal 0 0 1
    outer loop
      vertex -6.57097 -24.7632 7
      vertex -8.07834 -23.5261 7
      vertex -6.76868 -24.9813 7
    endloop
  endfacet
  facet normal -0 0 1
    outer loop
      vertex -8.14754 -23.6025 7
      vertex -6.76868 -24.9813 7
      vertex -8.07834 -23.5261 7
    endloop
  endfacet
  facet normal 0 0 1
    outer loop
      vertex -6.76868 -24.9813 7
      vertex -8.14754 -23.6025 7
      vertex -6.98682 -25.179 7
    endloop
  endfacet
  facet normal -0 0 1
    outer loop
      vertex -8.22389 -23.6717 7
      vertex -6.98682 -25.179 7
      vertex -8.14754 -23.6025 7
    endloop
  endfacet
  facet normal 0 0 1
    outer loop
      vertex -6.98682 -25.179 7
      vertex -8.22389 -23.6717 7
      vertex -7.22329 -25.3544 7
    endloop
  endfacet
  facet normal -0 0 1
    outer loop
      vertex -8.30665 -23.733 7
      vertex -7.22329 -25.3544 7
      vertex -8.22389 -23.6717 7
    endloop
  endfacet
  facet normal 0 0 1
    outer loop
      vertex -7.22329 -25.3544 7
      vertex -8.30665 -23.733 7
      vertex -7.47581 -25.5058 7
    endloop
  endfacet
  facet normal -0 0 1
    outer loop
      vertex -8.39503 -23.786 7
      vertex -7.47581 -25.5058 7
      vertex -8.30665 -23.733 7
    endloop
  endfacet
  facet normal 0 0 1
    outer loop
      vertex -7.47581 -25.5058 7
      vertex -8.39503 -23.786 7
      vertex -7.74195 -25.6316 7
    endloop
  endfacet
  facet normal -0 0 1
    outer loop
      vertex -8.48818 -23.8301 7
      vertex -7.74195 -25.6316 7
      vertex -8.39503 -23.786 7
    endloop
  endfacet
  facet normal 0 0 1
    outer loop
      vertex -7.74195 -25.6316 7
      vertex -8.48818 -23.8301 7
      vertex -8.01915 -25.7308 7
    endloop
  endfacet
  facet normal -0 0 1
    outer loop
      vertex -8.5852 -23.8648 7
      vertex -8.01915 -25.7308 7
      vertex -8.48818 -23.8301 7
    endloop
  endfacet
  facet normal 0 0 1
    outer loop
      vertex -8.01915 -25.7308 7
      vertex -8.5852 -23.8648 7
      vertex -8.30473 -25.8024 7
    endloop
  endfacet
  facet normal -0 0 1
    outer loop
      vertex -8.68515 -23.8898 7
      vertex -8.30473 -25.8024 7
      vertex -8.5852 -23.8648 7
    endloop
  endfacet
  facet normal 0 0 1
    outer loop
      vertex -8.30473 -25.8024 7
      vertex -8.68515 -23.8898 7
      vertex -8.59595 -25.8456 7
    endloop
  endfacet
  facet normal -0 0 1
    outer loop
      vertex -8.78708 -23.9049 7
      vertex -8.59595 -25.8456 7
      vertex -8.68515 -23.8898 7
    endloop
  endfacet
  facet normal -0 0 1
    outer loop
      vertex -8.89 -23.91 7
      vertex -8.59595 -25.8456 7
      vertex -8.78708 -23.9049 7
    endloop
  endfacet
  facet normal 0 0 1
    outer loop
      vertex -8.89 -23.91 7
      vertex -8.89 -25.86 7
      vertex -8.59595 -25.8456 7
    endloop
  endfacet
  facet normal 0 0 1
    outer loop
      vertex -8.99292 -23.9049 7
      vertex -8.89 -25.86 7
      vertex -8.89 -23.91 7
    endloop
  endfacet
  facet normal 0 0 1
    outer loop
      vertex -9.18405 -25.8456 7
      vertex -8.99292 -23.9049 7
      vertex -9.09484 -23.8898 7
    endloop
  endfacet
  facet normal 0 0 1
    outer loop
      vertex -8.99292 -23.9049 7
      vertex -9.18405 -25.8456 7
      vertex -8.89 -25.86 7
    endloop
  endfacet
  facet normal 0 0 1
    outer loop
      vertex -9.47527 -25.8024 7
      vertex -9.09484 -23.8898 7
      vertex -9.1948 -23.8648 7
    endloop
  endfacet
  facet normal 0 0 1
    outer loop
      vertex -9.76085 -25.7308 7
      vertex -9.1948 -23.8648 7
      vertex -9.29182 -23.8301 7
    endloop
  endfacet
  facet normal 0 0 1
    outer loop
      vertex -10.038 -25.6316 7
      vertex -9.29182 -23.8301 7
      vertex -9.38497 -23.786 7
    endloop
  endfacet
  facet normal 0 0 1
    outer loop
      vertex -10.3042 -25.5058 7
      vertex -9.38497 -23.786 7
      vertex -9.47335 -23.733 7
    endloop
  endfacet
  facet normal 0 0 1
    outer loop
      vertex -9.09484 -23.8898 7
      vertex -9.47527 -25.8024 7
      vertex -9.18405 -25.8456 7
    endloop
  endfacet
  facet normal 0 0 1
    outer loop
      vertex -10.5567 -25.3544 7
      vertex -9.47335 -23.733 7
      vertex -9.55611 -23.6717 7
    endloop
  endfacet
  facet normal 0 0 1
    outer loop
      vertex -10.7932 -25.179 7
      vertex -9.55611 -23.6717 7
      vertex -9.63246 -23.6025 7
    endloop
  endfacet
  facet normal 0 0 1
    outer loop
      vertex -11.0113 -24.9813 7
      vertex -9.63246 -23.6025 7
      vertex -9.70166 -23.5261 7
    endloop
  endfacet
  facet normal 0 0 1
    outer loop
      vertex -9.1948 -23.8648 7
      vertex -9.76085 -25.7308 7
      vertex -9.47527 -25.8024 7
    endloop
  endfacet
  facet normal 0 0 1
    outer loop
      vertex -11.209 -24.7632 7
      vertex -9.70166 -23.5261 7
      vertex -9.76304 -23.4433 7
    endloop
  endfacet
  facet normal 0 0 1
    outer loop
      vertex -11.3844 -24.5267 7
      vertex -9.76304 -23.4433 7
      vertex -9.81602 -23.355 7
    endloop
  endfacet
  facet normal 0 0 1
    outer loop
      vertex -11.5358 -24.2742 7
      vertex -9.81602 -23.355 7
      vertex -9.86007 -23.2618 7
    endloop
  endfacet
  facet normal 0 0 1
    outer loop
      vertex -11.6616 -24.008 7
      vertex -9.86007 -23.2618 7
      vertex -9.89479 -23.1648 7
    endloop
  endfacet
  facet normal 0 0 1
    outer loop
      vertex -11.7608 -23.7309 7
      vertex -9.89479 -23.1648 7
      vertex -9.91982 -23.0648 7
    endloop
  endfacet
  facet normal 0 0 1
    outer loop
      vertex -11.8324 -23.4453 7
      vertex -9.91982 -23.0648 7
      vertex -9.93494 -22.9629 7
    endloop
  endfacet
  facet normal 0 0 1
    outer loop
      vertex -9.29182 -23.8301 7
      vertex -10.038 -25.6316 7
      vertex -9.76085 -25.7308 7
    endloop
  endfacet
  facet normal 0 0 1
    outer loop
      vertex -11.8756 -23.1541 7
      vertex -9.93494 -22.9629 7
      vertex -9.94 -22.86 7
    endloop
  endfacet
  facet normal 0 0 1
    outer loop
      vertex -9.76304 -22.2766 7
      vertex -11.3844 -21.1933 7
      vertex -9.81602 -22.365 7
    endloop
  endfacet
  facet normal -0 0 1
    outer loop
      vertex -11.5358 -21.4458 7
      vertex -9.81602 -22.365 7
      vertex -11.3844 -21.1933 7
    endloop
  endfacet
  facet normal 0 0 1
    outer loop
      vertex -9.38497 -23.786 7
      vertex -10.3042 -25.5058 7
      vertex -10.038 -25.6316 7
    endloop
  endfacet
  facet normal 0 0 1
    outer loop
      vertex -9.81602 -22.365 7
      vertex -11.5358 -21.4458 7
      vertex -9.86007 -22.4582 7
    endloop
  endfacet
  facet normal 0 0 1
    outer loop
      vertex -9.47335 -23.733 7
      vertex -10.5567 -25.3544 7
      vertex -10.3042 -25.5058 7
    endloop
  endfacet
  facet normal -0 0 1
    outer loop
      vertex -11.6616 -21.7119 7
      vertex -9.86007 -22.4582 7
      vertex -11.5358 -21.4458 7
    endloop
  endfacet
  facet normal 0 0 1
    outer loop
      vertex -9.55611 -23.6717 7
      vertex -10.7932 -25.179 7
      vertex -10.5567 -25.3544 7
    endloop
  endfacet
  facet normal 0 0 1
    outer loop
      vertex -9.86007 -22.4582 7
      vertex -11.6616 -21.7119 7
      vertex -9.89479 -22.5552 7
    endloop
  endfacet
  facet normal 0 0 1
    outer loop
      vertex -9.63246 -23.6025 7
      vertex -11.0113 -24.9813 7
      vertex -10.7932 -25.179 7
    endloop
  endfacet
  facet normal -0 0 1
    outer loop
      vertex -11.7608 -21.9891 7
      vertex -9.89479 -22.5552 7
      vertex -11.6616 -21.7119 7
    endloop
  endfacet
  facet normal 0 0 1
    outer loop
      vertex -9.70166 -23.5261 7
      vertex -11.209 -24.7632 7
      vertex -11.0113 -24.9813 7
    endloop
  endfacet
  facet normal 0 0 1
    outer loop
      vertex -9.89479 -22.5552 7
      vertex -11.7608 -21.9891 7
      vertex -9.91982 -22.6552 7
    endloop
  endfacet
  facet normal 0 0 1
    outer loop
      vertex -9.76304 -23.4433 7
      vertex -11.3844 -24.5267 7
      vertex -11.209 -24.7632 7
    endloop
  endfacet
  facet normal -0 0 1
    outer loop
      vertex -11.8324 -22.2747 7
      vertex -9.91982 -22.6552 7
      vertex -11.7608 -21.9891 7
    endloop
  endfacet
  facet normal 0 0 1
    outer loop
      vertex -9.81602 -23.355 7
      vertex -11.5358 -24.2742 7
      vertex -11.3844 -24.5267 7
    endloop
  endfacet
  facet normal 0 0 1
    outer loop
      vertex -9.91982 -22.6552 7
      vertex -11.8324 -22.2747 7
      vertex -9.93494 -22.7571 7
    endloop
  endfacet
  facet normal 0 0 1
    outer loop
      vertex -9.86007 -23.2618 7
      vertex -11.6616 -24.008 7
      vertex -11.5358 -24.2742 7
    endloop
  endfacet
  facet normal -0 0 1
    outer loop
      vertex -11.8756 -22.5659 7
      vertex -9.93494 -22.7571 7
      vertex -11.8324 -22.2747 7
    endloop
  endfacet
  facet normal 0 0 1
    outer loop
      vertex -9.89479 -23.1648 7
      vertex -11.7608 -23.7309 7
      vertex -11.6616 -24.008 7
    endloop
  endfacet
  facet normal 0 0 1
    outer loop
      vertex -9.93494 -22.7571 7
      vertex -11.8756 -22.5659 7
      vertex -9.94 -22.86 7
    endloop
  endfacet
  facet normal 0 0 1
    outer loop
      vertex -9.91982 -23.0648 7
      vertex -11.8324 -23.4453 7
      vertex -11.7608 -23.7309 7
    endloop
  endfacet
  facet normal 0 0 1
    outer loop
      vertex -11.89 -22.86 7
      vertex -9.94 -22.86 7
      vertex -11.8756 -22.5659 7
    endloop
  endfacet
  facet normal 0 0 1
    outer loop
      vertex -9.93494 -22.9629 7
      vertex -11.8756 -23.1541 7
      vertex -11.8324 -23.4453 7
    endloop
  endfacet
  facet normal 0 0 1
    outer loop
      vertex -9.94 -22.86 7
      vertex -11.89 -22.86 7
      vertex -11.8756 -23.1541 7
    endloop
  endfacet
  facet normal 0.146736 -0.989176 0
    outer loop
      vertex -8.59595 -25.8456 3
      vertex -8.30473 -25.8024 7
      vertex -8.59595 -25.8456 7
    endloop
  endfacet
  facet normal 0.146736 -0.989176 0
    outer loop
      vertex -8.30473 -25.8024 7
      vertex -8.59595 -25.8456 3
      vertex -8.30473 -25.8024 3
    endloop
  endfacet
  facet normal -0.427269 -0.904125 0
    outer loop
      vertex -10.3042 -25.5058 3
      vertex -10.038 -25.6316 7
      vertex -10.3042 -25.5058 7
    endloop
  endfacet
  facet normal -0.427269 -0.904125 -0
    outer loop
      vertex -10.038 -25.6316 7
      vertex -10.3042 -25.5058 3
      vertex -10.038 -25.6316 3
    endloop
  endfacet
  facet normal 0.671539 -0.740969 0
    outer loop
      vertex -6.98682 -25.179 3
      vertex -6.76868 -24.9813 7
      vertex -6.98682 -25.179 7
    endloop
  endfacet
  facet normal 0.671539 -0.740969 0
    outer loop
      vertex -6.76868 -24.9813 7
      vertex -6.98682 -25.179 3
      vertex -6.76868 -24.9813 3
    endloop
  endfacet
  facet normal -0.595699 -0.803208 0
    outer loop
      vertex -10.7932 -25.179 3
      vertex -10.5567 -25.3544 7
      vertex -10.7932 -25.179 7
    endloop
  endfacet
  facet normal -0.595699 -0.803208 -0
    outer loop
      vertex -10.5567 -25.3544 7
      vertex -10.7932 -25.179 3
      vertex -10.5567 -25.3544 3
    endloop
  endfacet
  facet normal -0.904125 -0.427269 0
    outer loop
      vertex -11.5358 -24.2742 3
      vertex -11.6616 -24.008 7
      vertex -11.6616 -24.008 3
    endloop
  endfacet
  facet normal -0.904125 -0.427269 0
    outer loop
      vertex -11.6616 -24.008 7
      vertex -11.5358 -24.2742 3
      vertex -11.5358 -24.2742 7
    endloop
  endfacet
  facet normal 0.243191 -0.969978 0
    outer loop
      vertex -8.30473 -25.8024 3
      vertex -8.01915 -25.7308 7
      vertex -8.30473 -25.8024 7
    endloop
  endfacet
  facet normal 0.243191 -0.969978 0
    outer loop
      vertex -8.01915 -25.7308 7
      vertex -8.30473 -25.8024 3
      vertex -8.01915 -25.7308 3
    endloop
  endfacet
  facet normal -0.857643 0.514246 0
    outer loop
      vertex -11.5358 -21.4458 3
      vertex -11.3844 -21.1933 7
      vertex -11.3844 -21.1933 3
    endloop
  endfacet
  facet normal -0.857643 0.514246 0
    outer loop
      vertex -11.3844 -21.1933 7
      vertex -11.5358 -21.4458 3
      vertex -11.5358 -21.4458 7
    endloop
  endfacet
  facet normal -0.427269 0.904125 0
    outer loop
      vertex -10.038 -20.0884 3
      vertex -10.3042 -20.2142 7
      vertex -10.038 -20.0884 7
    endloop
  endfacet
  facet normal -0.427269 0.904125 0
    outer loop
      vertex -10.3042 -20.2142 7
      vertex -10.038 -20.0884 3
      vertex -10.3042 -20.2142 3
    endloop
  endfacet
  facet normal -0.969982 -0.243175 0
    outer loop
      vertex -11.7608 -23.7309 3
      vertex -11.8324 -23.4453 7
      vertex -11.8324 -23.4453 3
    endloop
  endfacet
  facet normal -0.969982 -0.243175 0
    outer loop
      vertex -11.8324 -23.4453 7
      vertex -11.7608 -23.7309 3
      vertex -11.7608 -23.7309 7
    endloop
  endfacet
  facet normal 0.595747 0.803172 -0
    outer loop
      vertex -6.98682 -20.541 3
      vertex -7.22329 -20.3656 7
      vertex -6.98682 -20.541 7
    endloop
  endfacet
  facet normal 0.595747 0.803172 0
    outer loop
      vertex -7.22329 -20.3656 7
      vertex -6.98682 -20.541 3
      vertex -7.22329 -20.3656 3
    endloop
  endfacet
  facet normal -0.969982 0.243175 0
    outer loop
      vertex -11.8324 -22.2747 3
      vertex -11.7608 -21.9891 7
      vertex -11.7608 -21.9891 3
    endloop
  endfacet
  facet normal -0.969982 0.243175 0
    outer loop
      vertex -11.7608 -21.9891 7
      vertex -11.8324 -22.2747 3
      vertex -11.8324 -22.2747 7
    endloop
  endfacet
  facet normal 0.740891 -0.671625 0
    outer loop
      vertex -6.76868 -24.9813 7
      vertex -6.57097 -24.7632 3
      vertex -6.57097 -24.7632 7
    endloop
  endfacet
  facet normal 0.740891 -0.671625 0
    outer loop
      vertex -6.57097 -24.7632 3
      vertex -6.76868 -24.9813 7
      vertex -6.76868 -24.9813 3
    endloop
  endfacet
  facet normal 0.514216 -0.857661 0
    outer loop
      vertex -7.47581 -25.5058 3
      vertex -7.22329 -25.3544 7
      vertex -7.47581 -25.5058 7
    endloop
  endfacet
  facet normal 0.514216 -0.857661 0
    outer loop
      vertex -7.22329 -25.3544 7
      vertex -7.47581 -25.5058 3
      vertex -7.22329 -25.3544 3
    endloop
  endfacet
  facet normal 0.803241 -0.595655 0
    outer loop
      vertex -6.57097 -24.7632 7
      vertex -6.39559 -24.5267 3
      vertex -6.39559 -24.5267 7
    endloop
  endfacet
  facet normal 0.803241 -0.595655 0
    outer loop
      vertex -6.39559 -24.5267 3
      vertex -6.57097 -24.7632 7
      vertex -6.57097 -24.7632 3
    endloop
  endfacet
  facet normal 0.427347 -0.904088 0
    outer loop
      vertex -7.74195 -25.6316 3
      vertex -7.47581 -25.5058 7
      vertex -7.74195 -25.6316 7
    endloop
  endfacet
  facet normal 0.427347 -0.904088 0
    outer loop
      vertex -7.47581 -25.5058 7
      vertex -7.74195 -25.6316 3
      vertex -7.47581 -25.5058 3
    endloop
  endfacet
  facet normal 0.941548 0.336879 0
    outer loop
      vertex -6.01918 -21.9891 7
      vertex -6.11836 -21.7119 3
      vertex -6.11836 -21.7119 7
    endloop
  endfacet
  facet normal 0.941548 0.336879 0
    outer loop
      vertex -6.11836 -21.7119 3
      vertex -6.01918 -21.9891 7
      vertex -6.01918 -21.9891 3
    endloop
  endfacet
  facet normal -0.671607 0.740908 0
    outer loop
      vertex -10.7932 -20.541 3
      vertex -11.0113 -20.7387 7
      vertex -10.7932 -20.541 7
    endloop
  endfacet
  facet normal -0.671607 0.740908 0
    outer loop
      vertex -11.0113 -20.7387 7
      vertex -10.7932 -20.541 3
      vertex -11.0113 -20.7387 3
    endloop
  endfacet
  facet normal -0.857643 -0.514246 0
    outer loop
      vertex -11.3844 -24.5267 3
      vertex -11.5358 -24.2742 7
      vertex -11.5358 -24.2742 3
    endloop
  endfacet
  facet normal -0.857643 -0.514246 0
    outer loop
      vertex -11.5358 -24.2742 7
      vertex -11.3844 -24.5267 3
      vertex -11.3844 -24.5267 7
    endloop
  endfacet
  facet normal 0.903958 0.427622 0
    outer loop
      vertex -6.11836 -21.7119 7
      vertex -6.24424 -21.4458 3
      vertex -6.24424 -21.4458 7
    endloop
  endfacet
  facet normal 0.903958 0.427622 0
    outer loop
      vertex -6.24424 -21.4458 3
      vertex -6.11836 -21.7119 7
      vertex -6.11836 -21.7119 3
    endloop
  endfacet
  facet normal 0.970031 -0.242983 0
    outer loop
      vertex -6.01918 -23.7309 7
      vertex -5.94764 -23.4453 3
      vertex -5.94764 -23.4453 7
    endloop
  endfacet
  facet normal 0.970031 -0.242983 0
    outer loop
      vertex -5.94764 -23.4453 3
      vertex -6.01918 -23.7309 7
      vertex -6.01918 -23.7309 3
    endloop
  endfacet
  facet normal -0.671607 -0.740908 0
    outer loop
      vertex -11.0113 -24.9813 3
      vertex -10.7932 -25.179 7
      vertex -11.0113 -24.9813 7
    endloop
  endfacet
  facet normal -0.671607 -0.740908 -0
    outer loop
      vertex -10.7932 -25.179 7
      vertex -11.0113 -24.9813 3
      vertex -10.7932 -25.179 3
    endloop
  endfacet
  facet normal 0.857718 0.514121 0
    outer loop
      vertex -6.24424 -21.4458 7
      vertex -6.39559 -21.1933 3
      vertex -6.39559 -21.1933 7
    endloop
  endfacet
  facet normal 0.857718 0.514121 0
    outer loop
      vertex -6.39559 -21.1933 3
      vertex -6.24424 -21.4458 7
      vertex -6.24424 -21.4458 3
    endloop
  endfacet
  facet normal -0.146736 -0.989176 0
    outer loop
      vertex -9.47527 -25.8024 3
      vertex -9.18405 -25.8456 7
      vertex -9.47527 -25.8024 7
    endloop
  endfacet
  facet normal -0.146736 -0.989176 -0
    outer loop
      vertex -9.18405 -25.8456 7
      vertex -9.47527 -25.8024 3
      vertex -9.18405 -25.8456 3
    endloop
  endfacet
  facet normal -0.803208 0.595699 0
    outer loop
      vertex -11.3844 -21.1933 3
      vertex -11.209 -20.9568 7
      vertex -11.209 -20.9568 3
    endloop
  endfacet
  facet normal -0.803208 0.595699 0
    outer loop
      vertex -11.209 -20.9568 7
      vertex -11.3844 -21.1933 3
      vertex -11.3844 -21.1933 7
    endloop
  endfacet
  facet normal -0.998803 0.0489044 0
    outer loop
      vertex -11.89 -22.86 3
      vertex -11.8756 -22.5659 7
      vertex -11.8756 -22.5659 3
    endloop
  endfacet
  facet normal -0.998803 0.0489044 0
    outer loop
      vertex -11.8756 -22.5659 7
      vertex -11.89 -22.86 3
      vertex -11.89 -22.86 7
    endloop
  endfacet
  facet normal -0.998803 -0.0489044 0
    outer loop
      vertex -11.8756 -23.1541 3
      vertex -11.89 -22.86 7
      vertex -11.89 -22.86 3
    endloop
  endfacet
  facet normal -0.998803 -0.0489044 0
    outer loop
      vertex -11.89 -22.86 7
      vertex -11.8756 -23.1541 3
      vertex -11.8756 -23.1541 7
    endloop
  endfacet
  facet normal -0.243191 -0.969978 0
    outer loop
      vertex -9.76085 -25.7308 3
      vertex -9.47527 -25.8024 7
      vertex -9.76085 -25.7308 7
    endloop
  endfacet
  facet normal -0.243191 -0.969978 -0
    outer loop
      vertex -9.47527 -25.8024 7
      vertex -9.76085 -25.7308 3
      vertex -9.47527 -25.8024 3
    endloop
  endfacet
  facet normal -0.740908 0.671607 0
    outer loop
      vertex -11.209 -20.9568 3
      vertex -11.0113 -20.7387 7
      vertex -11.0113 -20.7387 3
    endloop
  endfacet
  facet normal -0.740908 0.671607 0
    outer loop
      vertex -11.0113 -20.7387 7
      vertex -11.209 -20.9568 3
      vertex -11.209 -20.9568 7
    endloop
  endfacet
  facet normal -0.941488 -0.337047 0
    outer loop
      vertex -11.6616 -24.008 3
      vertex -11.7608 -23.7309 7
      vertex -11.7608 -23.7309 3
    endloop
  endfacet
  facet normal -0.941488 -0.337047 0
    outer loop
      vertex -11.7608 -23.7309 7
      vertex -11.6616 -24.008 3
      vertex -11.6616 -24.008 7
    endloop
  endfacet
  facet normal 0.0489126 -0.998803 0
    outer loop
      vertex -8.89 -25.86 3
      vertex -8.59595 -25.8456 7
      vertex -8.89 -25.86 7
    endloop
  endfacet
  facet normal 0.0489126 -0.998803 0
    outer loop
      vertex -8.59595 -25.8456 7
      vertex -8.89 -25.86 3
      vertex -8.59595 -25.8456 3
    endloop
  endfacet
  facet normal 0.671539 0.740969 -0
    outer loop
      vertex -6.76868 -20.7387 3
      vertex -6.98682 -20.541 7
      vertex -6.76868 -20.7387 7
    endloop
  endfacet
  facet normal 0.671539 0.740969 0
    outer loop
      vertex -6.98682 -20.541 7
      vertex -6.76868 -20.7387 3
      vertex -6.98682 -20.541 3
    endloop
  endfacet
  facet normal 0.336939 -0.941527 0
    outer loop
      vertex -8.01915 -25.7308 3
      vertex -7.74195 -25.6316 7
      vertex -8.01915 -25.7308 7
    endloop
  endfacet
  facet normal 0.336939 -0.941527 0
    outer loop
      vertex -7.74195 -25.6316 7
      vertex -8.01915 -25.7308 3
      vertex -7.74195 -25.6316 3
    endloop
  endfacet
  facet normal 0.146736 0.989176 -0
    outer loop
      vertex -8.30473 -19.9176 3
      vertex -8.59595 -19.8744 7
      vertex -8.30473 -19.9176 7
    endloop
  endfacet
  facet normal 0.146736 0.989176 0
    outer loop
      vertex -8.59595 -19.8744 7
      vertex -8.30473 -19.9176 3
      vertex -8.59595 -19.8744 3
    endloop
  endfacet
  facet normal -0.514246 -0.857643 0
    outer loop
      vertex -10.5567 -25.3544 3
      vertex -10.3042 -25.5058 7
      vertex -10.5567 -25.3544 7
    endloop
  endfacet
  facet normal -0.514246 -0.857643 -0
    outer loop
      vertex -10.3042 -25.5058 7
      vertex -10.5567 -25.3544 3
      vertex -10.3042 -25.5058 3
    endloop
  endfacet
  facet normal -0.595699 0.803208 0
    outer loop
      vertex -10.5567 -20.3656 3
      vertex -10.7932 -20.541 7
      vertex -10.5567 -20.3656 7
    endloop
  endfacet
  facet normal -0.595699 0.803208 0
    outer loop
      vertex -10.7932 -20.541 7
      vertex -10.5567 -20.3656 3
      vertex -10.7932 -20.541 3
    endloop
  endfacet
  facet normal -0.803208 -0.595699 0
    outer loop
      vertex -11.209 -24.7632 3
      vertex -11.3844 -24.5267 7
      vertex -11.3844 -24.5267 3
    endloop
  endfacet
  facet normal -0.803208 -0.595699 0
    outer loop
      vertex -11.3844 -24.5267 7
      vertex -11.209 -24.7632 3
      vertex -11.209 -24.7632 7
    endloop
  endfacet
  facet normal -0.336993 -0.941507 0
    outer loop
      vertex -10.038 -25.6316 3
      vertex -9.76085 -25.7308 7
      vertex -10.038 -25.6316 7
    endloop
  endfacet
  facet normal -0.336993 -0.941507 -0
    outer loop
      vertex -9.76085 -25.7308 7
      vertex -10.038 -25.6316 3
      vertex -9.76085 -25.7308 3
    endloop
  endfacet
  facet normal -0.941527 0.336939 0
    outer loop
      vertex -11.7608 -21.9891 3
      vertex -11.6616 -21.7119 7
      vertex -11.6616 -21.7119 3
    endloop
  endfacet
  facet normal -0.941527 0.336939 0
    outer loop
      vertex -11.6616 -21.7119 7
      vertex -11.7608 -21.9891 3
      vertex -11.7608 -21.9891 7
    endloop
  endfacet
  facet normal -0.904063 0.4274 0
    outer loop
      vertex -11.6616 -21.7119 3
      vertex -11.5358 -21.4458 7
      vertex -11.5358 -21.4458 3
    endloop
  endfacet
  facet normal -0.904063 0.4274 0
    outer loop
      vertex -11.5358 -21.4458 7
      vertex -11.6616 -21.7119 3
      vertex -11.6616 -21.7119 7
    endloop
  endfacet
  facet normal 0.989179 0.146712 0
    outer loop
      vertex -5.90445 23.1541 7
      vertex -5.94764 23.4453 3
      vertex -5.94764 23.4453 7
    endloop
  endfacet
  facet normal 0.989179 0.146712 0
    outer loop
      vertex -5.94764 23.4453 3
      vertex -5.90445 23.1541 7
      vertex -5.90445 23.1541 3
    endloop
  endfacet
  facet normal 0.998795 0.0490738 0
    outer loop
      vertex -5.89 22.86 7
      vertex -5.90445 23.1541 3
      vertex -5.90445 23.1541 7
    endloop
  endfacet
  facet normal 0.998795 0.0490738 0
    outer loop
      vertex -5.90445 23.1541 3
      vertex -5.89 22.86 7
      vertex -5.89 22.86 3
    endloop
  endfacet
  facet normal 0.970031 0.242983 0
    outer loop
      vertex -5.94764 23.4453 7
      vertex -6.01918 23.7309 3
      vertex -6.01918 23.7309 7
    endloop
  endfacet
  facet normal 0.970031 0.242983 0
    outer loop
      vertex -6.01918 23.7309 3
      vertex -5.94764 23.4453 7
      vertex -5.94764 23.4453 3
    endloop
  endfacet
  facet normal -0.243191 0.969978 0
    outer loop
      vertex -9.47527 25.8024 3
      vertex -9.76085 25.7308 7
      vertex -9.47527 25.8024 7
    endloop
  endfacet
  facet normal -0.243191 0.969978 0
    outer loop
      vertex -9.76085 25.7308 7
      vertex -9.47527 25.8024 3
      vertex -9.76085 25.7308 3
    endloop
  endfacet
  facet normal -0.904063 -0.4274 0
    outer loop
      vertex -11.5358 21.4458 3
      vertex -11.6616 21.7119 7
      vertex -11.6616 21.7119 3
    endloop
  endfacet
  facet normal -0.904063 -0.4274 0
    outer loop
      vertex -11.6616 21.7119 7
      vertex -11.5358 21.4458 3
      vertex -11.5358 21.4458 7
    endloop
  endfacet
  facet normal 0.514216 0.857661 -0
    outer loop
      vertex -7.22329 25.3544 3
      vertex -7.47581 25.5058 7
      vertex -7.22329 25.3544 7
    endloop
  endfacet
  facet normal 0.514216 0.857661 0
    outer loop
      vertex -7.47581 25.5058 7
      vertex -7.22329 25.3544 3
      vertex -7.47581 25.5058 3
    endloop
  endfacet
  facet normal 0.514216 -0.857661 0
    outer loop
      vertex -7.47581 20.2142 3
      vertex -7.22329 20.3656 7
      vertex -7.47581 20.2142 7
    endloop
  endfacet
  facet normal 0.514216 -0.857661 0
    outer loop
      vertex -7.22329 20.3656 7
      vertex -7.47581 20.2142 3
      vertex -7.22329 20.3656 3
    endloop
  endfacet
  facet normal 0 0 1
    outer loop
      vertex -7.84 22.86 7
      vertex -5.89 22.86 7
      vertex -5.90445 23.1541 7
    endloop
  endfacet
  facet normal 0 0 1
    outer loop
      vertex -7.84506 22.9629 7
      vertex -5.90445 23.1541 7
      vertex -5.94764 23.4453 7
    endloop
  endfacet
  facet normal 0 0 1
    outer loop
      vertex -5.89 22.86 7
      vertex -7.84 22.86 7
      vertex -5.90445 22.5659 7
    endloop
  endfacet
  facet normal 0 0 1
    outer loop
      vertex -7.86018 23.0648 7
      vertex -5.94764 23.4453 7
      vertex -6.01918 23.7309 7
    endloop
  endfacet
  facet normal -0 0 1
    outer loop
      vertex -7.84506 22.7571 7
      vertex -5.90445 22.5659 7
      vertex -7.84 22.86 7
    endloop
  endfacet
  facet normal 0 0 1
    outer loop
      vertex -7.88521 23.1648 7
      vertex -6.01918 23.7309 7
      vertex -6.11836 24.008 7
    endloop
  endfacet
  facet normal 0 0 1
    outer loop
      vertex -5.90445 22.5659 7
      vertex -7.84506 22.7571 7
      vertex -5.94764 22.2747 7
    endloop
  endfacet
  facet normal 0 0 1
    outer loop
      vertex -7.91993 23.2618 7
      vertex -6.11836 24.008 7
      vertex -6.24424 24.2742 7
    endloop
  endfacet
  facet normal -0 0 1
    outer loop
      vertex -7.86018 22.6552 7
      vertex -5.94764 22.2747 7
      vertex -7.84506 22.7571 7
    endloop
  endfacet
  facet normal 0 0 1
    outer loop
      vertex -7.96398 23.355 7
      vertex -6.24424 24.2742 7
      vertex -6.39559 24.5267 7
    endloop
  endfacet
  facet normal 0 0 1
    outer loop
      vertex -5.94764 22.2747 7
      vertex -7.86018 22.6552 7
      vertex -6.01918 21.9891 7
    endloop
  endfacet
  facet normal 0 0 1
    outer loop
      vertex -8.01696 23.4433 7
      vertex -6.39559 24.5267 7
      vertex -6.57097 24.7632 7
    endloop
  endfacet
  facet normal -0 0 1
    outer loop
      vertex -7.88521 22.5552 7
      vertex -6.01918 21.9891 7
      vertex -7.86018 22.6552 7
    endloop
  endfacet
  facet normal 0 0 1
    outer loop
      vertex -8.07834 23.5261 7
      vertex -6.57097 24.7632 7
      vertex -6.76868 24.9813 7
    endloop
  endfacet
  facet normal 0 0 1
    outer loop
      vertex -6.01918 21.9891 7
      vertex -7.88521 22.5552 7
      vertex -6.11836 21.7119 7
    endloop
  endfacet
  facet normal 0 0 1
    outer loop
      vertex -8.14754 23.6025 7
      vertex -6.76868 24.9813 7
      vertex -6.98682 25.179 7
    endloop
  endfacet
  facet normal -0 0 1
    outer loop
      vertex -7.91993 22.4582 7
      vertex -6.11836 21.7119 7
      vertex -7.88521 22.5552 7
    endloop
  endfacet
  facet normal 0 0 1
    outer loop
      vertex -8.22389 23.6717 7
      vertex -6.98682 25.179 7
      vertex -7.22329 25.3544 7
    endloop
  endfacet
  facet normal 0 0 1
    outer loop
      vertex -6.11836 21.7119 7
      vertex -7.91993 22.4582 7
      vertex -6.24424 21.4458 7
    endloop
  endfacet
  facet normal 0 0 1
    outer loop
      vertex -8.30665 23.733 7
      vertex -7.22329 25.3544 7
      vertex -7.47581 25.5058 7
    endloop
  endfacet
  facet normal -0 0 1
    outer loop
      vertex -7.96398 22.365 7
      vertex -6.24424 21.4458 7
      vertex -7.91993 22.4582 7
    endloop
  endfacet
  facet normal 0 0 1
    outer loop
      vertex -8.39503 23.786 7
      vertex -7.47581 25.5058 7
      vertex -7.74195 25.6316 7
    endloop
  endfacet
  facet normal 0 0 1
    outer loop
      vertex -6.24424 21.4458 7
      vertex -7.96398 22.365 7
      vertex -6.39559 21.1933 7
    endloop
  endfacet
  facet normal -0 0 1
    outer loop
      vertex -8.01696 22.2766 7
      vertex -6.39559 21.1933 7
      vertex -7.96398 22.365 7
    endloop
  endfacet
  facet normal 0 0 1
    outer loop
      vertex -5.90445 23.1541 7
      vertex -7.84506 22.9629 7
      vertex -7.84 22.86 7
    endloop
  endfacet
  facet normal 0 0 1
    outer loop
      vertex -5.94764 23.4453 7
      vertex -7.86018 23.0648 7
      vertex -7.84506 22.9629 7
    endloop
  endfacet
  facet normal 0 0 1
    outer loop
      vertex -6.01918 23.7309 7
      vertex -7.88521 23.1648 7
      vertex -7.86018 23.0648 7
    endloop
  endfacet
  facet normal 0 0 1
    outer loop
      vertex -6.11836 24.008 7
      vertex -7.91993 23.2618 7
      vertex -7.88521 23.1648 7
    endloop
  endfacet
  facet normal 0 0 1
    outer loop
      vertex -6.24424 24.2742 7
      vertex -7.96398 23.355 7
      vertex -7.91993 23.2618 7
    endloop
  endfacet
  facet normal 0 0 1
    outer loop
      vertex -6.39559 24.5267 7
      vertex -8.01696 23.4433 7
      vertex -7.96398 23.355 7
    endloop
  endfacet
  facet normal 0 0 1
    outer loop
      vertex -8.48818 23.8301 7
      vertex -7.74195 25.6316 7
      vertex -8.01915 25.7308 7
    endloop
  endfacet
  facet normal 0 0 1
    outer loop
      vertex -6.57097 24.7632 7
      vertex -8.07834 23.5261 7
      vertex -8.01696 23.4433 7
    endloop
  endfacet
  facet normal 0 0 1
    outer loop
      vertex -6.76868 24.9813 7
      vertex -8.14754 23.6025 7
      vertex -8.07834 23.5261 7
    endloop
  endfacet
  facet normal 0 0 1
    outer loop
      vertex -6.98682 25.179 7
      vertex -8.22389 23.6717 7
      vertex -8.14754 23.6025 7
    endloop
  endfacet
  facet normal 0 0 1
    outer loop
      vertex -8.5852 23.8648 7
      vertex -8.01915 25.7308 7
      vertex -8.30473 25.8024 7
    endloop
  endfacet
  facet normal 0 0 1
    outer loop
      vertex -7.22329 25.3544 7
      vertex -8.30665 23.733 7
      vertex -8.22389 23.6717 7
    endloop
  endfacet
  facet normal 0 0 1
    outer loop
      vertex -7.47581 25.5058 7
      vertex -8.39503 23.786 7
      vertex -8.30665 23.733 7
    endloop
  endfacet
  facet normal 0 0 1
    outer loop
      vertex -7.74195 25.6316 7
      vertex -8.48818 23.8301 7
      vertex -8.39503 23.786 7
    endloop
  endfacet
  facet normal 0 0 1
    outer loop
      vertex -8.01915 25.7308 7
      vertex -8.5852 23.8648 7
      vertex -8.48818 23.8301 7
    endloop
  endfacet
  facet normal 0 0 1
    outer loop
      vertex -8.68515 23.8898 7
      vertex -8.30473 25.8024 7
      vertex -8.59595 25.8456 7
    endloop
  endfacet
  facet normal 0 0 1
    outer loop
      vertex -8.30473 25.8024 7
      vertex -8.68515 23.8898 7
      vertex -8.5852 23.8648 7
    endloop
  endfacet
  facet normal 0 0 1
    outer loop
      vertex -8.59595 25.8456 7
      vertex -8.78708 23.9049 7
      vertex -8.68515 23.8898 7
    endloop
  endfacet
  facet normal 0 0 1
    outer loop
      vertex -8.89 25.86 7
      vertex -8.78708 23.9049 7
      vertex -8.59595 25.8456 7
    endloop
  endfacet
  facet normal 0 0 1
    outer loop
      vertex -8.89 25.86 7
      vertex -8.89 23.91 7
      vertex -8.78708 23.9049 7
    endloop
  endfacet
  facet normal 0 0 1
    outer loop
      vertex -8.89 25.86 7
      vertex -8.99292 23.9049 7
      vertex -8.89 23.91 7
    endloop
  endfacet
  facet normal -0 0 1
    outer loop
      vertex -9.18405 25.8456 7
      vertex -8.99292 23.9049 7
      vertex -8.89 25.86 7
    endloop
  endfacet
  facet normal 0 0 1
    outer loop
      vertex -8.99292 23.9049 7
      vertex -9.18405 25.8456 7
      vertex -9.09484 23.8898 7
    endloop
  endfacet
  facet normal -0 0 1
    outer loop
      vertex -9.47527 25.8024 7
      vertex -9.09484 23.8898 7
      vertex -9.18405 25.8456 7
    endloop
  endfacet
  facet normal 0 0 1
    outer loop
      vertex -9.09484 23.8898 7
      vertex -9.47527 25.8024 7
      vertex -9.1948 23.8648 7
    endloop
  endfacet
  facet normal -0 0 1
    outer loop
      vertex -9.76085 25.7308 7
      vertex -9.1948 23.8648 7
      vertex -9.47527 25.8024 7
    endloop
  endfacet
  facet normal 0 0 1
    outer loop
      vertex -9.1948 23.8648 7
      vertex -9.76085 25.7308 7
      vertex -9.29182 23.8301 7
    endloop
  endfacet
  facet normal -0 0 1
    outer loop
      vertex -10.038 25.6316 7
      vertex -9.29182 23.8301 7
      vertex -9.76085 25.7308 7
    endloop
  endfacet
  facet normal 0 0 1
    outer loop
      vertex -9.29182 23.8301 7
      vertex -10.038 25.6316 7
      vertex -9.38497 23.786 7
    endloop
  endfacet
  facet normal -0 0 1
    outer loop
      vertex -10.3042 25.5058 7
      vertex -9.38497 23.786 7
      vertex -10.038 25.6316 7
    endloop
  endfacet
  facet normal 0 0 1
    outer loop
      vertex -9.38497 23.786 7
      vertex -10.3042 25.5058 7
      vertex -9.47335 23.733 7
    endloop
  endfacet
  facet normal -0 0 1
    outer loop
      vertex -10.5567 25.3544 7
      vertex -9.47335 23.733 7
      vertex -10.3042 25.5058 7
    endloop
  endfacet
  facet normal 0 0 1
    outer loop
      vertex -9.47335 23.733 7
      vertex -10.5567 25.3544 7
      vertex -9.55611 23.6717 7
    endloop
  endfacet
  facet normal -0 0 1
    outer loop
      vertex -10.7932 25.179 7
      vertex -9.55611 23.6717 7
      vertex -10.5567 25.3544 7
    endloop
  endfacet
  facet normal 0 0 1
    outer loop
      vertex -9.55611 23.6717 7
      vertex -10.7932 25.179 7
      vertex -9.63246 23.6025 7
    endloop
  endfacet
  facet normal -0 0 1
    outer loop
      vertex -11.0113 24.9813 7
      vertex -9.63246 23.6025 7
      vertex -10.7932 25.179 7
    endloop
  endfacet
  facet normal 0 0 1
    outer loop
      vertex -9.63246 23.6025 7
      vertex -11.0113 24.9813 7
      vertex -9.70166 23.5261 7
    endloop
  endfacet
  facet normal -0 0 1
    outer loop
      vertex -11.209 24.7632 7
      vertex -9.70166 23.5261 7
      vertex -11.0113 24.9813 7
    endloop
  endfacet
  facet normal -0 0 1
    outer loop
      vertex -11.3844 24.5267 7
      vertex -9.76304 23.4433 7
      vertex -11.209 24.7632 7
    endloop
  endfacet
  facet normal 0 0 1
    outer loop
      vertex -9.70166 23.5261 7
      vertex -11.209 24.7632 7
      vertex -9.76304 23.4433 7
    endloop
  endfacet
  facet normal 0 0 1
    outer loop
      vertex -6.39559 21.1933 7
      vertex -8.01696 22.2766 7
      vertex -6.57097 20.9568 7
    endloop
  endfacet
  facet normal -0 0 1
    outer loop
      vertex -8.07834 22.1939 7
      vertex -6.57097 20.9568 7
      vertex -8.01696 22.2766 7
    endloop
  endfacet
  facet normal 0 0 1
    outer loop
      vertex -6.57097 20.9568 7
      vertex -8.07834 22.1939 7
      vertex -6.76868 20.7387 7
    endloop
  endfacet
  facet normal -0 0 1
    outer loop
      vertex -8.14754 22.1175 7
      vertex -6.76868 20.7387 7
      vertex -8.07834 22.1939 7
    endloop
  endfacet
  facet normal 0 0 1
    outer loop
      vertex -6.76868 20.7387 7
      vertex -8.14754 22.1175 7
      vertex -6.98682 20.541 7
    endloop
  endfacet
  facet normal -0 0 1
    outer loop
      vertex -8.22389 22.0483 7
      vertex -6.98682 20.541 7
      vertex -8.14754 22.1175 7
    endloop
  endfacet
  facet normal 0 0 1
    outer loop
      vertex -6.98682 20.541 7
      vertex -8.22389 22.0483 7
      vertex -7.22329 20.3656 7
    endloop
  endfacet
  facet normal -0 0 1
    outer loop
      vertex -8.30665 21.987 7
      vertex -7.22329 20.3656 7
      vertex -8.22389 22.0483 7
    endloop
  endfacet
  facet normal 0 0 1
    outer loop
      vertex -7.22329 20.3656 7
      vertex -8.30665 21.987 7
      vertex -7.47581 20.2142 7
    endloop
  endfacet
  facet normal -0 0 1
    outer loop
      vertex -8.39503 21.934 7
      vertex -7.47581 20.2142 7
      vertex -8.30665 21.987 7
    endloop
  endfacet
  facet normal 0 0 1
    outer loop
      vertex -7.47581 20.2142 7
      vertex -8.39503 21.934 7
      vertex -7.74195 20.0884 7
    endloop
  endfacet
  facet normal -0 0 1
    outer loop
      vertex -8.48818 21.8899 7
      vertex -7.74195 20.0884 7
      vertex -8.39503 21.934 7
    endloop
  endfacet
  facet normal 0 0 1
    outer loop
      vertex -7.74195 20.0884 7
      vertex -8.48818 21.8899 7
      vertex -8.01915 19.9892 7
    endloop
  endfacet
  facet normal -0 0 1
    outer loop
      vertex -8.5852 21.8552 7
      vertex -8.01915 19.9892 7
      vertex -8.48818 21.8899 7
    endloop
  endfacet
  facet normal 0 0 1
    outer loop
      vertex -8.01915 19.9892 7
      vertex -8.5852 21.8552 7
      vertex -8.30473 19.9176 7
    endloop
  endfacet
  facet normal -0 0 1
    outer loop
      vertex -8.68515 21.8302 7
      vertex -8.30473 19.9176 7
      vertex -8.5852 21.8552 7
    endloop
  endfacet
  facet normal 0 0 1
    outer loop
      vertex -8.30473 19.9176 7
      vertex -8.68515 21.8302 7
      vertex -8.59595 19.8744 7
    endloop
  endfacet
  facet normal -0 0 1
    outer loop
      vertex -8.78708 21.8151 7
      vertex -8.59595 19.8744 7
      vertex -8.68515 21.8302 7
    endloop
  endfacet
  facet normal -0 0 1
    outer loop
      vertex -8.89 21.81 7
      vertex -8.59595 19.8744 7
      vertex -8.78708 21.8151 7
    endloop
  endfacet
  facet normal 0 0 1
    outer loop
      vertex -8.89 21.81 7
      vertex -8.89 19.86 7
      vertex -8.59595 19.8744 7
    endloop
  endfacet
  facet normal 0 0 1
    outer loop
      vertex -8.99292 21.8151 7
      vertex -8.89 19.86 7
      vertex -8.89 21.81 7
    endloop
  endfacet
  facet normal 0 0 1
    outer loop
      vertex -9.18405 19.8744 7
      vertex -8.99292 21.8151 7
      vertex -9.09484 21.8302 7
    endloop
  endfacet
  facet normal 0 0 1
    outer loop
      vertex -8.99292 21.8151 7
      vertex -9.18405 19.8744 7
      vertex -8.89 19.86 7
    endloop
  endfacet
  facet normal 0 0 1
    outer loop
      vertex -9.47527 19.9176 7
      vertex -9.09484 21.8302 7
      vertex -9.1948 21.8552 7
    endloop
  endfacet
  facet normal 0 0 1
    outer loop
      vertex -9.76085 19.9892 7
      vertex -9.1948 21.8552 7
      vertex -9.29182 21.8899 7
    endloop
  endfacet
  facet normal 0 0 1
    outer loop
      vertex -10.038 20.0884 7
      vertex -9.29182 21.8899 7
      vertex -9.38497 21.934 7
    endloop
  endfacet
  facet normal 0 0 1
    outer loop
      vertex -10.3042 20.2142 7
      vertex -9.38497 21.934 7
      vertex -9.47335 21.987 7
    endloop
  endfacet
  facet normal 0 0 1
    outer loop
      vertex -9.09484 21.8302 7
      vertex -9.47527 19.9176 7
      vertex -9.18405 19.8744 7
    endloop
  endfacet
  facet normal 0 0 1
    outer loop
      vertex -10.5567 20.3656 7
      vertex -9.47335 21.987 7
      vertex -9.55611 22.0483 7
    endloop
  endfacet
  facet normal 0 0 1
    outer loop
      vertex -10.7932 20.541 7
      vertex -9.55611 22.0483 7
      vertex -9.63246 22.1175 7
    endloop
  endfacet
  facet normal 0 0 1
    outer loop
      vertex -11.0113 20.7387 7
      vertex -9.63246 22.1175 7
      vertex -9.70166 22.1939 7
    endloop
  endfacet
  facet normal 0 0 1
    outer loop
      vertex -9.1948 21.8552 7
      vertex -9.76085 19.9892 7
      vertex -9.47527 19.9176 7
    endloop
  endfacet
  facet normal 0 0 1
    outer loop
      vertex -11.209 20.9568 7
      vertex -9.70166 22.1939 7
      vertex -9.76304 22.2766 7
    endloop
  endfacet
  facet normal 0 0 1
    outer loop
      vertex -11.3844 21.1933 7
      vertex -9.76304 22.2766 7
      vertex -9.81602 22.365 7
    endloop
  endfacet
  facet normal 0 0 1
    outer loop
      vertex -11.5358 21.4458 7
      vertex -9.81602 22.365 7
      vertex -9.86007 22.4582 7
    endloop
  endfacet
  facet normal 0 0 1
    outer loop
      vertex -11.6616 21.7119 7
      vertex -9.86007 22.4582 7
      vertex -9.89479 22.5552 7
    endloop
  endfacet
  facet normal 0 0 1
    outer loop
      vertex -11.7608 21.9891 7
      vertex -9.89479 22.5552 7
      vertex -9.91982 22.6552 7
    endloop
  endfacet
  facet normal 0 0 1
    outer loop
      vertex -11.8324 22.2747 7
      vertex -9.91982 22.6552 7
      vertex -9.93494 22.7571 7
    endloop
  endfacet
  facet normal 0 0 1
    outer loop
      vertex -9.29182 21.8899 7
      vertex -10.038 20.0884 7
      vertex -9.76085 19.9892 7
    endloop
  endfacet
  facet normal 0 0 1
    outer loop
      vertex -11.8756 22.5659 7
      vertex -9.93494 22.7571 7
      vertex -9.94 22.86 7
    endloop
  endfacet
  facet normal 0 0 1
    outer loop
      vertex -9.76304 23.4433 7
      vertex -11.3844 24.5267 7
      vertex -9.81602 23.355 7
    endloop
  endfacet
  facet normal -0 0 1
    outer loop
      vertex -11.5358 24.2742 7
      vertex -9.81602 23.355 7
      vertex -11.3844 24.5267 7
    endloop
  endfacet
  facet normal 0 0 1
    outer loop
      vertex -9.38497 21.934 7
      vertex -10.3042 20.2142 7
      vertex -10.038 20.0884 7
    endloop
  endfacet
  facet normal 0 0 1
    outer loop
      vertex -9.81602 23.355 7
      vertex -11.5358 24.2742 7
      vertex -9.86007 23.2618 7
    endloop
  endfacet
  facet normal 0 0 1
    outer loop
      vertex -9.47335 21.987 7
      vertex -10.5567 20.3656 7
      vertex -10.3042 20.2142 7
    endloop
  endfacet
  facet normal -0 0 1
    outer loop
      vertex -11.6616 24.008 7
      vertex -9.86007 23.2618 7
      vertex -11.5358 24.2742 7
    endloop
  endfacet
  facet normal 0 0 1
    outer loop
      vertex -9.55611 22.0483 7
      vertex -10.7932 20.541 7
      vertex -10.5567 20.3656 7
    endloop
  endfacet
  facet normal 0 0 1
    outer loop
      vertex -9.86007 23.2618 7
      vertex -11.6616 24.008 7
      vertex -9.89479 23.1648 7
    endloop
  endfacet
  facet normal 0 0 1
    outer loop
      vertex -9.63246 22.1175 7
      vertex -11.0113 20.7387 7
      vertex -10.7932 20.541 7
    endloop
  endfacet
  facet normal -0 0 1
    outer loop
      vertex -11.7608 23.7309 7
      vertex -9.89479 23.1648 7
      vertex -11.6616 24.008 7
    endloop
  endfacet
  facet normal 0 0 1
    outer loop
      vertex -9.70166 22.1939 7
      vertex -11.209 20.9568 7
      vertex -11.0113 20.7387 7
    endloop
  endfacet
  facet normal 0 0 1
    outer loop
      vertex -9.89479 23.1648 7
      vertex -11.7608 23.7309 7
      vertex -9.91982 23.0648 7
    endloop
  endfacet
  facet normal 0 0 1
    outer loop
      vertex -9.76304 22.2766 7
      vertex -11.3844 21.1933 7
      vertex -11.209 20.9568 7
    endloop
  endfacet
  facet normal -0 0 1
    outer loop
      vertex -11.8324 23.4453 7
      vertex -9.91982 23.0648 7
      vertex -11.7608 23.7309 7
    endloop
  endfacet
  facet normal 0 0 1
    outer loop
      vertex -9.81602 22.365 7
      vertex -11.5358 21.4458 7
      vertex -11.3844 21.1933 7
    endloop
  endfacet
  facet normal 0 0 1
    outer loop
      vertex -9.91982 23.0648 7
      vertex -11.8324 23.4453 7
      vertex -9.93494 22.9629 7
    endloop
  endfacet
  facet normal 0 0 1
    outer loop
      vertex -9.86007 22.4582 7
      vertex -11.6616 21.7119 7
      vertex -11.5358 21.4458 7
    endloop
  endfacet
  facet normal -0 0 1
    outer loop
      vertex -11.8756 23.1541 7
      vertex -9.93494 22.9629 7
      vertex -11.8324 23.4453 7
    endloop
  endfacet
  facet normal 0 0 1
    outer loop
      vertex -9.89479 22.5552 7
      vertex -11.7608 21.9891 7
      vertex -11.6616 21.7119 7
    endloop
  endfacet
  facet normal 0 0 1
    outer loop
      vertex -9.93494 22.9629 7
      vertex -11.8756 23.1541 7
      vertex -9.94 22.86 7
    endloop
  endfacet
  facet normal 0 0 1
    outer loop
      vertex -9.91982 22.6552 7
      vertex -11.8324 22.2747 7
      vertex -11.7608 21.9891 7
    endloop
  endfacet
  facet normal 0 0 1
    outer loop
      vertex -11.89 22.86 7
      vertex -9.94 22.86 7
      vertex -11.8756 23.1541 7
    endloop
  endfacet
  facet normal 0 0 1
    outer loop
      vertex -9.93494 22.7571 7
      vertex -11.8756 22.5659 7
      vertex -11.8324 22.2747 7
    endloop
  endfacet
  facet normal 0 0 1
    outer loop
      vertex -9.94 22.86 7
      vertex -11.89 22.86 7
      vertex -11.8756 22.5659 7
    endloop
  endfacet
  facet normal 0.336939 -0.941527 0
    outer loop
      vertex -8.01915 19.9892 3
      vertex -7.74195 20.0884 7
      vertex -8.01915 19.9892 7
    endloop
  endfacet
  facet normal 0.336939 -0.941527 0
    outer loop
      vertex -7.74195 20.0884 7
      vertex -8.01915 19.9892 3
      vertex -7.74195 20.0884 3
    endloop
  endfacet
  facet normal -0.969982 0.243175 0
    outer loop
      vertex -11.8324 23.4453 3
      vertex -11.7608 23.7309 7
      vertex -11.7608 23.7309 3
    endloop
  endfacet
  facet normal -0.969982 0.243175 0
    outer loop
      vertex -11.7608 23.7309 7
      vertex -11.8324 23.4453 3
      vertex -11.8324 23.4453 7
    endloop
  endfacet
  facet normal -0.671607 0.740908 0
    outer loop
      vertex -10.7932 25.179 3
      vertex -11.0113 24.9813 7
      vertex -10.7932 25.179 7
    endloop
  endfacet
  facet normal -0.671607 0.740908 0
    outer loop
      vertex -11.0113 24.9813 7
      vertex -10.7932 25.179 3
      vertex -11.0113 24.9813 3
    endloop
  endfacet
  facet normal -0.514246 0.857643 0
    outer loop
      vertex -10.3042 25.5058 3
      vertex -10.5567 25.3544 7
      vertex -10.3042 25.5058 7
    endloop
  endfacet
  facet normal -0.514246 0.857643 0
    outer loop
      vertex -10.5567 25.3544 7
      vertex -10.3042 25.5058 3
      vertex -10.5567 25.3544 3
    endloop
  endfacet
  facet normal 0.146736 -0.989176 0
    outer loop
      vertex -8.59595 19.8744 3
      vertex -8.30473 19.9176 7
      vertex -8.59595 19.8744 7
    endloop
  endfacet
  facet normal 0.146736 -0.989176 0
    outer loop
      vertex -8.30473 19.9176 7
      vertex -8.59595 19.8744 3
      vertex -8.30473 19.9176 3
    endloop
  endfacet
  facet normal -0.803208 0.595699 0
    outer loop
      vertex -11.3844 24.5267 3
      vertex -11.209 24.7632 7
      vertex -11.209 24.7632 3
    endloop
  endfacet
  facet normal -0.803208 0.595699 0
    outer loop
      vertex -11.209 24.7632 7
      vertex -11.3844 24.5267 3
      vertex -11.3844 24.5267 7
    endloop
  endfacet
  facet normal 0.90402 0.427491 0
    outer loop
      vertex -6.11836 24.008 7
      vertex -6.24424 24.2742 3
      vertex -6.24424 24.2742 7
    endloop
  endfacet
  facet normal 0.90402 0.427491 0
    outer loop
      vertex -6.24424 24.2742 3
      vertex -6.11836 24.008 7
      vertex -6.11836 24.008 3
    endloop
  endfacet
  facet normal -0.941488 0.337047 0
    outer loop
      vertex -11.7608 23.7309 3
      vertex -11.6616 24.008 7
      vertex -11.6616 24.008 3
    endloop
  endfacet
  facet normal -0.941488 0.337047 0
    outer loop
      vertex -11.6616 24.008 7
      vertex -11.7608 23.7309 3
      vertex -11.7608 23.7309 7
    endloop
  endfacet
  facet normal -0.336993 -0.941507 0
    outer loop
      vertex -10.038 20.0884 3
      vertex -9.76085 19.9892 7
      vertex -10.038 20.0884 7
    endloop
  endfacet
  facet normal -0.336993 -0.941507 -0
    outer loop
      vertex -9.76085 19.9892 7
      vertex -10.038 20.0884 3
      vertex -9.76085 19.9892 3
    endloop
  endfacet
  facet normal 0.595747 0.803172 -0
    outer loop
      vertex -6.98682 25.179 3
      vertex -7.22329 25.3544 7
      vertex -6.98682 25.179 7
    endloop
  endfacet
  facet normal 0.595747 0.803172 0
    outer loop
      vertex -7.22329 25.3544 7
      vertex -6.98682 25.179 3
      vertex -7.22329 25.3544 3
    endloop
  endfacet
  facet normal -0.904125 0.427269 0
    outer loop
      vertex -11.6616 24.008 3
      vertex -11.5358 24.2742 7
      vertex -11.5358 24.2742 3
    endloop
  endfacet
  facet normal -0.904125 0.427269 0
    outer loop
      vertex -11.5358 24.2742 7
      vertex -11.6616 24.008 3
      vertex -11.6616 24.008 7
    endloop
  endfacet
  facet normal 0.803241 -0.595655 0
    outer loop
      vertex -6.57097 20.9568 7
      vertex -6.39559 21.1933 3
      vertex -6.39559 21.1933 7
    endloop
  endfacet
  facet normal 0.803241 -0.595655 0
    outer loop
      vertex -6.39559 21.1933 3
      vertex -6.57097 20.9568 7
      vertex -6.57097 20.9568 3
    endloop
  endfacet
  facet normal 0.146736 0.989176 -0
    outer loop
      vertex -8.30473 25.8024 3
      vertex -8.59595 25.8456 7
      vertex -8.30473 25.8024 7
    endloop
  endfacet
  facet normal 0.146736 0.989176 0
    outer loop
      vertex -8.59595 25.8456 7
      vertex -8.30473 25.8024 3
      vertex -8.59595 25.8456 3
    endloop
  endfacet
  facet normal -0.989174 0.146746 0
    outer loop
      vertex -11.8756 23.1541 3
      vertex -11.8324 23.4453 7
      vertex -11.8324 23.4453 3
    endloop
  endfacet
  facet normal -0.989174 0.146746 0
    outer loop
      vertex -11.8324 23.4453 7
      vertex -11.8756 23.1541 3
      vertex -11.8756 23.1541 7
    endloop
  endfacet
  facet normal 0.803241 0.595655 0
    outer loop
      vertex -6.39559 24.5267 7
      vertex -6.57097 24.7632 3
      vertex -6.57097 24.7632 7
    endloop
  endfacet
  facet normal 0.803241 0.595655 0
    outer loop
      vertex -6.57097 24.7632 3
      vertex -6.39559 24.5267 7
      vertex -6.39559 24.5267 3
    endloop
  endfacet
  facet normal 0.0489126 0.998803 -0
    outer loop
      vertex -8.59595 25.8456 3
      vertex -8.89 25.86 7
      vertex -8.59595 25.8456 7
    endloop
  endfacet
  facet normal 0.0489126 0.998803 0
    outer loop
      vertex -8.89 25.86 7
      vertex -8.59595 25.8456 3
      vertex -8.89 25.86 3
    endloop
  endfacet
  facet normal -0.146736 0.989176 0
    outer loop
      vertex -9.18405 25.8456 3
      vertex -9.47527 25.8024 7
      vertex -9.18405 25.8456 7
    endloop
  endfacet
  facet normal -0.146736 0.989176 0
    outer loop
      vertex -9.47527 25.8024 7
      vertex -9.18405 25.8456 3
      vertex -9.47527 25.8024 3
    endloop
  endfacet
  facet normal -0.857643 -0.514246 0
    outer loop
      vertex -11.3844 21.1933 3
      vertex -11.5358 21.4458 7
      vertex -11.5358 21.4458 3
    endloop
  endfacet
  facet normal -0.857643 -0.514246 0
    outer loop
      vertex -11.5358 21.4458 7
      vertex -11.3844 21.1933 3
      vertex -11.3844 21.1933 7
    endloop
  endfacet
  facet normal -0.941527 -0.336939 0
    outer loop
      vertex -11.6616 21.7119 3
      vertex -11.7608 21.9891 7
      vertex -11.7608 21.9891 3
    endloop
  endfacet
  facet normal -0.941527 -0.336939 0
    outer loop
      vertex -11.7608 21.9891 7
      vertex -11.6616 21.7119 3
      vertex -11.6616 21.7119 7
    endloop
  endfacet
  facet normal -0.427269 0.904125 0
    outer loop
      vertex -10.038 25.6316 3
      vertex -10.3042 25.5058 7
      vertex -10.038 25.6316 7
    endloop
  endfacet
  facet normal -0.427269 0.904125 0
    outer loop
      vertex -10.3042 25.5058 7
      vertex -10.038 25.6316 3
      vertex -10.3042 25.5058 3
    endloop
  endfacet
  facet normal 0.903958 -0.427622 0
    outer loop
      vertex -6.24424 21.4458 7
      vertex -6.11836 21.7119 3
      vertex -6.11836 21.7119 7
    endloop
  endfacet
  facet normal 0.903958 -0.427622 0
    outer loop
      vertex -6.11836 21.7119 3
      vertex -6.24424 21.4458 7
      vertex -6.24424 21.4458 3
    endloop
  endfacet
  facet normal -0.595699 -0.803208 0
    outer loop
      vertex -10.7932 20.541 3
      vertex -10.5567 20.3656 7
      vertex -10.7932 20.541 7
    endloop
  endfacet
  facet normal -0.595699 -0.803208 -0
    outer loop
      vertex -10.5567 20.3656 7
      vertex -10.7932 20.541 3
      vertex -10.5567 20.3656 3
    endloop
  endfacet
  facet normal -0.857643 0.514246 0
    outer loop
      vertex -11.5358 24.2742 3
      vertex -11.3844 24.5267 7
      vertex -11.3844 24.5267 3
    endloop
  endfacet
  facet normal -0.857643 0.514246 0
    outer loop
      vertex -11.3844 24.5267 7
      vertex -11.5358 24.2742 3
      vertex -11.5358 24.2742 7
    endloop
  endfacet
  facet normal 0.998795 -0.0490738 0
    outer loop
      vertex -5.90445 22.5659 7
      vertex -5.89 22.86 3
      vertex -5.89 22.86 7
    endloop
  endfacet
  facet normal 0.998795 -0.0490738 0
    outer loop
      vertex -5.89 22.86 3
      vertex -5.90445 22.5659 7
      vertex -5.90445 22.5659 3
    endloop
  endfacet
  facet normal 0.941548 -0.336879 0
    outer loop
      vertex -6.11836 21.7119 7
      vertex -6.01918 21.9891 3
      vertex -6.01918 21.9891 7
    endloop
  endfacet
  facet normal 0.941548 -0.336879 0
    outer loop
      vertex -6.01918 21.9891 3
      vertex -6.11836 21.7119 7
      vertex -6.11836 21.7119 3
    endloop
  endfacet
  facet normal 0.243191 -0.969978 0
    outer loop
      vertex -8.30473 19.9176 3
      vertex -8.01915 19.9892 7
      vertex -8.30473 19.9176 7
    endloop
  endfacet
  facet normal 0.243191 -0.969978 0
    outer loop
      vertex -8.01915 19.9892 7
      vertex -8.30473 19.9176 3
      vertex -8.01915 19.9892 3
    endloop
  endfacet
  facet normal 0.857718 0.514121 0
    outer loop
      vertex -6.24424 24.2742 7
      vertex -6.39559 24.5267 3
      vertex -6.39559 24.5267 7
    endloop
  endfacet
  facet normal 0.857718 0.514121 0
    outer loop
      vertex -6.39559 24.5267 3
      vertex -6.24424 24.2742 7
      vertex -6.24424 24.2742 3
    endloop
  endfacet
  facet normal 0.94151 0.336986 0
    outer loop
      vertex -6.01918 23.7309 7
      vertex -6.11836 24.008 3
      vertex -6.11836 24.008 7
    endloop
  endfacet
  facet normal 0.94151 0.336986 0
    outer loop
      vertex -6.11836 24.008 3
      vertex -6.01918 23.7309 7
      vertex -6.01918 23.7309 3
    endloop
  endfacet
  facet normal -0.998803 -0.0489044 0
    outer loop
      vertex -11.8756 22.5659 3
      vertex -11.89 22.86 7
      vertex -11.89 22.86 3
    endloop
  endfacet
  facet normal -0.998803 -0.0489044 0
    outer loop
      vertex -11.89 22.86 7
      vertex -11.8756 22.5659 3
      vertex -11.8756 22.5659 7
    endloop
  endfacet
  facet normal 0.989179 -0.146712 0
    outer loop
      vertex -5.94764 22.2747 7
      vertex -5.90445 22.5659 3
      vertex -5.90445 22.5659 7
    endloop
  endfacet
  facet normal 0.989179 -0.146712 0
    outer loop
      vertex -5.90445 22.5659 3
      vertex -5.94764 22.2747 7
      vertex -5.94764 22.2747 3
    endloop
  endfacet
  facet normal -0.671607 -0.740908 0
    outer loop
      vertex -11.0113 20.7387 3
      vertex -10.7932 20.541 7
      vertex -11.0113 20.7387 7
    endloop
  endfacet
  facet normal -0.671607 -0.740908 -0
    outer loop
      vertex -10.7932 20.541 7
      vertex -11.0113 20.7387 3
      vertex -10.7932 20.541 3
    endloop
  endfacet
  facet normal 0.970031 -0.242983 0
    outer loop
      vertex -6.01918 21.9891 7
      vertex -5.94764 22.2747 3
      vertex -5.94764 22.2747 7
    endloop
  endfacet
  facet normal 0.970031 -0.242983 0
    outer loop
      vertex -5.94764 22.2747 3
      vertex -6.01918 21.9891 7
      vertex -6.01918 21.9891 3
    endloop
  endfacet
  facet normal 0.671539 0.740969 -0
    outer loop
      vertex -6.76868 24.9813 3
      vertex -6.98682 25.179 7
      vertex -6.76868 24.9813 7
    endloop
  endfacet
  facet normal 0.671539 0.740969 0
    outer loop
      vertex -6.98682 25.179 7
      vertex -6.76868 24.9813 3
      vertex -6.98682 25.179 3
    endloop
  endfacet
  facet normal 0.336939 0.941527 -0
    outer loop
      vertex -7.74195 25.6316 3
      vertex -8.01915 25.7308 7
      vertex -7.74195 25.6316 7
    endloop
  endfacet
  facet normal 0.336939 0.941527 0
    outer loop
      vertex -8.01915 25.7308 7
      vertex -7.74195 25.6316 3
      vertex -8.01915 25.7308 3
    endloop
  endfacet
  facet normal -0.336993 0.941507 0
    outer loop
      vertex -9.76085 25.7308 3
      vertex -10.038 25.6316 7
      vertex -9.76085 25.7308 7
    endloop
  endfacet
  facet normal -0.336993 0.941507 0
    outer loop
      vertex -10.038 25.6316 7
      vertex -9.76085 25.7308 3
      vertex -10.038 25.6316 3
    endloop
  endfacet
  facet normal -0.514246 -0.857643 0
    outer loop
      vertex -10.5567 20.3656 3
      vertex -10.3042 20.2142 7
      vertex -10.5567 20.3656 7
    endloop
  endfacet
  facet normal -0.514246 -0.857643 -0
    outer loop
      vertex -10.3042 20.2142 7
      vertex -10.5567 20.3656 3
      vertex -10.3042 20.2142 3
    endloop
  endfacet
  facet normal 0.857718 -0.514121 0
    outer loop
      vertex -6.39559 21.1933 7
      vertex -6.24424 21.4458 3
      vertex -6.24424 21.4458 7
    endloop
  endfacet
  facet normal 0.857718 -0.514121 0
    outer loop
      vertex -6.24424 21.4458 3
      vertex -6.39559 21.1933 7
      vertex -6.39559 21.1933 3
    endloop
  endfacet
  facet normal 0.427347 0.904088 -0
    outer loop
      vertex -7.47581 25.5058 3
      vertex -7.74195 25.6316 7
      vertex -7.47581 25.5058 7
    endloop
  endfacet
  facet normal 0.427347 0.904088 0
    outer loop
      vertex -7.74195 25.6316 7
      vertex -7.47581 25.5058 3
      vertex -7.74195 25.6316 3
    endloop
  endfacet
  facet normal -0.146736 -0.989176 0
    outer loop
      vertex -9.47527 19.9176 3
      vertex -9.18405 19.8744 7
      vertex -9.47527 19.9176 7
    endloop
  endfacet
  facet normal -0.146736 -0.989176 -0
    outer loop
      vertex -9.18405 19.8744 7
      vertex -9.47527 19.9176 3
      vertex -9.18405 19.8744 3
    endloop
  endfacet
  facet normal -0.595699 0.803208 0
    outer loop
      vertex -10.5567 25.3544 3
      vertex -10.7932 25.179 7
      vertex -10.5567 25.3544 7
    endloop
  endfacet
  facet normal -0.595699 0.803208 0
    outer loop
      vertex -10.7932 25.179 7
      vertex -10.5567 25.3544 3
      vertex -10.7932 25.179 3
    endloop
  endfacet
  facet normal -0.0489126 -0.998803 0
    outer loop
      vertex -9.18405 19.8744 3
      vertex -8.89 19.86 7
      vertex -9.18405 19.8744 7
    endloop
  endfacet
  facet normal -0.0489126 -0.998803 -0
    outer loop
      vertex -8.89 19.86 7
      vertex -9.18405 19.8744 3
      vertex -8.89 19.86 3
    endloop
  endfacet
  facet normal -0.740908 0.671607 0
    outer loop
      vertex -11.209 24.7632 3
      vertex -11.0113 24.9813 7
      vertex -11.0113 24.9813 3
    endloop
  endfacet
  facet normal -0.740908 0.671607 0
    outer loop
      vertex -11.0113 24.9813 7
      vertex -11.209 24.7632 3
      vertex -11.209 24.7632 7
    endloop
  endfacet
  facet normal 0.0489126 -0.998803 0
    outer loop
      vertex -8.89 19.86 3
      vertex -8.59595 19.8744 7
      vertex -8.89 19.86 7
    endloop
  endfacet
  facet normal 0.0489126 -0.998803 0
    outer loop
      vertex -8.59595 19.8744 7
      vertex -8.89 19.86 3
      vertex -8.59595 19.8744 3
    endloop
  endfacet
  facet normal -0.243191 -0.969978 0
    outer loop
      vertex -9.76085 19.9892 3
      vertex -9.47527 19.9176 7
      vertex -9.76085 19.9892 7
    endloop
  endfacet
  facet normal -0.243191 -0.969978 -0
    outer loop
      vertex -9.47527 19.9176 7
      vertex -9.76085 19.9892 3
      vertex -9.47527 19.9176 3
    endloop
  endfacet
  facet normal 0.671539 -0.740969 0
    outer loop
      vertex -6.98682 20.541 3
      vertex -6.76868 20.7387 7
      vertex -6.98682 20.541 7
    endloop
  endfacet
  facet normal 0.671539 -0.740969 0
    outer loop
      vertex -6.76868 20.7387 7
      vertex -6.98682 20.541 3
      vertex -6.76868 20.7387 3
    endloop
  endfacet
  facet normal 0.243191 0.969978 -0
    outer loop
      vertex -8.01915 25.7308 3
      vertex -8.30473 25.8024 7
      vertex -8.01915 25.7308 7
    endloop
  endfacet
  facet normal 0.243191 0.969978 0
    outer loop
      vertex -8.30473 25.8024 7
      vertex -8.01915 25.7308 3
      vertex -8.30473 25.8024 3
    endloop
  endfacet
  facet normal -0.969982 -0.243175 0
    outer loop
      vertex -11.7608 21.9891 3
      vertex -11.8324 22.2747 7
      vertex -11.8324 22.2747 3
    endloop
  endfacet
  facet normal -0.969982 -0.243175 0
    outer loop
      vertex -11.8324 22.2747 7
      vertex -11.7608 21.9891 3
      vertex -11.7608 21.9891 7
    endloop
  endfacet
  facet normal -0.427269 -0.904125 0
    outer loop
      vertex -10.3042 20.2142 3
      vertex -10.038 20.0884 7
      vertex -10.3042 20.2142 7
    endloop
  endfacet
  facet normal -0.427269 -0.904125 -0
    outer loop
      vertex -10.038 20.0884 7
      vertex -10.3042 20.2142 3
      vertex -10.038 20.0884 3
    endloop
  endfacet
  facet normal -0.740908 -0.671607 0
    outer loop
      vertex -11.0113 20.7387 3
      vertex -11.209 20.9568 7
      vertex -11.209 20.9568 3
    endloop
  endfacet
  facet normal -0.740908 -0.671607 0
    outer loop
      vertex -11.209 20.9568 7
      vertex -11.0113 20.7387 3
      vertex -11.0113 20.7387 7
    endloop
  endfacet
  facet normal 0.427347 -0.904088 0
    outer loop
      vertex -7.74195 20.0884 3
      vertex -7.47581 20.2142 7
      vertex -7.74195 20.0884 7
    endloop
  endfacet
  facet normal 0.427347 -0.904088 0
    outer loop
      vertex -7.47581 20.2142 7
      vertex -7.74195 20.0884 3
      vertex -7.47581 20.2142 3
    endloop
  endfacet
  facet normal -0.0489126 0.998803 0
    outer loop
      vertex -8.89 25.86 3
      vertex -9.18405 25.8456 7
      vertex -8.89 25.86 7
    endloop
  endfacet
  facet normal -0.0489126 0.998803 0
    outer loop
      vertex -9.18405 25.8456 7
      vertex -8.89 25.86 3
      vertex -9.18405 25.8456 3
    endloop
  endfacet
  facet normal -0.989174 -0.146746 0
    outer loop
      vertex -11.8324 22.2747 3
      vertex -11.8756 22.5659 7
      vertex -11.8756 22.5659 3
    endloop
  endfacet
  facet normal -0.989174 -0.146746 0
    outer loop
      vertex -11.8756 22.5659 7
      vertex -11.8324 22.2747 3
      vertex -11.8324 22.2747 7
    endloop
  endfacet
  facet normal 0.740891 0.671625 0
    outer loop
      vertex -6.57097 24.7632 7
      vertex -6.76868 24.9813 3
      vertex -6.76868 24.9813 7
    endloop
  endfacet
  facet normal 0.740891 0.671625 0
    outer loop
      vertex -6.76868 24.9813 3
      vertex -6.57097 24.7632 7
      vertex -6.57097 24.7632 3
    endloop
  endfacet
  facet normal 0.595747 -0.803172 0
    outer loop
      vertex -7.22329 20.3656 3
      vertex -6.98682 20.541 7
      vertex -7.22329 20.3656 7
    endloop
  endfacet
  facet normal 0.595747 -0.803172 0
    outer loop
      vertex -6.98682 20.541 7
      vertex -7.22329 20.3656 3
      vertex -6.98682 20.541 3
    endloop
  endfacet
  facet normal -0.803208 -0.595699 0
    outer loop
      vertex -11.209 20.9568 3
      vertex -11.3844 21.1933 7
      vertex -11.3844 21.1933 3
    endloop
  endfacet
  facet normal -0.803208 -0.595699 0
    outer loop
      vertex -11.3844 21.1933 7
      vertex -11.209 20.9568 3
      vertex -11.209 20.9568 7
    endloop
  endfacet
  facet normal -0.998803 0.0489044 0
    outer loop
      vertex -11.89 22.86 3
      vertex -11.8756 23.1541 7
      vertex -11.8756 23.1541 3
    endloop
  endfacet
  facet normal -0.998803 0.0489044 0
    outer loop
      vertex -11.8756 23.1541 7
      vertex -11.89 22.86 3
      vertex -11.89 22.86 7
    endloop
  endfacet
  facet normal 0.740891 -0.671625 0
    outer loop
      vertex -6.76868 20.7387 7
      vertex -6.57097 20.9568 3
      vertex -6.57097 20.9568 7
    endloop
  endfacet
  facet normal 0.740891 -0.671625 0
    outer loop
      vertex -6.57097 20.9568 3
      vertex -6.76868 20.7387 7
      vertex -6.76868 20.7387 3
    endloop
  endfacet
  facet normal 0.989174 0.146746 0
    outer loop
      vertex 11.8756 -22.5659 7
      vertex 11.8324 -22.2747 3
      vertex 11.8324 -22.2747 7
    endloop
  endfacet
  facet normal 0.989174 0.146746 0
    outer loop
      vertex 11.8324 -22.2747 3
      vertex 11.8756 -22.5659 7
      vertex 11.8756 -22.5659 3
    endloop
  endfacet
  facet normal 0.998803 0.0489044 0
    outer loop
      vertex 11.89 -22.86 7
      vertex 11.8756 -22.5659 3
      vertex 11.8756 -22.5659 7
    endloop
  endfacet
  facet normal 0.998803 0.0489044 0
    outer loop
      vertex 11.8756 -22.5659 3
      vertex 11.89 -22.86 7
      vertex 11.89 -22.86 3
    endloop
  endfacet
  facet normal 0.969982 0.243175 0
    outer loop
      vertex 11.8324 -22.2747 7
      vertex 11.7608 -21.9891 3
      vertex 11.7608 -21.9891 7
    endloop
  endfacet
  facet normal 0.969982 0.243175 0
    outer loop
      vertex 11.7608 -21.9891 3
      vertex 11.8324 -22.2747 7
      vertex 11.8324 -22.2747 3
    endloop
  endfacet
  facet normal -0.989179 -0.146712 0
    outer loop
      vertex 5.94764 -23.4453 3
      vertex 5.90445 -23.1541 7
      vertex 5.90445 -23.1541 3
    endloop
  endfacet
  facet normal -0.989179 -0.146712 0
    outer loop
      vertex 5.90445 -23.1541 7
      vertex 5.94764 -23.4453 3
      vertex 5.94764 -23.4453 7
    endloop
  endfacet
  facet normal -0.90402 -0.427491 0
    outer loop
      vertex 6.24424 -24.2742 3
      vertex 6.11836 -24.008 7
      vertex 6.11836 -24.008 3
    endloop
  endfacet
  facet normal -0.90402 -0.427491 0
    outer loop
      vertex 6.11836 -24.008 7
      vertex 6.24424 -24.2742 3
      vertex 6.24424 -24.2742 7
    endloop
  endfacet
  facet normal 0 0 1
    outer loop
      vertex 9.94 -22.86 7
      vertex 11.89 -22.86 7
      vertex 11.8756 -22.5659 7
    endloop
  endfacet
  facet normal 0 0 1
    outer loop
      vertex 9.93494 -22.7571 7
      vertex 11.8756 -22.5659 7
      vertex 11.8324 -22.2747 7
    endloop
  endfacet
  facet normal 0 0 1
    outer loop
      vertex 11.89 -22.86 7
      vertex 9.94 -22.86 7
      vertex 11.8756 -23.1541 7
    endloop
  endfacet
  facet normal 0 0 1
    outer loop
      vertex 9.91982 -22.6552 7
      vertex 11.8324 -22.2747 7
      vertex 11.7608 -21.9891 7
    endloop
  endfacet
  facet normal -0 0 1
    outer loop
      vertex 9.93494 -22.9629 7
      vertex 11.8756 -23.1541 7
      vertex 9.94 -22.86 7
    endloop
  endfacet
  facet normal 0 0 1
    outer loop
      vertex 9.89479 -22.5552 7
      vertex 11.7608 -21.9891 7
      vertex 11.6616 -21.7119 7
    endloop
  endfacet
  facet normal 0 0 1
    outer loop
      vertex 11.8756 -23.1541 7
      vertex 9.93494 -22.9629 7
      vertex 11.8324 -23.4453 7
    endloop
  endfacet
  facet normal 0 0 1
    outer loop
      vertex 9.86007 -22.4582 7
      vertex 11.6616 -21.7119 7
      vertex 11.5358 -21.4458 7
    endloop
  endfacet
  facet normal -0 0 1
    outer loop
      vertex 9.91982 -23.0648 7
      vertex 11.8324 -23.4453 7
      vertex 9.93494 -22.9629 7
    endloop
  endfacet
  facet normal 0 0 1
    outer loop
      vertex 9.81602 -22.365 7
      vertex 11.5358 -21.4458 7
      vertex 11.3844 -21.1933 7
    endloop
  endfacet
  facet normal 0 0 1
    outer loop
      vertex 11.8324 -23.4453 7
      vertex 9.91982 -23.0648 7
      vertex 11.7608 -23.7309 7
    endloop
  endfacet
  facet normal 0 0 1
    outer loop
      vertex 9.76304 -22.2766 7
      vertex 11.3844 -21.1933 7
      vertex 11.209 -20.9568 7
    endloop
  endfacet
  facet normal -0 0 1
    outer loop
      vertex 9.89479 -23.1648 7
      vertex 11.7608 -23.7309 7
      vertex 9.91982 -23.0648 7
    endloop
  endfacet
  facet normal 0 0 1
    outer loop
      vertex 9.70166 -22.1939 7
      vertex 11.209 -20.9568 7
      vertex 11.0113 -20.7387 7
    endloop
  endfacet
  facet normal 0 0 1
    outer loop
      vertex 11.7608 -23.7309 7
      vertex 9.89479 -23.1648 7
      vertex 11.6616 -24.008 7
    endloop
  endfacet
  facet normal 0 0 1
    outer loop
      vertex 9.63246 -22.1175 7
      vertex 11.0113 -20.7387 7
      vertex 10.7932 -20.541 7
    endloop
  endfacet
  facet normal -0 0 1
    outer loop
      vertex 9.86007 -23.2618 7
      vertex 11.6616 -24.008 7
      vertex 9.89479 -23.1648 7
    endloop
  endfacet
  facet normal 0 0 1
    outer loop
      vertex 9.55611 -22.0483 7
      vertex 10.7932 -20.541 7
      vertex 10.5567 -20.3656 7
    endloop
  endfacet
  facet normal 0 0 1
    outer loop
      vertex 11.6616 -24.008 7
      vertex 9.86007 -23.2618 7
      vertex 11.5358 -24.2742 7
    endloop
  endfacet
  facet normal 0 0 1
    outer loop
      vertex 9.47335 -21.987 7
      vertex 10.5567 -20.3656 7
      vertex 10.3042 -20.2142 7
    endloop
  endfacet
  facet normal -0 0 1
    outer loop
      vertex 9.81602 -23.355 7
      vertex 11.5358 -24.2742 7
      vertex 9.86007 -23.2618 7
    endloop
  endfacet
  facet normal 0 0 1
    outer loop
      vertex 9.38497 -21.934 7
      vertex 10.3042 -20.2142 7
      vertex 10.038 -20.0884 7
    endloop
  endfacet
  facet normal 0 0 1
    outer loop
      vertex 11.5358 -24.2742 7
      vertex 9.81602 -23.355 7
      vertex 11.3844 -24.5267 7
    endloop
  endfacet
  facet normal -0 0 1
    outer loop
      vertex 9.76304 -23.4433 7
      vertex 11.3844 -24.5267 7
      vertex 9.81602 -23.355 7
    endloop
  endfacet
  facet normal 0 0 1
    outer loop
      vertex 11.8756 -22.5659 7
      vertex 9.93494 -22.7571 7
      vertex 9.94 -22.86 7
    endloop
  endfacet
  facet normal 0 0 1
    outer loop
      vertex 11.8324 -22.2747 7
      vertex 9.91982 -22.6552 7
      vertex 9.93494 -22.7571 7
    endloop
  endfacet
  facet normal 0 0 1
    outer loop
      vertex 11.7608 -21.9891 7
      vertex 9.89479 -22.5552 7
      vertex 9.91982 -22.6552 7
    endloop
  endfacet
  facet normal 0 0 1
    outer loop
      vertex 11.6616 -21.7119 7
      vertex 9.86007 -22.4582 7
      vertex 9.89479 -22.5552 7
    endloop
  endfacet
  facet normal 0 0 1
    outer loop
      vertex 11.5358 -21.4458 7
      vertex 9.81602 -22.365 7
      vertex 9.86007 -22.4582 7
    endloop
  endfacet
  facet normal 0 0 1
    outer loop
      vertex 11.3844 -21.1933 7
      vertex 9.76304 -22.2766 7
      vertex 9.81602 -22.365 7
    endloop
  endfacet
  facet normal 0 0 1
    outer loop
      vertex 9.29182 -21.8899 7
      vertex 10.038 -20.0884 7
      vertex 9.76085 -19.9892 7
    endloop
  endfacet
  facet normal 0 0 1
    outer loop
      vertex 11.209 -20.9568 7
      vertex 9.70166 -22.1939 7
      vertex 9.76304 -22.2766 7
    endloop
  endfacet
  facet normal 0 0 1
    outer loop
      vertex 11.0113 -20.7387 7
      vertex 9.63246 -22.1175 7
      vertex 9.70166 -22.1939 7
    endloop
  endfacet
  facet normal 0 0 1
    outer loop
      vertex 10.7932 -20.541 7
      vertex 9.55611 -22.0483 7
      vertex 9.63246 -22.1175 7
    endloop
  endfacet
  facet normal 0 0 1
    outer loop
      vertex 9.1948 -21.8552 7
      vertex 9.76085 -19.9892 7
      vertex 9.47527 -19.9176 7
    endloop
  endfacet
  facet normal 0 0 1
    outer loop
      vertex 10.5567 -20.3656 7
      vertex 9.47335 -21.987 7
      vertex 9.55611 -22.0483 7
    endloop
  endfacet
  facet normal 0 0 1
    outer loop
      vertex 10.3042 -20.2142 7
      vertex 9.38497 -21.934 7
      vertex 9.47335 -21.987 7
    endloop
  endfacet
  facet normal 0 0 1
    outer loop
      vertex 10.038 -20.0884 7
      vertex 9.29182 -21.8899 7
      vertex 9.38497 -21.934 7
    endloop
  endfacet
  facet normal 0 0 1
    outer loop
      vertex 9.76085 -19.9892 7
      vertex 9.1948 -21.8552 7
      vertex 9.29182 -21.8899 7
    endloop
  endfacet
  facet normal 0 0 1
    outer loop
      vertex 9.09484 -21.8302 7
      vertex 9.47527 -19.9176 7
      vertex 9.18405 -19.8744 7
    endloop
  endfacet
  facet normal 0 0 1
    outer loop
      vertex 9.47527 -19.9176 7
      vertex 9.09484 -21.8302 7
      vertex 9.1948 -21.8552 7
    endloop
  endfacet
  facet normal 0 0 1
    outer loop
      vertex 9.18405 -19.8744 7
      vertex 8.99292 -21.8151 7
      vertex 9.09484 -21.8302 7
    endloop
  endfacet
  facet normal 0 0 1
    outer loop
      vertex 8.89 -19.86 7
      vertex 8.99292 -21.8151 7
      vertex 9.18405 -19.8744 7
    endloop
  endfacet
  facet normal 0 0 1
    outer loop
      vertex 8.89 -19.86 7
      vertex 8.89 -21.81 7
      vertex 8.99292 -21.8151 7
    endloop
  endfacet
  facet normal 0 0 1
    outer loop
      vertex 8.89 -19.86 7
      vertex 8.78708 -21.8151 7
      vertex 8.89 -21.81 7
    endloop
  endfacet
  facet normal -0 0 1
    outer loop
      vertex 8.59595 -19.8744 7
      vertex 8.78708 -21.8151 7
      vertex 8.89 -19.86 7
    endloop
  endfacet
  facet normal 0 0 1
    outer loop
      vertex 8.78708 -21.8151 7
      vertex 8.59595 -19.8744 7
      vertex 8.68515 -21.8302 7
    endloop
  endfacet
  facet normal -0 0 1
    outer loop
      vertex 8.30473 -19.9176 7
      vertex 8.68515 -21.8302 7
      vertex 8.59595 -19.8744 7
    endloop
  endfacet
  facet normal 0 0 1
    outer loop
      vertex 8.68515 -21.8302 7
      vertex 8.30473 -19.9176 7
      vertex 8.5852 -21.8552 7
    endloop
  endfacet
  facet normal -0 0 1
    outer loop
      vertex 8.01915 -19.9892 7
      vertex 8.5852 -21.8552 7
      vertex 8.30473 -19.9176 7
    endloop
  endfacet
  facet normal 0 0 1
    outer loop
      vertex 8.5852 -21.8552 7
      vertex 8.01915 -19.9892 7
      vertex 8.48818 -21.8899 7
    endloop
  endfacet
  facet normal -0 0 1
    outer loop
      vertex 7.74195 -20.0884 7
      vertex 8.48818 -21.8899 7
      vertex 8.01915 -19.9892 7
    endloop
  endfacet
  facet normal 0 0 1
    outer loop
      vertex 8.48818 -21.8899 7
      vertex 7.74195 -20.0884 7
      vertex 8.39503 -21.934 7
    endloop
  endfacet
  facet normal -0 0 1
    outer loop
      vertex 7.47581 -20.2142 7
      vertex 8.39503 -21.934 7
      vertex 7.74195 -20.0884 7
    endloop
  endfacet
  facet normal 0 0 1
    outer loop
      vertex 8.39503 -21.934 7
      vertex 7.47581 -20.2142 7
      vertex 8.30665 -21.987 7
    endloop
  endfacet
  facet normal -0 0 1
    outer loop
      vertex 7.22329 -20.3656 7
      vertex 8.30665 -21.987 7
      vertex 7.47581 -20.2142 7
    endloop
  endfacet
  facet normal 0 0 1
    outer loop
      vertex 8.30665 -21.987 7
      vertex 7.22329 -20.3656 7
      vertex 8.22389 -22.0483 7
    endloop
  endfacet
  facet normal -0 0 1
    outer loop
      vertex 6.98682 -20.541 7
      vertex 8.22389 -22.0483 7
      vertex 7.22329 -20.3656 7
    endloop
  endfacet
  facet normal 0 0 1
    outer loop
      vertex 8.22389 -22.0483 7
      vertex 6.98682 -20.541 7
      vertex 8.14754 -22.1175 7
    endloop
  endfacet
  facet normal -0 0 1
    outer loop
      vertex 6.76868 -20.7387 7
      vertex 8.14754 -22.1175 7
      vertex 6.98682 -20.541 7
    endloop
  endfacet
  facet normal 0 0 1
    outer loop
      vertex 8.14754 -22.1175 7
      vertex 6.76868 -20.7387 7
      vertex 8.07834 -22.1939 7
    endloop
  endfacet
  facet normal -0 0 1
    outer loop
      vertex 6.57097 -20.9568 7
      vertex 8.07834 -22.1939 7
      vertex 6.76868 -20.7387 7
    endloop
  endfacet
  facet normal -0 0 1
    outer loop
      vertex 6.39559 -21.1933 7
      vertex 8.01696 -22.2766 7
      vertex 6.57097 -20.9568 7
    endloop
  endfacet
  facet normal 0 0 1
    outer loop
      vertex 8.07834 -22.1939 7
      vertex 6.57097 -20.9568 7
      vertex 8.01696 -22.2766 7
    endloop
  endfacet
  facet normal 0 0 1
    outer loop
      vertex 11.3844 -24.5267 7
      vertex 9.76304 -23.4433 7
      vertex 11.209 -24.7632 7
    endloop
  endfacet
  facet normal -0 0 1
    outer loop
      vertex 9.70166 -23.5261 7
      vertex 11.209 -24.7632 7
      vertex 9.76304 -23.4433 7
    endloop
  endfacet
  facet normal 0 0 1
    outer loop
      vertex 11.209 -24.7632 7
      vertex 9.70166 -23.5261 7
      vertex 11.0113 -24.9813 7
    endloop
  endfacet
  facet normal -0 0 1
    outer loop
      vertex 9.63246 -23.6025 7
      vertex 11.0113 -24.9813 7
      vertex 9.70166 -23.5261 7
    endloop
  endfacet
  facet normal 0 0 1
    outer loop
      vertex 11.0113 -24.9813 7
      vertex 9.63246 -23.6025 7
      vertex 10.7932 -25.179 7
    endloop
  endfacet
  facet normal -0 0 1
    outer loop
      vertex 9.55611 -23.6717 7
      vertex 10.7932 -25.179 7
      vertex 9.63246 -23.6025 7
    endloop
  endfacet
  facet normal 0 0 1
    outer loop
      vertex 10.7932 -25.179 7
      vertex 9.55611 -23.6717 7
      vertex 10.5567 -25.3544 7
    endloop
  endfacet
  facet normal -0 0 1
    outer loop
      vertex 9.47335 -23.733 7
      vertex 10.5567 -25.3544 7
      vertex 9.55611 -23.6717 7
    endloop
  endfacet
  facet normal 0 0 1
    outer loop
      vertex 10.5567 -25.3544 7
      vertex 9.47335 -23.733 7
      vertex 10.3042 -25.5058 7
    endloop
  endfacet
  facet normal -0 0 1
    outer loop
      vertex 9.38497 -23.786 7
      vertex 10.3042 -25.5058 7
      vertex 9.47335 -23.733 7
    endloop
  endfacet
  facet normal 0 0 1
    outer loop
      vertex 10.3042 -25.5058 7
      vertex 9.38497 -23.786 7
      vertex 10.038 -25.6316 7
    endloop
  endfacet
  facet normal -0 0 1
    outer loop
      vertex 9.29182 -23.8301 7
      vertex 10.038 -25.6316 7
      vertex 9.38497 -23.786 7
    endloop
  endfacet
  facet normal 0 0 1
    outer loop
      vertex 10.038 -25.6316 7
      vertex 9.29182 -23.8301 7
      vertex 9.76085 -25.7308 7
    endloop
  endfacet
  facet normal -0 0 1
    outer loop
      vertex 9.1948 -23.8648 7
      vertex 9.76085 -25.7308 7
      vertex 9.29182 -23.8301 7
    endloop
  endfacet
  facet normal 0 0 1
    outer loop
      vertex 9.76085 -25.7308 7
      vertex 9.1948 -23.8648 7
      vertex 9.47527 -25.8024 7
    endloop
  endfacet
  facet normal -0 0 1
    outer loop
      vertex 9.09484 -23.8898 7
      vertex 9.47527 -25.8024 7
      vertex 9.1948 -23.8648 7
    endloop
  endfacet
  facet normal 0 0 1
    outer loop
      vertex 9.47527 -25.8024 7
      vertex 9.09484 -23.8898 7
      vertex 9.18405 -25.8456 7
    endloop
  endfacet
  facet normal -0 0 1
    outer loop
      vertex 8.99292 -23.9049 7
      vertex 9.18405 -25.8456 7
      vertex 9.09484 -23.8898 7
    endloop
  endfacet
  facet normal -0 0 1
    outer loop
      vertex 8.89 -23.91 7
      vertex 9.18405 -25.8456 7
      vertex 8.99292 -23.9049 7
    endloop
  endfacet
  facet normal 0 0 1
    outer loop
      vertex 8.89 -23.91 7
      vertex 8.89 -25.86 7
      vertex 9.18405 -25.8456 7
    endloop
  endfacet
  facet normal 0 0 1
    outer loop
      vertex 8.78708 -23.9049 7
      vertex 8.89 -25.86 7
      vertex 8.89 -23.91 7
    endloop
  endfacet
  facet normal 0 0 1
    outer loop
      vertex 8.59595 -25.8456 7
      vertex 8.78708 -23.9049 7
      vertex 8.68515 -23.8898 7
    endloop
  endfacet
  facet normal 0 0 1
    outer loop
      vertex 8.78708 -23.9049 7
      vertex 8.59595 -25.8456 7
      vertex 8.89 -25.86 7
    endloop
  endfacet
  facet normal 0 0 1
    outer loop
      vertex 8.30473 -25.8024 7
      vertex 8.68515 -23.8898 7
      vertex 8.5852 -23.8648 7
    endloop
  endfacet
  facet normal 0 0 1
    outer loop
      vertex 8.01915 -25.7308 7
      vertex 8.5852 -23.8648 7
      vertex 8.48818 -23.8301 7
    endloop
  endfacet
  facet normal 0 0 1
    outer loop
      vertex 7.74195 -25.6316 7
      vertex 8.48818 -23.8301 7
      vertex 8.39503 -23.786 7
    endloop
  endfacet
  facet normal 0 0 1
    outer loop
      vertex 7.47581 -25.5058 7
      vertex 8.39503 -23.786 7
      vertex 8.30665 -23.733 7
    endloop
  endfacet
  facet normal 0 0 1
    outer loop
      vertex 8.68515 -23.8898 7
      vertex 8.30473 -25.8024 7
      vertex 8.59595 -25.8456 7
    endloop
  endfacet
  facet normal 0 0 1
    outer loop
      vertex 7.22329 -25.3544 7
      vertex 8.30665 -23.733 7
      vertex 8.22389 -23.6717 7
    endloop
  endfacet
  facet normal 0 0 1
    outer loop
      vertex 6.98682 -25.179 7
      vertex 8.22389 -23.6717 7
      vertex 8.14754 -23.6025 7
    endloop
  endfacet
  facet normal 0 0 1
    outer loop
      vertex 6.76868 -24.9813 7
      vertex 8.14754 -23.6025 7
      vertex 8.07834 -23.5261 7
    endloop
  endfacet
  facet normal 0 0 1
    outer loop
      vertex 8.5852 -23.8648 7
      vertex 8.01915 -25.7308 7
      vertex 8.30473 -25.8024 7
    endloop
  endfacet
  facet normal 0 0 1
    outer loop
      vertex 6.57097 -24.7632 7
      vertex 8.07834 -23.5261 7
      vertex 8.01696 -23.4433 7
    endloop
  endfacet
  facet normal 0 0 1
    outer loop
      vertex 6.39559 -24.5267 7
      vertex 8.01696 -23.4433 7
      vertex 7.96398 -23.355 7
    endloop
  endfacet
  facet normal 0 0 1
    outer loop
      vertex 6.24424 -24.2742 7
      vertex 7.96398 -23.355 7
      vertex 7.91993 -23.2618 7
    endloop
  endfacet
  facet normal 0 0 1
    outer loop
      vertex 6.11836 -24.008 7
      vertex 7.91993 -23.2618 7
      vertex 7.88521 -23.1648 7
    endloop
  endfacet
  facet normal 0 0 1
    outer loop
      vertex 6.01918 -23.7309 7
      vertex 7.88521 -23.1648 7
      vertex 7.86018 -23.0648 7
    endloop
  endfacet
  facet normal 0 0 1
    outer loop
      vertex 5.94764 -23.4453 7
      vertex 7.86018 -23.0648 7
      vertex 7.84506 -22.9629 7
    endloop
  endfacet
  facet normal 0 0 1
    outer loop
      vertex 8.48818 -23.8301 7
      vertex 7.74195 -25.6316 7
      vertex 8.01915 -25.7308 7
    endloop
  endfacet
  facet normal 0 0 1
    outer loop
      vertex 5.90445 -23.1541 7
      vertex 7.84506 -22.9629 7
      vertex 7.84 -22.86 7
    endloop
  endfacet
  facet normal 0 0 1
    outer loop
      vertex 8.01696 -22.2766 7
      vertex 6.39559 -21.1933 7
      vertex 7.96398 -22.365 7
    endloop
  endfacet
  facet normal -0 0 1
    outer loop
      vertex 6.24424 -21.4458 7
      vertex 7.96398 -22.365 7
      vertex 6.39559 -21.1933 7
    endloop
  endfacet
  facet normal 0 0 1
    outer loop
      vertex 8.39503 -23.786 7
      vertex 7.47581 -25.5058 7
      vertex 7.74195 -25.6316 7
    endloop
  endfacet
  facet normal 0 0 1
    outer loop
      vertex 7.96398 -22.365 7
      vertex 6.24424 -21.4458 7
      vertex 7.91993 -22.4582 7
    endloop
  endfacet
  facet normal 0 0 1
    outer loop
      vertex 8.30665 -23.733 7
      vertex 7.22329 -25.3544 7
      vertex 7.47581 -25.5058 7
    endloop
  endfacet
  facet normal -0 0 1
    outer loop
      vertex 6.11836 -21.7119 7
      vertex 7.91993 -22.4582 7
      vertex 6.24424 -21.4458 7
    endloop
  endfacet
  facet normal 0 0 1
    outer loop
      vertex 8.22389 -23.6717 7
      vertex 6.98682 -25.179 7
      vertex 7.22329 -25.3544 7
    endloop
  endfacet
  facet normal 0 0 1
    outer loop
      vertex 7.91993 -22.4582 7
      vertex 6.11836 -21.7119 7
      vertex 7.88521 -22.5552 7
    endloop
  endfacet
  facet normal 0 0 1
    outer loop
      vertex 8.14754 -23.6025 7
      vertex 6.76868 -24.9813 7
      vertex 6.98682 -25.179 7
    endloop
  endfacet
  facet normal -0 0 1
    outer loop
      vertex 6.01918 -21.9891 7
      vertex 7.88521 -22.5552 7
      vertex 6.11836 -21.7119 7
    endloop
  endfacet
  facet normal 0 0 1
    outer loop
      vertex 8.07834 -23.5261 7
      vertex 6.57097 -24.7632 7
      vertex 6.76868 -24.9813 7
    endloop
  endfacet
  facet normal 0 0 1
    outer loop
      vertex 7.88521 -22.5552 7
      vertex 6.01918 -21.9891 7
      vertex 7.86018 -22.6552 7
    endloop
  endfacet
  facet normal 0 0 1
    outer loop
      vertex 8.01696 -23.4433 7
      vertex 6.39559 -24.5267 7
      vertex 6.57097 -24.7632 7
    endloop
  endfacet
  facet normal -0 0 1
    outer loop
      vertex 5.94764 -22.2747 7
      vertex 7.86018 -22.6552 7
      vertex 6.01918 -21.9891 7
    endloop
  endfacet
  facet normal 0 0 1
    outer loop
      vertex 7.96398 -23.355 7
      vertex 6.24424 -24.2742 7
      vertex 6.39559 -24.5267 7
    endloop
  endfacet
  facet normal 0 0 1
    outer loop
      vertex 7.86018 -22.6552 7
      vertex 5.94764 -22.2747 7
      vertex 7.84506 -22.7571 7
    endloop
  endfacet
  facet normal 0 0 1
    outer loop
      vertex 7.91993 -23.2618 7
      vertex 6.11836 -24.008 7
      vertex 6.24424 -24.2742 7
    endloop
  endfacet
  facet normal -0 0 1
    outer loop
      vertex 5.90445 -22.5659 7
      vertex 7.84506 -22.7571 7
      vertex 5.94764 -22.2747 7
    endloop
  endfacet
  facet normal 0 0 1
    outer loop
      vertex 7.88521 -23.1648 7
      vertex 6.01918 -23.7309 7
      vertex 6.11836 -24.008 7
    endloop
  endfacet
  facet normal 0 0 1
    outer loop
      vertex 7.84506 -22.7571 7
      vertex 5.90445 -22.5659 7
      vertex 7.84 -22.86 7
    endloop
  endfacet
  facet normal 0 0 1
    outer loop
      vertex 7.86018 -23.0648 7
      vertex 5.94764 -23.4453 7
      vertex 6.01918 -23.7309 7
    endloop
  endfacet
  facet normal 0 0 1
    outer loop
      vertex 5.89 -22.86 7
      vertex 7.84 -22.86 7
      vertex 5.90445 -22.5659 7
    endloop
  endfacet
  facet normal 0 0 1
    outer loop
      vertex 7.84506 -22.9629 7
      vertex 5.90445 -23.1541 7
      vertex 5.94764 -23.4453 7
    endloop
  endfacet
  facet normal 0 0 1
    outer loop
      vertex 7.84 -22.86 7
      vertex 5.89 -22.86 7
      vertex 5.90445 -23.1541 7
    endloop
  endfacet
  facet normal 0.427269 -0.904125 0
    outer loop
      vertex 10.038 -25.6316 3
      vertex 10.3042 -25.5058 7
      vertex 10.038 -25.6316 7
    endloop
  endfacet
  facet normal 0.427269 -0.904125 0
    outer loop
      vertex 10.3042 -25.5058 7
      vertex 10.038 -25.6316 3
      vertex 10.3042 -25.5058 3
    endloop
  endfacet
  facet normal -0.857718 -0.514121 0
    outer loop
      vertex 6.39559 -24.5267 3
      vertex 6.24424 -24.2742 7
      vertex 6.24424 -24.2742 3
    endloop
  endfacet
  facet normal -0.857718 -0.514121 0
    outer loop
      vertex 6.24424 -24.2742 7
      vertex 6.39559 -24.5267 3
      vertex 6.39559 -24.5267 7
    endloop
  endfacet
  facet normal -0.427347 -0.904088 0
    outer loop
      vertex 7.47581 -25.5058 3
      vertex 7.74195 -25.6316 7
      vertex 7.47581 -25.5058 7
    endloop
  endfacet
  facet normal -0.427347 -0.904088 -0
    outer loop
      vertex 7.74195 -25.6316 7
      vertex 7.47581 -25.5058 3
      vertex 7.74195 -25.6316 3
    endloop
  endfacet
  facet normal 0.146736 0.989176 -0
    outer loop
      vertex 9.47527 -19.9176 3
      vertex 9.18405 -19.8744 7
      vertex 9.47527 -19.9176 7
    endloop
  endfacet
  facet normal 0.146736 0.989176 0
    outer loop
      vertex 9.18405 -19.8744 7
      vertex 9.47527 -19.9176 3
      vertex 9.18405 -19.8744 3
    endloop
  endfacet
  facet normal 0.0489126 -0.998803 0
    outer loop
      vertex 8.89 -25.86 3
      vertex 9.18405 -25.8456 7
      vertex 8.89 -25.86 7
    endloop
  endfacet
  facet normal 0.0489126 -0.998803 0
    outer loop
      vertex 9.18405 -25.8456 7
      vertex 8.89 -25.86 3
      vertex 9.18405 -25.8456 3
    endloop
  endfacet
  facet normal 0.514246 -0.857643 0
    outer loop
      vertex 10.3042 -25.5058 3
      vertex 10.5567 -25.3544 7
      vertex 10.3042 -25.5058 7
    endloop
  endfacet
  facet normal 0.514246 -0.857643 0
    outer loop
      vertex 10.5567 -25.3544 7
      vertex 10.3042 -25.5058 3
      vertex 10.5567 -25.3544 3
    endloop
  endfacet
  facet normal 0.904063 0.4274 0
    outer loop
      vertex 11.6616 -21.7119 7
      vertex 11.5358 -21.4458 3
      vertex 11.5358 -21.4458 7
    endloop
  endfacet
  facet normal 0.904063 0.4274 0
    outer loop
      vertex 11.5358 -21.4458 3
      vertex 11.6616 -21.7119 7
      vertex 11.6616 -21.7119 3
    endloop
  endfacet
  facet normal 0.969982 -0.243175 0
    outer loop
      vertex 11.7608 -23.7309 7
      vertex 11.8324 -23.4453 3
      vertex 11.8324 -23.4453 7
    endloop
  endfacet
  facet normal 0.969982 -0.243175 0
    outer loop
      vertex 11.8324 -23.4453 3
      vertex 11.7608 -23.7309 7
      vertex 11.7608 -23.7309 3
    endloop
  endfacet
  facet normal -0.941548 0.336879 0
    outer loop
      vertex 6.01918 -21.9891 3
      vertex 6.11836 -21.7119 7
      vertex 6.11836 -21.7119 3
    endloop
  endfacet
  facet normal -0.941548 0.336879 0
    outer loop
      vertex 6.11836 -21.7119 7
      vertex 6.01918 -21.9891 3
      vertex 6.01918 -21.9891 7
    endloop
  endfacet
  facet normal -0.0489126 0.998803 0
    outer loop
      vertex 8.89 -19.86 3
      vertex 8.59595 -19.8744 7
      vertex 8.89 -19.86 7
    endloop
  endfacet
  facet normal -0.0489126 0.998803 0
    outer loop
      vertex 8.59595 -19.8744 7
      vertex 8.89 -19.86 3
      vertex 8.59595 -19.8744 3
    endloop
  endfacet
  facet normal -0.514216 0.857661 0
    outer loop
      vertex 7.47581 -20.2142 3
      vertex 7.22329 -20.3656 7
      vertex 7.47581 -20.2142 7
    endloop
  endfacet
  facet normal -0.514216 0.857661 0
    outer loop
      vertex 7.22329 -20.3656 7
      vertex 7.47581 -20.2142 3
      vertex 7.22329 -20.3656 3
    endloop
  endfacet
  facet normal 0.595699 0.803208 -0
    outer loop
      vertex 10.7932 -20.541 3
      vertex 10.5567 -20.3656 7
      vertex 10.7932 -20.541 7
    endloop
  endfacet
  facet normal 0.595699 0.803208 0
    outer loop
      vertex 10.5567 -20.3656 7
      vertex 10.7932 -20.541 3
      vertex 10.5567 -20.3656 3
    endloop
  endfacet
  facet normal -0.671539 -0.740969 0
    outer loop
      vertex 6.76868 -24.9813 3
      vertex 6.98682 -25.179 7
      vertex 6.76868 -24.9813 7
    endloop
  endfacet
  facet normal -0.671539 -0.740969 -0
    outer loop
      vertex 6.98682 -25.179 7
      vertex 6.76868 -24.9813 3
      vertex 6.98682 -25.179 3
    endloop
  endfacet
  facet normal 0.989174 -0.146746 0
    outer loop
      vertex 11.8324 -23.4453 7
      vertex 11.8756 -23.1541 3
      vertex 11.8756 -23.1541 7
    endloop
  endfacet
  facet normal 0.989174 -0.146746 0
    outer loop
      vertex 11.8756 -23.1541 3
      vertex 11.8324 -23.4453 7
      vertex 11.8324 -23.4453 3
    endloop
  endfacet
  facet normal -0.243191 -0.969978 0
    outer loop
      vertex 8.01915 -25.7308 3
      vertex 8.30473 -25.8024 7
      vertex 8.01915 -25.7308 7
    endloop
  endfacet
  facet normal -0.243191 -0.969978 -0
    outer loop
      vertex 8.30473 -25.8024 7
      vertex 8.01915 -25.7308 3
      vertex 8.30473 -25.8024 3
    endloop
  endfacet
  facet normal -0.671539 0.740969 0
    outer loop
      vertex 6.98682 -20.541 3
      vertex 6.76868 -20.7387 7
      vertex 6.98682 -20.541 7
    endloop
  endfacet
  facet normal -0.671539 0.740969 0
    outer loop
      vertex 6.76868 -20.7387 7
      vertex 6.98682 -20.541 3
      vertex 6.76868 -20.7387 3
    endloop
  endfacet
  facet normal -0.970031 -0.242983 0
    outer loop
      vertex 6.01918 -23.7309 3
      vertex 5.94764 -23.4453 7
      vertex 5.94764 -23.4453 3
    endloop
  endfacet
  facet normal -0.970031 -0.242983 0
    outer loop
      vertex 5.94764 -23.4453 7
      vertex 6.01918 -23.7309 3
      vertex 6.01918 -23.7309 7
    endloop
  endfacet
  facet normal 0.803208 0.595699 0
    outer loop
      vertex 11.3844 -21.1933 7
      vertex 11.209 -20.9568 3
      vertex 11.209 -20.9568 7
    endloop
  endfacet
  facet normal 0.803208 0.595699 0
    outer loop
      vertex 11.209 -20.9568 3
      vertex 11.3844 -21.1933 7
      vertex 11.3844 -21.1933 3
    endloop
  endfacet
  facet normal -0.595747 0.803172 0
    outer loop
      vertex 7.22329 -20.3656 3
      vertex 6.98682 -20.541 7
      vertex 7.22329 -20.3656 7
    endloop
  endfacet
  facet normal -0.595747 0.803172 0
    outer loop
      vertex 6.98682 -20.541 7
      vertex 7.22329 -20.3656 3
      vertex 6.98682 -20.541 3
    endloop
  endfacet
  facet normal 0.941527 0.336939 0
    outer loop
      vertex 11.7608 -21.9891 7
      vertex 11.6616 -21.7119 3
      vertex 11.6616 -21.7119 7
    endloop
  endfacet
  facet normal 0.941527 0.336939 0
    outer loop
      vertex 11.6616 -21.7119 3
      vertex 11.7608 -21.9891 7
      vertex 11.7608 -21.9891 3
    endloop
  endfacet
  facet normal 0.514246 0.857643 -0
    outer loop
      vertex 10.5567 -20.3656 3
      vertex 10.3042 -20.2142 7
      vertex 10.5567 -20.3656 7
    endloop
  endfacet
  facet normal 0.514246 0.857643 0
    outer loop
      vertex 10.3042 -20.2142 7
      vertex 10.5567 -20.3656 3
      vertex 10.3042 -20.2142 3
    endloop
  endfacet
  facet normal -0.146736 -0.989176 0
    outer loop
      vertex 8.30473 -25.8024 3
      vertex 8.59595 -25.8456 7
      vertex 8.30473 -25.8024 7
    endloop
  endfacet
  facet normal -0.146736 -0.989176 -0
    outer loop
      vertex 8.59595 -25.8456 7
      vertex 8.30473 -25.8024 3
      vertex 8.59595 -25.8456 3
    endloop
  endfacet
  facet normal 0.998803 -0.0489044 0
    outer loop
      vertex 11.8756 -23.1541 7
      vertex 11.89 -22.86 3
      vertex 11.89 -22.86 7
    endloop
  endfacet
  facet normal 0.998803 -0.0489044 0
    outer loop
      vertex 11.89 -22.86 3
      vertex 11.8756 -23.1541 7
      vertex 11.8756 -23.1541 3
    endloop
  endfacet
  facet normal -0.146736 0.989176 0
    outer loop
      vertex 8.59595 -19.8744 3
      vertex 8.30473 -19.9176 7
      vertex 8.59595 -19.8744 7
    endloop
  endfacet
  facet normal -0.146736 0.989176 0
    outer loop
      vertex 8.30473 -19.9176 7
      vertex 8.59595 -19.8744 3
      vertex 8.30473 -19.9176 3
    endloop
  endfacet
  facet normal 0.904125 -0.427269 0
    outer loop
      vertex 11.5358 -24.2742 7
      vertex 11.6616 -24.008 3
      vertex 11.6616 -24.008 7
    endloop
  endfacet
  facet normal 0.904125 -0.427269 0
    outer loop
      vertex 11.6616 -24.008 3
      vertex 11.5358 -24.2742 7
      vertex 11.5358 -24.2742 3
    endloop
  endfacet
  facet normal 0.243191 0.969978 -0
    outer loop
      vertex 9.76085 -19.9892 3
      vertex 9.47527 -19.9176 7
      vertex 9.76085 -19.9892 7
    endloop
  endfacet
  facet normal 0.243191 0.969978 0
    outer loop
      vertex 9.47527 -19.9176 7
      vertex 9.76085 -19.9892 3
      vertex 9.47527 -19.9176 3
    endloop
  endfacet
  facet normal -0.336939 0.941527 0
    outer loop
      vertex 8.01915 -19.9892 3
      vertex 7.74195 -20.0884 7
      vertex 8.01915 -19.9892 7
    endloop
  endfacet
  facet normal -0.336939 0.941527 0
    outer loop
      vertex 7.74195 -20.0884 7
      vertex 8.01915 -19.9892 3
      vertex 7.74195 -20.0884 3
    endloop
  endfacet
  facet normal -0.998795 -0.0490738 0
    outer loop
      vertex 5.90445 -23.1541 3
      vertex 5.89 -22.86 7
      vertex 5.89 -22.86 3
    endloop
  endfacet
  facet normal -0.998795 -0.0490738 0
    outer loop
      vertex 5.89 -22.86 7
      vertex 5.90445 -23.1541 3
      vertex 5.90445 -23.1541 7
    endloop
  endfacet
  facet normal 0.671607 -0.740908 0
    outer loop
      vertex 10.7932 -25.179 3
      vertex 11.0113 -24.9813 7
      vertex 10.7932 -25.179 7
    endloop
  endfacet
  facet normal 0.671607 -0.740908 0
    outer loop
      vertex 11.0113 -24.9813 7
      vertex 10.7932 -25.179 3
      vertex 11.0113 -24.9813 3
    endloop
  endfacet
  facet normal 0.0489126 0.998803 -0
    outer loop
      vertex 9.18405 -19.8744 3
      vertex 8.89 -19.86 7
      vertex 9.18405 -19.8744 7
    endloop
  endfacet
  facet normal 0.0489126 0.998803 0
    outer loop
      vertex 8.89 -19.86 7
      vertex 9.18405 -19.8744 3
      vertex 8.89 -19.86 3
    endloop
  endfacet
  facet normal -0.903958 0.427622 0
    outer loop
      vertex 6.11836 -21.7119 3
      vertex 6.24424 -21.4458 7
      vertex 6.24424 -21.4458 3
    endloop
  endfacet
  facet normal -0.903958 0.427622 0
    outer loop
      vertex 6.24424 -21.4458 7
      vertex 6.11836 -21.7119 3
      vertex 6.11836 -21.7119 7
    endloop
  endfacet
  facet normal -0.740891 0.671625 0
    outer loop
      vertex 6.57097 -20.9568 3
      vertex 6.76868 -20.7387 7
      vertex 6.76868 -20.7387 3
    endloop
  endfacet
  facet normal -0.740891 0.671625 0
    outer loop
      vertex 6.76868 -20.7387 7
      vertex 6.57097 -20.9568 3
      vertex 6.57097 -20.9568 7
    endloop
  endfacet
  facet normal 0.740908 0.671607 0
    outer loop
      vertex 11.209 -20.9568 7
      vertex 11.0113 -20.7387 3
      vertex 11.0113 -20.7387 7
    endloop
  endfacet
  facet normal 0.740908 0.671607 0
    outer loop
      vertex 11.0113 -20.7387 3
      vertex 11.209 -20.9568 7
      vertex 11.209 -20.9568 3
    endloop
  endfacet
  facet normal -0.740891 -0.671625 0
    outer loop
      vertex 6.76868 -24.9813 3
      vertex 6.57097 -24.7632 7
      vertex 6.57097 -24.7632 3
    endloop
  endfacet
  facet normal -0.740891 -0.671625 0
    outer loop
      vertex 6.57097 -24.7632 7
      vertex 6.76868 -24.9813 3
      vertex 6.76868 -24.9813 7
    endloop
  endfacet
  facet normal 0.336993 0.941507 -0
    outer loop
      vertex 10.038 -20.0884 3
      vertex 9.76085 -19.9892 7
      vertex 10.038 -20.0884 7
    endloop
  endfacet
  facet normal 0.336993 0.941507 0
    outer loop
      vertex 9.76085 -19.9892 7
      vertex 10.038 -20.0884 3
      vertex 9.76085 -19.9892 3
    endloop
  endfacet
  facet normal 0.146736 -0.989176 0
    outer loop
      vertex 9.18405 -25.8456 3
      vertex 9.47527 -25.8024 7
      vertex 9.18405 -25.8456 7
    endloop
  endfacet
  facet normal 0.146736 -0.989176 0
    outer loop
      vertex 9.47527 -25.8024 7
      vertex 9.18405 -25.8456 3
      vertex 9.47527 -25.8024 3
    endloop
  endfacet
  facet normal 0.803208 -0.595699 0
    outer loop
      vertex 11.209 -24.7632 7
      vertex 11.3844 -24.5267 3
      vertex 11.3844 -24.5267 7
    endloop
  endfacet
  facet normal 0.803208 -0.595699 0
    outer loop
      vertex 11.3844 -24.5267 3
      vertex 11.209 -24.7632 7
      vertex 11.209 -24.7632 3
    endloop
  endfacet
  facet normal 0.857643 -0.514246 0
    outer loop
      vertex 11.3844 -24.5267 7
      vertex 11.5358 -24.2742 3
      vertex 11.5358 -24.2742 7
    endloop
  endfacet
  facet normal 0.857643 -0.514246 0
    outer loop
      vertex 11.5358 -24.2742 3
      vertex 11.3844 -24.5267 7
      vertex 11.3844 -24.5267 3
    endloop
  endfacet
  facet normal 0.427269 0.904125 -0
    outer loop
      vertex 10.3042 -20.2142 3
      vertex 10.038 -20.0884 7
      vertex 10.3042 -20.2142 7
    endloop
  endfacet
  facet normal 0.427269 0.904125 0
    outer loop
      vertex 10.038 -20.0884 7
      vertex 10.3042 -20.2142 3
      vertex 10.038 -20.0884 3
    endloop
  endfacet
  facet normal -0.427347 0.904088 0
    outer loop
      vertex 7.74195 -20.0884 3
      vertex 7.47581 -20.2142 7
      vertex 7.74195 -20.0884 7
    endloop
  endfacet
  facet normal -0.427347 0.904088 0
    outer loop
      vertex 7.47581 -20.2142 7
      vertex 7.74195 -20.0884 3
      vertex 7.47581 -20.2142 3
    endloop
  endfacet
  facet normal 0.857643 0.514246 0
    outer loop
      vertex 11.5358 -21.4458 7
      vertex 11.3844 -21.1933 3
      vertex 11.3844 -21.1933 7
    endloop
  endfacet
  facet normal 0.857643 0.514246 0
    outer loop
      vertex 11.3844 -21.1933 3
      vertex 11.5358 -21.4458 7
      vertex 11.5358 -21.4458 3
    endloop
  endfacet
  facet normal -0.857718 0.514121 0
    outer loop
      vertex 6.24424 -21.4458 3
      vertex 6.39559 -21.1933 7
      vertex 6.39559 -21.1933 3
    endloop
  endfacet
  facet normal -0.857718 0.514121 0
    outer loop
      vertex 6.39559 -21.1933 7
      vertex 6.24424 -21.4458 3
      vertex 6.24424 -21.4458 7
    endloop
  endfacet
  facet normal -0.94151 -0.336986 0
    outer loop
      vertex 6.11836 -24.008 3
      vertex 6.01918 -23.7309 7
      vertex 6.01918 -23.7309 3
    endloop
  endfacet
  facet normal -0.94151 -0.336986 0
    outer loop
      vertex 6.01918 -23.7309 7
      vertex 6.11836 -24.008 3
      vertex 6.11836 -24.008 7
    endloop
  endfacet
  facet normal 0.671607 0.740908 -0
    outer loop
      vertex 11.0113 -20.7387 3
      vertex 10.7932 -20.541 7
      vertex 11.0113 -20.7387 7
    endloop
  endfacet
  facet normal 0.671607 0.740908 0
    outer loop
      vertex 10.7932 -20.541 7
      vertex 11.0113 -20.7387 3
      vertex 10.7932 -20.541 3
    endloop
  endfacet
  facet normal -0.243191 0.969978 0
    outer loop
      vertex 8.30473 -19.9176 3
      vertex 8.01915 -19.9892 7
      vertex 8.30473 -19.9176 7
    endloop
  endfacet
  facet normal -0.243191 0.969978 0
    outer loop
      vertex 8.01915 -19.9892 7
      vertex 8.30473 -19.9176 3
      vertex 8.01915 -19.9892 3
    endloop
  endfacet
  facet normal 0.336993 -0.941507 0
    outer loop
      vertex 9.76085 -25.7308 3
      vertex 10.038 -25.6316 7
      vertex 9.76085 -25.7308 7
    endloop
  endfacet
  facet normal 0.336993 -0.941507 0
    outer loop
      vertex 10.038 -25.6316 7
      vertex 9.76085 -25.7308 3
      vertex 10.038 -25.6316 3
    endloop
  endfacet
  facet normal 0.740908 -0.671607 0
    outer loop
      vertex 11.0113 -24.9813 7
      vertex 11.209 -24.7632 3
      vertex 11.209 -24.7632 7
    endloop
  endfacet
  facet normal 0.740908 -0.671607 0
    outer loop
      vertex 11.209 -24.7632 3
      vertex 11.0113 -24.9813 7
      vertex 11.0113 -24.9813 3
    endloop
  endfacet
  facet normal 0.595699 -0.803208 0
    outer loop
      vertex 10.5567 -25.3544 3
      vertex 10.7932 -25.179 7
      vertex 10.5567 -25.3544 7
    endloop
  endfacet
  facet normal 0.595699 -0.803208 0
    outer loop
      vertex 10.7932 -25.179 7
      vertex 10.5567 -25.3544 3
      vertex 10.7932 -25.179 3
    endloop
  endfacet
  facet normal 0.243191 -0.969978 0
    outer loop
      vertex 9.47527 -25.8024 3
      vertex 9.76085 -25.7308 7
      vertex 9.47527 -25.8024 7
    endloop
  endfacet
  facet normal 0.243191 -0.969978 0
    outer loop
      vertex 9.76085 -25.7308 7
      vertex 9.47527 -25.8024 3
      vertex 9.76085 -25.7308 3
    endloop
  endfacet
  facet normal -0.970031 0.242983 0
    outer loop
      vertex 5.94764 -22.2747 3
      vertex 6.01918 -21.9891 7
      vertex 6.01918 -21.9891 3
    endloop
  endfacet
  facet normal -0.970031 0.242983 0
    outer loop
      vertex 6.01918 -21.9891 7
      vertex 5.94764 -22.2747 3
      vertex 5.94764 -22.2747 7
    endloop
  endfacet
  facet normal -0.803241 -0.595655 0
    outer loop
      vertex 6.57097 -24.7632 3
      vertex 6.39559 -24.5267 7
      vertex 6.39559 -24.5267 3
    endloop
  endfacet
  facet normal -0.803241 -0.595655 0
    outer loop
      vertex 6.39559 -24.5267 7
      vertex 6.57097 -24.7632 3
      vertex 6.57097 -24.7632 7
    endloop
  endfacet
  facet normal -0.595747 -0.803172 0
    outer loop
      vertex 6.98682 -25.179 3
      vertex 7.22329 -25.3544 7
      vertex 6.98682 -25.179 7
    endloop
  endfacet
  facet normal -0.595747 -0.803172 -0
    outer loop
      vertex 7.22329 -25.3544 7
      vertex 6.98682 -25.179 3
      vertex 7.22329 -25.3544 3
    endloop
  endfacet
  facet normal 0.941488 -0.337047 0
    outer loop
      vertex 11.6616 -24.008 7
      vertex 11.7608 -23.7309 3
      vertex 11.7608 -23.7309 7
    endloop
  endfacet
  facet normal 0.941488 -0.337047 0
    outer loop
      vertex 11.7608 -23.7309 3
      vertex 11.6616 -24.008 7
      vertex 11.6616 -24.008 3
    endloop
  endfacet
  facet normal -0.803241 0.595655 0
    outer loop
      vertex 6.39559 -21.1933 3
      vertex 6.57097 -20.9568 7
      vertex 6.57097 -20.9568 3
    endloop
  endfacet
  facet normal -0.803241 0.595655 0
    outer loop
      vertex 6.57097 -20.9568 7
      vertex 6.39559 -21.1933 3
      vertex 6.39559 -21.1933 7
    endloop
  endfacet
  facet normal -0.514216 -0.857661 0
    outer loop
      vertex 7.22329 -25.3544 3
      vertex 7.47581 -25.5058 7
      vertex 7.22329 -25.3544 7
    endloop
  endfacet
  facet normal -0.514216 -0.857661 -0
    outer loop
      vertex 7.47581 -25.5058 7
      vertex 7.22329 -25.3544 3
      vertex 7.47581 -25.5058 3
    endloop
  endfacet
  facet normal -0.0489126 -0.998803 0
    outer loop
      vertex 8.59595 -25.8456 3
      vertex 8.89 -25.86 7
      vertex 8.59595 -25.8456 7
    endloop
  endfacet
  facet normal -0.0489126 -0.998803 -0
    outer loop
      vertex 8.89 -25.86 7
      vertex 8.59595 -25.8456 3
      vertex 8.89 -25.86 3
    endloop
  endfacet
  facet normal -0.989179 0.146712 0
    outer loop
      vertex 5.90445 -22.5659 3
      vertex 5.94764 -22.2747 7
      vertex 5.94764 -22.2747 3
    endloop
  endfacet
  facet normal -0.989179 0.146712 0
    outer loop
      vertex 5.94764 -22.2747 7
      vertex 5.90445 -22.5659 3
      vertex 5.90445 -22.5659 7
    endloop
  endfacet
  facet normal -0.998795 0.0490738 0
    outer loop
      vertex 5.89 -22.86 3
      vertex 5.90445 -22.5659 7
      vertex 5.90445 -22.5659 3
    endloop
  endfacet
  facet normal -0.998795 0.0490738 0
    outer loop
      vertex 5.90445 -22.5659 7
      vertex 5.89 -22.86 3
      vertex 5.89 -22.86 7
    endloop
  endfacet
  facet normal -0.336939 -0.941527 0
    outer loop
      vertex 7.74195 -25.6316 3
      vertex 8.01915 -25.7308 7
      vertex 7.74195 -25.6316 7
    endloop
  endfacet
  facet normal -0.336939 -0.941527 -0
    outer loop
      vertex 8.01915 -25.7308 7
      vertex 7.74195 -25.6316 3
      vertex 8.01915 -25.7308 3
    endloop
  endfacet
  facet normal 0.989174 0.146746 0
    outer loop
      vertex 11.8756 23.1541 7
      vertex 11.8324 23.4453 3
      vertex 11.8324 23.4453 7
    endloop
  endfacet
  facet normal 0.989174 0.146746 0
    outer loop
      vertex 11.8324 23.4453 3
      vertex 11.8756 23.1541 7
      vertex 11.8756 23.1541 3
    endloop
  endfacet
  facet normal 0.998803 0.0489044 0
    outer loop
      vertex 11.89 22.86 7
      vertex 11.8756 23.1541 3
      vertex 11.8756 23.1541 7
    endloop
  endfacet
  facet normal 0.998803 0.0489044 0
    outer loop
      vertex 11.8756 23.1541 3
      vertex 11.89 22.86 7
      vertex 11.89 22.86 3
    endloop
  endfacet
  facet normal 0.969982 0.243175 0
    outer loop
      vertex 11.8324 23.4453 7
      vertex 11.7608 23.7309 3
      vertex 11.7608 23.7309 7
    endloop
  endfacet
  facet normal 0.969982 0.243175 0
    outer loop
      vertex 11.7608 23.7309 3
      vertex 11.8324 23.4453 7
      vertex 11.8324 23.4453 3
    endloop
  endfacet
  facet normal 0.998803 -0.0489044 0
    outer loop
      vertex 11.8756 22.5659 7
      vertex 11.89 22.86 3
      vertex 11.89 22.86 7
    endloop
  endfacet
  facet normal 0.998803 -0.0489044 0
    outer loop
      vertex 11.89 22.86 3
      vertex 11.8756 22.5659 7
      vertex 11.8756 22.5659 3
    endloop
  endfacet
  facet normal -0.0489126 -0.998803 0
    outer loop
      vertex 8.59595 19.8744 3
      vertex 8.89 19.86 7
      vertex 8.59595 19.8744 7
    endloop
  endfacet
  facet normal -0.0489126 -0.998803 -0
    outer loop
      vertex 8.89 19.86 7
      vertex 8.59595 19.8744 3
      vertex 8.89 19.86 3
    endloop
  endfacet
  facet normal 0.941527 -0.336939 0
    outer loop
      vertex 11.6616 21.7119 7
      vertex 11.7608 21.9891 3
      vertex 11.7608 21.9891 7
    endloop
  endfacet
  facet normal 0.941527 -0.336939 0
    outer loop
      vertex 11.7608 21.9891 3
      vertex 11.6616 21.7119 7
      vertex 11.6616 21.7119 3
    endloop
  endfacet
  facet normal -0.514216 -0.857661 0
    outer loop
      vertex 7.22329 20.3656 3
      vertex 7.47581 20.2142 7
      vertex 7.22329 20.3656 7
    endloop
  endfacet
  facet normal -0.514216 -0.857661 -0
    outer loop
      vertex 7.47581 20.2142 7
      vertex 7.22329 20.3656 3
      vertex 7.47581 20.2142 3
    endloop
  endfacet
  facet normal -0.90402 0.427491 0
    outer loop
      vertex 6.11836 24.008 3
      vertex 6.24424 24.2742 7
      vertex 6.24424 24.2742 3
    endloop
  endfacet
  facet normal -0.90402 0.427491 0
    outer loop
      vertex 6.24424 24.2742 7
      vertex 6.11836 24.008 3
      vertex 6.11836 24.008 7
    endloop
  endfacet
  facet normal -0.970031 0.242983 0
    outer loop
      vertex 5.94764 23.4453 3
      vertex 6.01918 23.7309 7
      vertex 6.01918 23.7309 3
    endloop
  endfacet
  facet normal -0.970031 0.242983 0
    outer loop
      vertex 6.01918 23.7309 7
      vertex 5.94764 23.4453 3
      vertex 5.94764 23.4453 7
    endloop
  endfacet
  facet normal 0.740908 -0.671607 0
    outer loop
      vertex 11.0113 20.7387 7
      vertex 11.209 20.9568 3
      vertex 11.209 20.9568 7
    endloop
  endfacet
  facet normal 0.740908 -0.671607 0
    outer loop
      vertex 11.209 20.9568 3
      vertex 11.0113 20.7387 7
      vertex 11.0113 20.7387 3
    endloop
  endfacet
  facet normal 0.243191 -0.969978 0
    outer loop
      vertex 9.47527 19.9176 3
      vertex 9.76085 19.9892 7
      vertex 9.47527 19.9176 7
    endloop
  endfacet
  facet normal 0.243191 -0.969978 0
    outer loop
      vertex 9.76085 19.9892 7
      vertex 9.47527 19.9176 3
      vertex 9.76085 19.9892 3
    endloop
  endfacet
  facet normal -0.998795 -0.0490738 0
    outer loop
      vertex 5.90445 22.5659 3
      vertex 5.89 22.86 7
      vertex 5.89 22.86 3
    endloop
  endfacet
  facet normal -0.998795 -0.0490738 0
    outer loop
      vertex 5.89 22.86 7
      vertex 5.90445 22.5659 3
      vertex 5.90445 22.5659 7
    endloop
  endfacet
  facet normal 0.427269 0.904125 -0
    outer loop
      vertex 10.3042 25.5058 3
      vertex 10.038 25.6316 7
      vertex 10.3042 25.5058 7
    endloop
  endfacet
  facet normal 0.427269 0.904125 0
    outer loop
      vertex 10.038 25.6316 7
      vertex 10.3042 25.5058 3
      vertex 10.038 25.6316 3
    endloop
  endfacet
  facet normal 0.857643 0.514246 0
    outer loop
      vertex 11.5358 24.2742 7
      vertex 11.3844 24.5267 3
      vertex 11.3844 24.5267 7
    endloop
  endfacet
  facet normal 0.857643 0.514246 0
    outer loop
      vertex 11.3844 24.5267 3
      vertex 11.5358 24.2742 7
      vertex 11.5358 24.2742 3
    endloop
  endfacet
  facet normal 0.904063 -0.4274 0
    outer loop
      vertex 11.5358 21.4458 7
      vertex 11.6616 21.7119 3
      vertex 11.6616 21.7119 7
    endloop
  endfacet
  facet normal 0.904063 -0.4274 0
    outer loop
      vertex 11.6616 21.7119 3
      vertex 11.5358 21.4458 7
      vertex 11.5358 21.4458 3
    endloop
  endfacet
  facet normal -0.803241 -0.595655 0
    outer loop
      vertex 6.57097 20.9568 3
      vertex 6.39559 21.1933 7
      vertex 6.39559 21.1933 3
    endloop
  endfacet
  facet normal -0.803241 -0.595655 0
    outer loop
      vertex 6.39559 21.1933 7
      vertex 6.57097 20.9568 3
      vertex 6.57097 20.9568 7
    endloop
  endfacet
  facet normal 0.989174 -0.146746 0
    outer loop
      vertex 11.8324 22.2747 7
      vertex 11.8756 22.5659 3
      vertex 11.8756 22.5659 7
    endloop
  endfacet
  facet normal 0.989174 -0.146746 0
    outer loop
      vertex 11.8756 22.5659 3
      vertex 11.8324 22.2747 7
      vertex 11.8324 22.2747 3
    endloop
  endfacet
  facet normal -0.671539 0.740969 0
    outer loop
      vertex 6.98682 25.179 3
      vertex 6.76868 24.9813 7
      vertex 6.98682 25.179 7
    endloop
  endfacet
  facet normal -0.671539 0.740969 0
    outer loop
      vertex 6.76868 24.9813 7
      vertex 6.98682 25.179 3
      vertex 6.76868 24.9813 3
    endloop
  endfacet
  facet normal -0.146736 -0.989176 0
    outer loop
      vertex 8.30473 19.9176 3
      vertex 8.59595 19.8744 7
      vertex 8.30473 19.9176 7
    endloop
  endfacet
  facet normal -0.146736 -0.989176 -0
    outer loop
      vertex 8.59595 19.8744 7
      vertex 8.30473 19.9176 3
      vertex 8.59595 19.8744 3
    endloop
  endfacet
  facet normal 0.740908 0.671607 0
    outer loop
      vertex 11.209 24.7632 7
      vertex 11.0113 24.9813 3
      vertex 11.0113 24.9813 7
    endloop
  endfacet
  facet normal 0.740908 0.671607 0
    outer loop
      vertex 11.0113 24.9813 3
      vertex 11.209 24.7632 7
      vertex 11.209 24.7632 3
    endloop
  endfacet
  facet normal -0.336939 -0.941527 0
    outer loop
      vertex 7.74195 20.0884 3
      vertex 8.01915 19.9892 7
      vertex 7.74195 20.0884 7
    endloop
  endfacet
  facet normal -0.336939 -0.941527 -0
    outer loop
      vertex 8.01915 19.9892 7
      vertex 7.74195 20.0884 3
      vertex 8.01915 19.9892 3
    endloop
  endfacet
  facet normal 0.514246 0.857643 -0
    outer loop
      vertex 10.5567 25.3544 3
      vertex 10.3042 25.5058 7
      vertex 10.5567 25.3544 7
    endloop
  endfacet
  facet normal 0.514246 0.857643 0
    outer loop
      vertex 10.3042 25.5058 7
      vertex 10.5567 25.3544 3
      vertex 10.3042 25.5058 3
    endloop
  endfacet
  facet normal 0.146736 -0.989176 0
    outer loop
      vertex 9.18405 19.8744 3
      vertex 9.47527 19.9176 7
      vertex 9.18405 19.8744 7
    endloop
  endfacet
  facet normal 0.146736 -0.989176 0
    outer loop
      vertex 9.47527 19.9176 7
      vertex 9.18405 19.8744 3
      vertex 9.47527 19.9176 3
    endloop
  endfacet
  facet normal 0.671607 0.740908 -0
    outer loop
      vertex 11.0113 24.9813 3
      vertex 10.7932 25.179 7
      vertex 11.0113 24.9813 7
    endloop
  endfacet
  facet normal 0.671607 0.740908 0
    outer loop
      vertex 10.7932 25.179 7
      vertex 11.0113 24.9813 3
      vertex 10.7932 25.179 3
    endloop
  endfacet
  facet normal -0.989179 -0.146712 0
    outer loop
      vertex 5.94764 22.2747 3
      vertex 5.90445 22.5659 7
      vertex 5.90445 22.5659 3
    endloop
  endfacet
  facet normal -0.989179 -0.146712 0
    outer loop
      vertex 5.90445 22.5659 7
      vertex 5.94764 22.2747 3
      vertex 5.94764 22.2747 7
    endloop
  endfacet
  facet normal -0.595747 0.803172 0
    outer loop
      vertex 7.22329 25.3544 3
      vertex 6.98682 25.179 7
      vertex 7.22329 25.3544 7
    endloop
  endfacet
  facet normal -0.595747 0.803172 0
    outer loop
      vertex 6.98682 25.179 7
      vertex 7.22329 25.3544 3
      vertex 6.98682 25.179 3
    endloop
  endfacet
  facet normal -0.336939 0.941527 0
    outer loop
      vertex 8.01915 25.7308 3
      vertex 7.74195 25.6316 7
      vertex 8.01915 25.7308 7
    endloop
  endfacet
  facet normal -0.336939 0.941527 0
    outer loop
      vertex 7.74195 25.6316 7
      vertex 8.01915 25.7308 3
      vertex 7.74195 25.6316 3
    endloop
  endfacet
  facet normal 0.671607 -0.740908 0
    outer loop
      vertex 10.7932 20.541 3
      vertex 11.0113 20.7387 7
      vertex 10.7932 20.541 7
    endloop
  endfacet
  facet normal 0.671607 -0.740908 0
    outer loop
      vertex 11.0113 20.7387 7
      vertex 10.7932 20.541 3
      vertex 11.0113 20.7387 3
    endloop
  endfacet
  facet normal -0.595747 -0.803172 0
    outer loop
      vertex 6.98682 20.541 3
      vertex 7.22329 20.3656 7
      vertex 6.98682 20.541 7
    endloop
  endfacet
  facet normal -0.595747 -0.803172 -0
    outer loop
      vertex 7.22329 20.3656 7
      vertex 6.98682 20.541 3
      vertex 7.22329 20.3656 3
    endloop
  endfacet
  facet normal 0.857643 -0.514246 0
    outer loop
      vertex 11.3844 21.1933 7
      vertex 11.5358 21.4458 3
      vertex 11.5358 21.4458 7
    endloop
  endfacet
  facet normal 0.857643 -0.514246 0
    outer loop
      vertex 11.5358 21.4458 3
      vertex 11.3844 21.1933 7
      vertex 11.3844 21.1933 3
    endloop
  endfacet
  facet normal -0.970031 -0.242983 0
    outer loop
      vertex 6.01918 21.9891 3
      vertex 5.94764 22.2747 7
      vertex 5.94764 22.2747 3
    endloop
  endfacet
  facet normal -0.970031 -0.242983 0
    outer loop
      vertex 5.94764 22.2747 7
      vertex 6.01918 21.9891 3
      vertex 6.01918 21.9891 7
    endloop
  endfacet
  facet normal 0.146736 0.989176 -0
    outer loop
      vertex 9.47527 25.8024 3
      vertex 9.18405 25.8456 7
      vertex 9.47527 25.8024 7
    endloop
  endfacet
  facet normal 0.146736 0.989176 0
    outer loop
      vertex 9.18405 25.8456 7
      vertex 9.47527 25.8024 3
      vertex 9.18405 25.8456 3
    endloop
  endfacet
  facet normal 0.803208 0.595699 0
    outer loop
      vertex 11.3844 24.5267 7
      vertex 11.209 24.7632 3
      vertex 11.209 24.7632 7
    endloop
  endfacet
  facet normal 0.803208 0.595699 0
    outer loop
      vertex 11.209 24.7632 3
      vertex 11.3844 24.5267 7
      vertex 11.3844 24.5267 3
    endloop
  endfacet
  facet normal -0.941548 -0.336879 0
    outer loop
      vertex 6.11836 21.7119 3
      vertex 6.01918 21.9891 7
      vertex 6.01918 21.9891 3
    endloop
  endfacet
  facet normal -0.941548 -0.336879 0
    outer loop
      vertex 6.01918 21.9891 7
      vertex 6.11836 21.7119 3
      vertex 6.11836 21.7119 7
    endloop
  endfacet
  facet normal 0 0 1
    outer loop
      vertex 9.94 22.86 7
      vertex 11.89 22.86 7
      vertex 11.8756 23.1541 7
    endloop
  endfacet
  facet normal 0 0 1
    outer loop
      vertex 9.93494 22.9629 7
      vertex 11.8756 23.1541 7
      vertex 11.8324 23.4453 7
    endloop
  endfacet
  facet normal 0 0 1
    outer loop
      vertex 11.89 22.86 7
      vertex 9.94 22.86 7
      vertex 11.8756 22.5659 7
    endloop
  endfacet
  facet normal 0 0 1
    outer loop
      vertex 9.91982 23.0648 7
      vertex 11.8324 23.4453 7
      vertex 11.7608 23.7309 7
    endloop
  endfacet
  facet normal -0 0 1
    outer loop
      vertex 9.93494 22.7571 7
      vertex 11.8756 22.5659 7
      vertex 9.94 22.86 7
    endloop
  endfacet
  facet normal 0 0 1
    outer loop
      vertex 9.89479 23.1648 7
      vertex 11.7608 23.7309 7
      vertex 11.6616 24.008 7
    endloop
  endfacet
  facet normal 0 0 1
    outer loop
      vertex 11.8756 22.5659 7
      vertex 9.93494 22.7571 7
      vertex 11.8324 22.2747 7
    endloop
  endfacet
  facet normal 0 0 1
    outer loop
      vertex 9.86007 23.2618 7
      vertex 11.6616 24.008 7
      vertex 11.5358 24.2742 7
    endloop
  endfacet
  facet normal -0 0 1
    outer loop
      vertex 9.91982 22.6552 7
      vertex 11.8324 22.2747 7
      vertex 9.93494 22.7571 7
    endloop
  endfacet
  facet normal 0 0 1
    outer loop
      vertex 9.81602 23.355 7
      vertex 11.5358 24.2742 7
      vertex 11.3844 24.5267 7
    endloop
  endfacet
  facet normal 0 0 1
    outer loop
      vertex 11.8324 22.2747 7
      vertex 9.91982 22.6552 7
      vertex 11.7608 21.9891 7
    endloop
  endfacet
  facet normal 0 0 1
    outer loop
      vertex 9.76304 23.4433 7
      vertex 11.3844 24.5267 7
      vertex 11.209 24.7632 7
    endloop
  endfacet
  facet normal -0 0 1
    outer loop
      vertex 9.89479 22.5552 7
      vertex 11.7608 21.9891 7
      vertex 9.91982 22.6552 7
    endloop
  endfacet
  facet normal 0 0 1
    outer loop
      vertex 9.70166 23.5261 7
      vertex 11.209 24.7632 7
      vertex 11.0113 24.9813 7
    endloop
  endfacet
  facet normal 0 0 1
    outer loop
      vertex 11.7608 21.9891 7
      vertex 9.89479 22.5552 7
      vertex 11.6616 21.7119 7
    endloop
  endfacet
  facet normal 0 0 1
    outer loop
      vertex 9.63246 23.6025 7
      vertex 11.0113 24.9813 7
      vertex 10.7932 25.179 7
    endloop
  endfacet
  facet normal -0 0 1
    outer loop
      vertex 9.86007 22.4582 7
      vertex 11.6616 21.7119 7
      vertex 9.89479 22.5552 7
    endloop
  endfacet
  facet normal 0 0 1
    outer loop
      vertex 9.55611 23.6717 7
      vertex 10.7932 25.179 7
      vertex 10.5567 25.3544 7
    endloop
  endfacet
  facet normal 0 0 1
    outer loop
      vertex 11.6616 21.7119 7
      vertex 9.86007 22.4582 7
      vertex 11.5358 21.4458 7
    endloop
  endfacet
  facet normal 0 0 1
    outer loop
      vertex 9.47335 23.733 7
      vertex 10.5567 25.3544 7
      vertex 10.3042 25.5058 7
    endloop
  endfacet
  facet normal -0 0 1
    outer loop
      vertex 9.81602 22.365 7
      vertex 11.5358 21.4458 7
      vertex 9.86007 22.4582 7
    endloop
  endfacet
  facet normal 0 0 1
    outer loop
      vertex 9.38497 23.786 7
      vertex 10.3042 25.5058 7
      vertex 10.038 25.6316 7
    endloop
  endfacet
  facet normal 0 0 1
    outer loop
      vertex 11.5358 21.4458 7
      vertex 9.81602 22.365 7
      vertex 11.3844 21.1933 7
    endloop
  endfacet
  facet normal -0 0 1
    outer loop
      vertex 9.76304 22.2766 7
      vertex 11.3844 21.1933 7
      vertex 9.81602 22.365 7
    endloop
  endfacet
  facet normal 0 0 1
    outer loop
      vertex 11.8756 23.1541 7
      vertex 9.93494 22.9629 7
      vertex 9.94 22.86 7
    endloop
  endfacet
  facet normal 0 0 1
    outer loop
      vertex 11.8324 23.4453 7
      vertex 9.91982 23.0648 7
      vertex 9.93494 22.9629 7
    endloop
  endfacet
  facet normal 0 0 1
    outer loop
      vertex 11.7608 23.7309 7
      vertex 9.89479 23.1648 7
      vertex 9.91982 23.0648 7
    endloop
  endfacet
  facet normal 0 0 1
    outer loop
      vertex 11.6616 24.008 7
      vertex 9.86007 23.2618 7
      vertex 9.89479 23.1648 7
    endloop
  endfacet
  facet normal 0 0 1
    outer loop
      vertex 11.5358 24.2742 7
      vertex 9.81602 23.355 7
      vertex 9.86007 23.2618 7
    endloop
  endfacet
  facet normal 0 0 1
    outer loop
      vertex 11.3844 24.5267 7
      vertex 9.76304 23.4433 7
      vertex 9.81602 23.355 7
    endloop
  endfacet
  facet normal 0 0 1
    outer loop
      vertex 9.29182 23.8301 7
      vertex 10.038 25.6316 7
      vertex 9.76085 25.7308 7
    endloop
  endfacet
  facet normal 0 0 1
    outer loop
      vertex 11.209 24.7632 7
      vertex 9.70166 23.5261 7
      vertex 9.76304 23.4433 7
    endloop
  endfacet
  facet normal 0 0 1
    outer loop
      vertex 11.0113 24.9813 7
      vertex 9.63246 23.6025 7
      vertex 9.70166 23.5261 7
    endloop
  endfacet
  facet normal 0 0 1
    outer loop
      vertex 10.7932 25.179 7
      vertex 9.55611 23.6717 7
      vertex 9.63246 23.6025 7
    endloop
  endfacet
  facet normal 0 0 1
    outer loop
      vertex 9.1948 23.8648 7
      vertex 9.76085 25.7308 7
      vertex 9.47527 25.8024 7
    endloop
  endfacet
  facet normal 0 0 1
    outer loop
      vertex 10.5567 25.3544 7
      vertex 9.47335 23.733 7
      vertex 9.55611 23.6717 7
    endloop
  endfacet
  facet normal 0 0 1
    outer loop
      vertex 10.3042 25.5058 7
      vertex 9.38497 23.786 7
      vertex 9.47335 23.733 7
    endloop
  endfacet
  facet normal 0 0 1
    outer loop
      vertex 10.038 25.6316 7
      vertex 9.29182 23.8301 7
      vertex 9.38497 23.786 7
    endloop
  endfacet
  facet normal 0 0 1
    outer loop
      vertex 9.76085 25.7308 7
      vertex 9.1948 23.8648 7
      vertex 9.29182 23.8301 7
    endloop
  endfacet
  facet normal 0 0 1
    outer loop
      vertex 9.09484 23.8898 7
      vertex 9.47527 25.8024 7
      vertex 9.18405 25.8456 7
    endloop
  endfacet
  facet normal 0 0 1
    outer loop
      vertex 9.47527 25.8024 7
      vertex 9.09484 23.8898 7
      vertex 9.1948 23.8648 7
    endloop
  endfacet
  facet normal 0 0 1
    outer loop
      vertex 9.18405 25.8456 7
      vertex 8.99292 23.9049 7
      vertex 9.09484 23.8898 7
    endloop
  endfacet
  facet normal 0 0 1
    outer loop
      vertex 8.89 25.86 7
      vertex 8.99292 23.9049 7
      vertex 9.18405 25.8456 7
    endloop
  endfacet
  facet normal 0 0 1
    outer loop
      vertex 8.89 25.86 7
      vertex 8.89 23.91 7
      vertex 8.99292 23.9049 7
    endloop
  endfacet
  facet normal 0 0 1
    outer loop
      vertex 8.89 25.86 7
      vertex 8.78708 23.9049 7
      vertex 8.89 23.91 7
    endloop
  endfacet
  facet normal -0 0 1
    outer loop
      vertex 8.59595 25.8456 7
      vertex 8.78708 23.9049 7
      vertex 8.89 25.86 7
    endloop
  endfacet
  facet normal 0 0 1
    outer loop
      vertex 8.78708 23.9049 7
      vertex 8.59595 25.8456 7
      vertex 8.68515 23.8898 7
    endloop
  endfacet
  facet normal -0 0 1
    outer loop
      vertex 8.30473 25.8024 7
      vertex 8.68515 23.8898 7
      vertex 8.59595 25.8456 7
    endloop
  endfacet
  facet normal 0 0 1
    outer loop
      vertex 8.68515 23.8898 7
      vertex 8.30473 25.8024 7
      vertex 8.5852 23.8648 7
    endloop
  endfacet
  facet normal -0 0 1
    outer loop
      vertex 8.01915 25.7308 7
      vertex 8.5852 23.8648 7
      vertex 8.30473 25.8024 7
    endloop
  endfacet
  facet normal 0 0 1
    outer loop
      vertex 8.5852 23.8648 7
      vertex 8.01915 25.7308 7
      vertex 8.48818 23.8301 7
    endloop
  endfacet
  facet normal -0 0 1
    outer loop
      vertex 7.74195 25.6316 7
      vertex 8.48818 23.8301 7
      vertex 8.01915 25.7308 7
    endloop
  endfacet
  facet normal 0 0 1
    outer loop
      vertex 8.48818 23.8301 7
      vertex 7.74195 25.6316 7
      vertex 8.39503 23.786 7
    endloop
  endfacet
  facet normal -0 0 1
    outer loop
      vertex 7.47581 25.5058 7
      vertex 8.39503 23.786 7
      vertex 7.74195 25.6316 7
    endloop
  endfacet
  facet normal 0 0 1
    outer loop
      vertex 8.39503 23.786 7
      vertex 7.47581 25.5058 7
      vertex 8.30665 23.733 7
    endloop
  endfacet
  facet normal -0 0 1
    outer loop
      vertex 7.22329 25.3544 7
      vertex 8.30665 23.733 7
      vertex 7.47581 25.5058 7
    endloop
  endfacet
  facet normal 0 0 1
    outer loop
      vertex 8.30665 23.733 7
      vertex 7.22329 25.3544 7
      vertex 8.22389 23.6717 7
    endloop
  endfacet
  facet normal -0 0 1
    outer loop
      vertex 6.98682 25.179 7
      vertex 8.22389 23.6717 7
      vertex 7.22329 25.3544 7
    endloop
  endfacet
  facet normal 0 0 1
    outer loop
      vertex 8.22389 23.6717 7
      vertex 6.98682 25.179 7
      vertex 8.14754 23.6025 7
    endloop
  endfacet
  facet normal -0 0 1
    outer loop
      vertex 6.76868 24.9813 7
      vertex 8.14754 23.6025 7
      vertex 6.98682 25.179 7
    endloop
  endfacet
  facet normal 0 0 1
    outer loop
      vertex 8.14754 23.6025 7
      vertex 6.76868 24.9813 7
      vertex 8.07834 23.5261 7
    endloop
  endfacet
  facet normal -0 0 1
    outer loop
      vertex 6.57097 24.7632 7
      vertex 8.07834 23.5261 7
      vertex 6.76868 24.9813 7
    endloop
  endfacet
  facet normal -0 0 1
    outer loop
      vertex 6.39559 24.5267 7
      vertex 8.01696 23.4433 7
      vertex 6.57097 24.7632 7
    endloop
  endfacet
  facet normal 0 0 1
    outer loop
      vertex 8.07834 23.5261 7
      vertex 6.57097 24.7632 7
      vertex 8.01696 23.4433 7
    endloop
  endfacet
  facet normal 0 0 1
    outer loop
      vertex 11.3844 21.1933 7
      vertex 9.76304 22.2766 7
      vertex 11.209 20.9568 7
    endloop
  endfacet
  facet normal -0 0 1
    outer loop
      vertex 9.70166 22.1939 7
      vertex 11.209 20.9568 7
      vertex 9.76304 22.2766 7
    endloop
  endfacet
  facet normal 0 0 1
    outer loop
      vertex 11.209 20.9568 7
      vertex 9.70166 22.1939 7
      vertex 11.0113 20.7387 7
    endloop
  endfacet
  facet normal -0 0 1
    outer loop
      vertex 9.63246 22.1175 7
      vertex 11.0113 20.7387 7
      vertex 9.70166 22.1939 7
    endloop
  endfacet
  facet normal 0 0 1
    outer loop
      vertex 11.0113 20.7387 7
      vertex 9.63246 22.1175 7
      vertex 10.7932 20.541 7
    endloop
  endfacet
  facet normal -0 0 1
    outer loop
      vertex 9.55611 22.0483 7
      vertex 10.7932 20.541 7
      vertex 9.63246 22.1175 7
    endloop
  endfacet
  facet normal 0 0 1
    outer loop
      vertex 10.7932 20.541 7
      vertex 9.55611 22.0483 7
      vertex 10.5567 20.3656 7
    endloop
  endfacet
  facet normal -0 0 1
    outer loop
      vertex 9.47335 21.987 7
      vertex 10.5567 20.3656 7
      vertex 9.55611 22.0483 7
    endloop
  endfacet
  facet normal 0 0 1
    outer loop
      vertex 10.5567 20.3656 7
      vertex 9.47335 21.987 7
      vertex 10.3042 20.2142 7
    endloop
  endfacet
  facet normal -0 0 1
    outer loop
      vertex 9.38497 21.934 7
      vertex 10.3042 20.2142 7
      vertex 9.47335 21.987 7
    endloop
  endfacet
  facet normal 0 0 1
    outer loop
      vertex 10.3042 20.2142 7
      vertex 9.38497 21.934 7
      vertex 10.038 20.0884 7
    endloop
  endfacet
  facet normal -0 0 1
    outer loop
      vertex 9.29182 21.8899 7
      vertex 10.038 20.0884 7
      vertex 9.38497 21.934 7
    endloop
  endfacet
  facet normal 0 0 1
    outer loop
      vertex 10.038 20.0884 7
      vertex 9.29182 21.8899 7
      vertex 9.76085 19.9892 7
    endloop
  endfacet
  facet normal -0 0 1
    outer loop
      vertex 9.1948 21.8552 7
      vertex 9.76085 19.9892 7
      vertex 9.29182 21.8899 7
    endloop
  endfacet
  facet normal 0 0 1
    outer loop
      vertex 9.76085 19.9892 7
      vertex 9.1948 21.8552 7
      vertex 9.47527 19.9176 7
    endloop
  endfacet
  facet normal -0 0 1
    outer loop
      vertex 9.09484 21.8302 7
      vertex 9.47527 19.9176 7
      vertex 9.1948 21.8552 7
    endloop
  endfacet
  facet normal 0 0 1
    outer loop
      vertex 9.47527 19.9176 7
      vertex 9.09484 21.8302 7
      vertex 9.18405 19.8744 7
    endloop
  endfacet
  facet normal -0 0 1
    outer loop
      vertex 8.99292 21.8151 7
      vertex 9.18405 19.8744 7
      vertex 9.09484 21.8302 7
    endloop
  endfacet
  facet normal -0 0 1
    outer loop
      vertex 8.89 21.81 7
      vertex 9.18405 19.8744 7
      vertex 8.99292 21.8151 7
    endloop
  endfacet
  facet normal 0 0 1
    outer loop
      vertex 8.89 21.81 7
      vertex 8.89 19.86 7
      vertex 9.18405 19.8744 7
    endloop
  endfacet
  facet normal 0 0 1
    outer loop
      vertex 8.78708 21.8151 7
      vertex 8.89 19.86 7
      vertex 8.89 21.81 7
    endloop
  endfacet
  facet normal 0 0 1
    outer loop
      vertex 8.59595 19.8744 7
      vertex 8.78708 21.8151 7
      vertex 8.68515 21.8302 7
    endloop
  endfacet
  facet normal 0 0 1
    outer loop
      vertex 8.78708 21.8151 7
      vertex 8.59595 19.8744 7
      vertex 8.89 19.86 7
    endloop
  endfacet
  facet normal 0 0 1
    outer loop
      vertex 8.30473 19.9176 7
      vertex 8.68515 21.8302 7
      vertex 8.5852 21.8552 7
    endloop
  endfacet
  facet normal 0 0 1
    outer loop
      vertex 8.01915 19.9892 7
      vertex 8.5852 21.8552 7
      vertex 8.48818 21.8899 7
    endloop
  endfacet
  facet normal 0 0 1
    outer loop
      vertex 7.74195 20.0884 7
      vertex 8.48818 21.8899 7
      vertex 8.39503 21.934 7
    endloop
  endfacet
  facet normal 0 0 1
    outer loop
      vertex 7.47581 20.2142 7
      vertex 8.39503 21.934 7
      vertex 8.30665 21.987 7
    endloop
  endfacet
  facet normal 0 0 1
    outer loop
      vertex 8.68515 21.8302 7
      vertex 8.30473 19.9176 7
      vertex 8.59595 19.8744 7
    endloop
  endfacet
  facet normal 0 0 1
    outer loop
      vertex 7.22329 20.3656 7
      vertex 8.30665 21.987 7
      vertex 8.22389 22.0483 7
    endloop
  endfacet
  facet normal 0 0 1
    outer loop
      vertex 6.98682 20.541 7
      vertex 8.22389 22.0483 7
      vertex 8.14754 22.1175 7
    endloop
  endfacet
  facet normal 0 0 1
    outer loop
      vertex 6.76868 20.7387 7
      vertex 8.14754 22.1175 7
      vertex 8.07834 22.1939 7
    endloop
  endfacet
  facet normal 0 0 1
    outer loop
      vertex 8.5852 21.8552 7
      vertex 8.01915 19.9892 7
      vertex 8.30473 19.9176 7
    endloop
  endfacet
  facet normal 0 0 1
    outer loop
      vertex 6.57097 20.9568 7
      vertex 8.07834 22.1939 7
      vertex 8.01696 22.2766 7
    endloop
  endfacet
  facet normal 0 0 1
    outer loop
      vertex 6.39559 21.1933 7
      vertex 8.01696 22.2766 7
      vertex 7.96398 22.365 7
    endloop
  endfacet
  facet normal 0 0 1
    outer loop
      vertex 6.24424 21.4458 7
      vertex 7.96398 22.365 7
      vertex 7.91993 22.4582 7
    endloop
  endfacet
  facet normal 0 0 1
    outer loop
      vertex 6.11836 21.7119 7
      vertex 7.91993 22.4582 7
      vertex 7.88521 22.5552 7
    endloop
  endfacet
  facet normal 0 0 1
    outer loop
      vertex 6.01918 21.9891 7
      vertex 7.88521 22.5552 7
      vertex 7.86018 22.6552 7
    endloop
  endfacet
  facet normal 0 0 1
    outer loop
      vertex 5.94764 22.2747 7
      vertex 7.86018 22.6552 7
      vertex 7.84506 22.7571 7
    endloop
  endfacet
  facet normal 0 0 1
    outer loop
      vertex 8.48818 21.8899 7
      vertex 7.74195 20.0884 7
      vertex 8.01915 19.9892 7
    endloop
  endfacet
  facet normal 0 0 1
    outer loop
      vertex 5.90445 22.5659 7
      vertex 7.84506 22.7571 7
      vertex 7.84 22.86 7
    endloop
  endfacet
  facet normal 0 0 1
    outer loop
      vertex 8.01696 23.4433 7
      vertex 6.39559 24.5267 7
      vertex 7.96398 23.355 7
    endloop
  endfacet
  facet normal -0 0 1
    outer loop
      vertex 6.24424 24.2742 7
      vertex 7.96398 23.355 7
      vertex 6.39559 24.5267 7
    endloop
  endfacet
  facet normal 0 0 1
    outer loop
      vertex 8.39503 21.934 7
      vertex 7.47581 20.2142 7
      vertex 7.74195 20.0884 7
    endloop
  endfacet
  facet normal 0 0 1
    outer loop
      vertex 7.96398 23.355 7
      vertex 6.24424 24.2742 7
      vertex 7.91993 23.2618 7
    endloop
  endfacet
  facet normal 0 0 1
    outer loop
      vertex 8.30665 21.987 7
      vertex 7.22329 20.3656 7
      vertex 7.47581 20.2142 7
    endloop
  endfacet
  facet normal -0 0 1
    outer loop
      vertex 6.11836 24.008 7
      vertex 7.91993 23.2618 7
      vertex 6.24424 24.2742 7
    endloop
  endfacet
  facet normal 0 0 1
    outer loop
      vertex 8.22389 22.0483 7
      vertex 6.98682 20.541 7
      vertex 7.22329 20.3656 7
    endloop
  endfacet
  facet normal 0 0 1
    outer loop
      vertex 7.91993 23.2618 7
      vertex 6.11836 24.008 7
      vertex 7.88521 23.1648 7
    endloop
  endfacet
  facet normal 0 0 1
    outer loop
      vertex 8.14754 22.1175 7
      vertex 6.76868 20.7387 7
      vertex 6.98682 20.541 7
    endloop
  endfacet
  facet normal -0 0 1
    outer loop
      vertex 6.01918 23.7309 7
      vertex 7.88521 23.1648 7
      vertex 6.11836 24.008 7
    endloop
  endfacet
  facet normal 0 0 1
    outer loop
      vertex 8.07834 22.1939 7
      vertex 6.57097 20.9568 7
      vertex 6.76868 20.7387 7
    endloop
  endfacet
  facet normal 0 0 1
    outer loop
      vertex 7.88521 23.1648 7
      vertex 6.01918 23.7309 7
      vertex 7.86018 23.0648 7
    endloop
  endfacet
  facet normal 0 0 1
    outer loop
      vertex 8.01696 22.2766 7
      vertex 6.39559 21.1933 7
      vertex 6.57097 20.9568 7
    endloop
  endfacet
  facet normal -0 0 1
    outer loop
      vertex 5.94764 23.4453 7
      vertex 7.86018 23.0648 7
      vertex 6.01918 23.7309 7
    endloop
  endfacet
  facet normal 0 0 1
    outer loop
      vertex 7.96398 22.365 7
      vertex 6.24424 21.4458 7
      vertex 6.39559 21.1933 7
    endloop
  endfacet
  facet normal 0 0 1
    outer loop
      vertex 7.86018 23.0648 7
      vertex 5.94764 23.4453 7
      vertex 7.84506 22.9629 7
    endloop
  endfacet
  facet normal 0 0 1
    outer loop
      vertex 7.91993 22.4582 7
      vertex 6.11836 21.7119 7
      vertex 6.24424 21.4458 7
    endloop
  endfacet
  facet normal -0 0 1
    outer loop
      vertex 5.90445 23.1541 7
      vertex 7.84506 22.9629 7
      vertex 5.94764 23.4453 7
    endloop
  endfacet
  facet normal 0 0 1
    outer loop
      vertex 7.88521 22.5552 7
      vertex 6.01918 21.9891 7
      vertex 6.11836 21.7119 7
    endloop
  endfacet
  facet normal 0 0 1
    outer loop
      vertex 7.84506 22.9629 7
      vertex 5.90445 23.1541 7
      vertex 7.84 22.86 7
    endloop
  endfacet
  facet normal 0 0 1
    outer loop
      vertex 7.86018 22.6552 7
      vertex 5.94764 22.2747 7
      vertex 6.01918 21.9891 7
    endloop
  endfacet
  facet normal 0 0 1
    outer loop
      vertex 5.89 22.86 7
      vertex 7.84 22.86 7
      vertex 5.90445 23.1541 7
    endloop
  endfacet
  facet normal 0 0 1
    outer loop
      vertex 7.84506 22.7571 7
      vertex 5.90445 22.5659 7
      vertex 5.94764 22.2747 7
    endloop
  endfacet
  facet normal 0 0 1
    outer loop
      vertex 7.84 22.86 7
      vertex 5.89 22.86 7
      vertex 5.90445 22.5659 7
    endloop
  endfacet
  facet normal 0.595699 -0.803208 0
    outer loop
      vertex 10.5567 20.3656 3
      vertex 10.7932 20.541 7
      vertex 10.5567 20.3656 7
    endloop
  endfacet
  facet normal 0.595699 -0.803208 0
    outer loop
      vertex 10.7932 20.541 7
      vertex 10.5567 20.3656 3
      vertex 10.7932 20.541 3
    endloop
  endfacet
  facet normal -0.514216 0.857661 0
    outer loop
      vertex 7.47581 25.5058 3
      vertex 7.22329 25.3544 7
      vertex 7.47581 25.5058 7
    endloop
  endfacet
  facet normal -0.514216 0.857661 0
    outer loop
      vertex 7.22329 25.3544 7
      vertex 7.47581 25.5058 3
      vertex 7.22329 25.3544 3
    endloop
  endfacet
  facet normal 0.595699 0.803208 -0
    outer loop
      vertex 10.7932 25.179 3
      vertex 10.5567 25.3544 7
      vertex 10.7932 25.179 7
    endloop
  endfacet
  facet normal 0.595699 0.803208 0
    outer loop
      vertex 10.5567 25.3544 7
      vertex 10.7932 25.179 3
      vertex 10.5567 25.3544 3
    endloop
  endfacet
  facet normal 0.427269 -0.904125 0
    outer loop
      vertex 10.038 20.0884 3
      vertex 10.3042 20.2142 7
      vertex 10.038 20.0884 7
    endloop
  endfacet
  facet normal 0.427269 -0.904125 0
    outer loop
      vertex 10.3042 20.2142 7
      vertex 10.038 20.0884 3
      vertex 10.3042 20.2142 3
    endloop
  endfacet
  facet normal 0.941488 0.337047 0
    outer loop
      vertex 11.7608 23.7309 7
      vertex 11.6616 24.008 3
      vertex 11.6616 24.008 7
    endloop
  endfacet
  facet normal 0.941488 0.337047 0
    outer loop
      vertex 11.6616 24.008 3
      vertex 11.7608 23.7309 7
      vertex 11.7608 23.7309 3
    endloop
  endfacet
  facet normal -0.857718 -0.514121 0
    outer loop
      vertex 6.39559 21.1933 3
      vertex 6.24424 21.4458 7
      vertex 6.24424 21.4458 3
    endloop
  endfacet
  facet normal -0.857718 -0.514121 0
    outer loop
      vertex 6.24424 21.4458 7
      vertex 6.39559 21.1933 3
      vertex 6.39559 21.1933 7
    endloop
  endfacet
  facet normal 0.904125 0.427269 0
    outer loop
      vertex 11.6616 24.008 7
      vertex 11.5358 24.2742 3
      vertex 11.5358 24.2742 7
    endloop
  endfacet
  facet normal 0.904125 0.427269 0
    outer loop
      vertex 11.5358 24.2742 3
      vertex 11.6616 24.008 7
      vertex 11.6616 24.008 3
    endloop
  endfacet
  facet normal 0.969982 -0.243175 0
    outer loop
      vertex 11.7608 21.9891 7
      vertex 11.8324 22.2747 3
      vertex 11.8324 22.2747 7
    endloop
  endfacet
  facet normal 0.969982 -0.243175 0
    outer loop
      vertex 11.8324 22.2747 3
      vertex 11.7608 21.9891 7
      vertex 11.7608 21.9891 3
    endloop
  endfacet
  facet normal -0.740891 0.671625 0
    outer loop
      vertex 6.57097 24.7632 3
      vertex 6.76868 24.9813 7
      vertex 6.76868 24.9813 3
    endloop
  endfacet
  facet normal -0.740891 0.671625 0
    outer loop
      vertex 6.76868 24.9813 7
      vertex 6.57097 24.7632 3
      vertex 6.57097 24.7632 7
    endloop
  endfacet
  facet normal -0.146736 0.989176 0
    outer loop
      vertex 8.59595 25.8456 3
      vertex 8.30473 25.8024 7
      vertex 8.59595 25.8456 7
    endloop
  endfacet
  facet normal -0.146736 0.989176 0
    outer loop
      vertex 8.30473 25.8024 7
      vertex 8.59595 25.8456 3
      vertex 8.30473 25.8024 3
    endloop
  endfacet
  facet normal -0.740891 -0.671625 0
    outer loop
      vertex 6.76868 20.7387 3
      vertex 6.57097 20.9568 7
      vertex 6.57097 20.9568 3
    endloop
  endfacet
  facet normal -0.740891 -0.671625 0
    outer loop
      vertex 6.57097 20.9568 7
      vertex 6.76868 20.7387 3
      vertex 6.76868 20.7387 7
    endloop
  endfacet
  facet normal -0.0489126 0.998803 0
    outer loop
      vertex 8.89 25.86 3
      vertex 8.59595 25.8456 7
      vertex 8.89 25.86 7
    endloop
  endfacet
  facet normal -0.0489126 0.998803 0
    outer loop
      vertex 8.59595 25.8456 7
      vertex 8.89 25.86 3
      vertex 8.59595 25.8456 3
    endloop
  endfacet
  facet normal -0.243191 0.969978 0
    outer loop
      vertex 8.30473 25.8024 3
      vertex 8.01915 25.7308 7
      vertex 8.30473 25.8024 7
    endloop
  endfacet
  facet normal -0.243191 0.969978 0
    outer loop
      vertex 8.01915 25.7308 7
      vertex 8.30473 25.8024 3
      vertex 8.01915 25.7308 3
    endloop
  endfacet
  facet normal -0.94151 0.336986 0
    outer loop
      vertex 6.01918 23.7309 3
      vertex 6.11836 24.008 7
      vertex 6.11836 24.008 3
    endloop
  endfacet
  facet normal -0.94151 0.336986 0
    outer loop
      vertex 6.11836 24.008 7
      vertex 6.01918 23.7309 3
      vertex 6.01918 23.7309 7
    endloop
  endfacet
  facet normal 0.336993 -0.941507 0
    outer loop
      vertex 9.76085 19.9892 3
      vertex 10.038 20.0884 7
      vertex 9.76085 19.9892 7
    endloop
  endfacet
  facet normal 0.336993 -0.941507 0
    outer loop
      vertex 10.038 20.0884 7
      vertex 9.76085 19.9892 3
      vertex 10.038 20.0884 3
    endloop
  endfacet
  facet normal 0.243191 0.969978 -0
    outer loop
      vertex 9.76085 25.7308 3
      vertex 9.47527 25.8024 7
      vertex 9.76085 25.7308 7
    endloop
  endfacet
  facet normal 0.243191 0.969978 0
    outer loop
      vertex 9.47527 25.8024 7
      vertex 9.76085 25.7308 3
      vertex 9.47527 25.8024 3
    endloop
  endfacet
  facet normal 0.803208 -0.595699 0
    outer loop
      vertex 11.209 20.9568 7
      vertex 11.3844 21.1933 3
      vertex 11.3844 21.1933 7
    endloop
  endfacet
  facet normal 0.803208 -0.595699 0
    outer loop
      vertex 11.3844 21.1933 3
      vertex 11.209 20.9568 7
      vertex 11.209 20.9568 3
    endloop
  endfacet
  facet normal 0.0489126 -0.998803 0
    outer loop
      vertex 8.89 19.86 3
      vertex 9.18405 19.8744 7
      vertex 8.89 19.86 7
    endloop
  endfacet
  facet normal 0.0489126 -0.998803 0
    outer loop
      vertex 9.18405 19.8744 7
      vertex 8.89 19.86 3
      vertex 9.18405 19.8744 3
    endloop
  endfacet
  facet normal -0.427347 -0.904088 0
    outer loop
      vertex 7.47581 20.2142 3
      vertex 7.74195 20.0884 7
      vertex 7.47581 20.2142 7
    endloop
  endfacet
  facet normal -0.427347 -0.904088 -0
    outer loop
      vertex 7.74195 20.0884 7
      vertex 7.47581 20.2142 3
      vertex 7.74195 20.0884 3
    endloop
  endfacet
  facet normal -0.803241 0.595655 0
    outer loop
      vertex 6.39559 24.5267 3
      vertex 6.57097 24.7632 7
      vertex 6.57097 24.7632 3
    endloop
  endfacet
  facet normal -0.803241 0.595655 0
    outer loop
      vertex 6.57097 24.7632 7
      vertex 6.39559 24.5267 3
      vertex 6.39559 24.5267 7
    endloop
  endfacet
  facet normal -0.427347 0.904088 0
    outer loop
      vertex 7.74195 25.6316 3
      vertex 7.47581 25.5058 7
      vertex 7.74195 25.6316 7
    endloop
  endfacet
  facet normal -0.427347 0.904088 0
    outer loop
      vertex 7.47581 25.5058 7
      vertex 7.74195 25.6316 3
      vertex 7.47581 25.5058 3
    endloop
  endfacet
  facet normal 0.514246 -0.857643 0
    outer loop
      vertex 10.3042 20.2142 3
      vertex 10.5567 20.3656 7
      vertex 10.3042 20.2142 7
    endloop
  endfacet
  facet normal 0.514246 -0.857643 0
    outer loop
      vertex 10.5567 20.3656 7
      vertex 10.3042 20.2142 3
      vertex 10.5567 20.3656 3
    endloop
  endfacet
  facet normal -0.989179 0.146712 0
    outer loop
      vertex 5.90445 23.1541 3
      vertex 5.94764 23.4453 7
      vertex 5.94764 23.4453 3
    endloop
  endfacet
  facet normal -0.989179 0.146712 0
    outer loop
      vertex 5.94764 23.4453 7
      vertex 5.90445 23.1541 3
      vertex 5.90445 23.1541 7
    endloop
  endfacet
  facet normal 0.336993 0.941507 -0
    outer loop
      vertex 10.038 25.6316 3
      vertex 9.76085 25.7308 7
      vertex 10.038 25.6316 7
    endloop
  endfacet
  facet normal 0.336993 0.941507 0
    outer loop
      vertex 9.76085 25.7308 7
      vertex 10.038 25.6316 3
      vertex 9.76085 25.7308 3
    endloop
  endfacet
  facet normal 0.0489126 0.998803 -0
    outer loop
      vertex 9.18405 25.8456 3
      vertex 8.89 25.86 7
      vertex 9.18405 25.8456 7
    endloop
  endfacet
  facet normal 0.0489126 0.998803 0
    outer loop
      vertex 8.89 25.86 7
      vertex 9.18405 25.8456 3
      vertex 8.89 25.86 3
    endloop
  endfacet
  facet normal -0.998795 0.0490738 0
    outer loop
      vertex 5.89 22.86 3
      vertex 5.90445 23.1541 7
      vertex 5.90445 23.1541 3
    endloop
  endfacet
  facet normal -0.998795 0.0490738 0
    outer loop
      vertex 5.90445 23.1541 7
      vertex 5.89 22.86 3
      vertex 5.89 22.86 7
    endloop
  endfacet
  facet normal -0.243191 -0.969978 0
    outer loop
      vertex 8.01915 19.9892 3
      vertex 8.30473 19.9176 7
      vertex 8.01915 19.9892 7
    endloop
  endfacet
  facet normal -0.243191 -0.969978 -0
    outer loop
      vertex 8.30473 19.9176 7
      vertex 8.01915 19.9892 3
      vertex 8.30473 19.9176 3
    endloop
  endfacet
  facet normal -0.671539 -0.740969 0
    outer loop
      vertex 6.76868 20.7387 3
      vertex 6.98682 20.541 7
      vertex 6.76868 20.7387 7
    endloop
  endfacet
  facet normal -0.671539 -0.740969 -0
    outer loop
      vertex 6.98682 20.541 7
      vertex 6.76868 20.7387 3
      vertex 6.98682 20.541 3
    endloop
  endfacet
  facet normal -0.903958 -0.427622 0
    outer loop
      vertex 6.24424 21.4458 3
      vertex 6.11836 21.7119 7
      vertex 6.11836 21.7119 3
    endloop
  endfacet
  facet normal -0.903958 -0.427622 0
    outer loop
      vertex 6.11836 21.7119 7
      vertex 6.24424 21.4458 3
      vertex 6.24424 21.4458 7
    endloop
  endfacet
  facet normal -0.857718 0.514121 0
    outer loop
      vertex 6.24424 24.2742 3
      vertex 6.39559 24.5267 7
      vertex 6.39559 24.5267 3
    endloop
  endfacet
  facet normal -0.857718 0.514121 0
    outer loop
      vertex 6.39559 24.5267 7
      vertex 6.24424 24.2742 3
      vertex 6.24424 24.2742 7
    endloop
  endfacet
  facet normal 1 0 0
    outer loop
      vertex 10.89 17.7 -1.6
      vertex 10.89 20.2 0
      vertex 10.89 17.7 0
    endloop
  endfacet
  facet normal 1 0 0
    outer loop
      vertex 10.89 20.2 0
      vertex 10.89 17.7 -1.6
      vertex 10.89 20.2 -3.4
    endloop
  endfacet
  facet normal 1 0 0
    outer loop
      vertex 10.89 15.5 -3.4
      vertex 10.89 17.7 -1.6
      vertex 10.89 15.5 -1.6
    endloop
  endfacet
  facet normal 1 0 0
    outer loop
      vertex 10.89 17.7 -1.6
      vertex 10.89 15.5 -3.4
      vertex 10.89 20.2 -3.4
    endloop
  endfacet
  facet normal 0 0 -1
    outer loop
      vertex 10.89 20.2 0
      vertex 9.93494 22.7571 0
      vertex 9.94 22.86 0
    endloop
  endfacet
  facet normal 0 0 -1
    outer loop
      vertex 10.89 20.2 0
      vertex 9.91982 22.6552 0
      vertex 9.93494 22.7571 0
    endloop
  endfacet
  facet normal 0 0 -1
    outer loop
      vertex 10.89 20.2 0
      vertex 9.89479 22.5552 0
      vertex 9.91982 22.6552 0
    endloop
  endfacet
  facet normal 0 0 -1
    outer loop
      vertex 10.89 20.2 0
      vertex 9.86007 22.4582 0
      vertex 9.89479 22.5552 0
    endloop
  endfacet
  facet normal 0 0 -1
    outer loop
      vertex 10.89 20.2 0
      vertex 9.81602 22.365 0
      vertex 9.86007 22.4582 0
    endloop
  endfacet
  facet normal 0 0 -1
    outer loop
      vertex 10.89 20.2 0
      vertex 9.76304 22.2766 0
      vertex 9.81602 22.365 0
    endloop
  endfacet
  facet normal 0 0 -1
    outer loop
      vertex 10.89 20.2 0
      vertex 9.70166 22.1939 0
      vertex 9.76304 22.2766 0
    endloop
  endfacet
  facet normal 0 0 -1
    outer loop
      vertex 10.89 20.2 0
      vertex 9.63246 22.1175 0
      vertex 9.70166 22.1939 0
    endloop
  endfacet
  facet normal 0 0 -1
    outer loop
      vertex 10.89 20.2 0
      vertex 9.55611 22.0483 0
      vertex 9.63246 22.1175 0
    endloop
  endfacet
  facet normal 0 0 -1
    outer loop
      vertex 10.89 20.2 0
      vertex 9.47335 21.987 0
      vertex 9.55611 22.0483 0
    endloop
  endfacet
  facet normal 0 0 -1
    outer loop
      vertex 10.89 20.2 0
      vertex 9.38497 21.934 0
      vertex 9.47335 21.987 0
    endloop
  endfacet
  facet normal 0 0 -1
    outer loop
      vertex 10.89 20.2 0
      vertex 9.29182 21.8899 0
      vertex 9.38497 21.934 0
    endloop
  endfacet
  facet normal 0 0 -1
    outer loop
      vertex 10.89 20.2 0
      vertex 9.1948 21.8552 0
      vertex 9.29182 21.8899 0
    endloop
  endfacet
  facet normal 0 0 -1
    outer loop
      vertex 10.89 20.2 0
      vertex 9.09484 21.8302 0
      vertex 9.1948 21.8552 0
    endloop
  endfacet
  facet normal 0 0 -1
    outer loop
      vertex 10.89 20.2 0
      vertex 8.99292 21.8151 0
      vertex 9.09484 21.8302 0
    endloop
  endfacet
  facet normal 0 0 -1
    outer loop
      vertex 10.89 20.2 0
      vertex 8.89 21.81 0
      vertex 8.99292 21.8151 0
    endloop
  endfacet
  facet normal 0 0 -1
    outer loop
      vertex 10.89 20.2 0
      vertex 8.78708 21.8151 0
      vertex 8.89 21.81 0
    endloop
  endfacet
  facet normal 0 0 -1
    outer loop
      vertex 10.89 20.2 0
      vertex 8.68515 21.8302 0
      vertex 8.78708 21.8151 0
    endloop
  endfacet
  facet normal 0 0 -1
    outer loop
      vertex 10.89 20.2 0
      vertex 8.5852 21.8552 0
      vertex 8.68515 21.8302 0
    endloop
  endfacet
  facet normal 0 0 -1
    outer loop
      vertex 10.89 20.2 0
      vertex 8.48818 21.8899 0
      vertex 8.5852 21.8552 0
    endloop
  endfacet
  facet normal 0 0 -1
    outer loop
      vertex 10.89 20.2 0
      vertex 8.39503 21.934 0
      vertex 8.48818 21.8899 0
    endloop
  endfacet
  facet normal 0 0 -1
    outer loop
      vertex -8.39503 21.934 0
      vertex 8.39503 21.934 0
      vertex 10.89 20.2 0
    endloop
  endfacet
  facet normal 0 0 -1
    outer loop
      vertex 7.84506 22.7571 0
      vertex -7.84 22.86 0
      vertex 7.84 22.86 0
    endloop
  endfacet
  facet normal 0 0 -1
    outer loop
      vertex -7.84506 22.7571 0
      vertex 7.84506 22.7571 0
      vertex 7.86018 22.6552 0
    endloop
  endfacet
  facet normal 0 0 -1
    outer loop
      vertex -7.86018 22.6552 0
      vertex 7.86018 22.6552 0
      vertex 7.88521 22.5552 0
    endloop
  endfacet
  facet normal 0 0 -1
    outer loop
      vertex -7.88521 22.5552 0
      vertex 7.88521 22.5552 0
      vertex 7.91993 22.4582 0
    endloop
  endfacet
  facet normal 0 0 -1
    outer loop
      vertex -7.91993 22.4582 0
      vertex 7.91993 22.4582 0
      vertex 7.96398 22.365 0
    endloop
  endfacet
  facet normal 0 0 -1
    outer loop
      vertex -7.96398 22.365 0
      vertex 7.96398 22.365 0
      vertex 8.01696 22.2766 0
    endloop
  endfacet
  facet normal 0 0 -1
    outer loop
      vertex -8.01696 22.2766 0
      vertex 8.01696 22.2766 0
      vertex 8.07834 22.1939 0
    endloop
  endfacet
  facet normal 0 0 -1
    outer loop
      vertex -8.07834 22.1939 0
      vertex 8.07834 22.1939 0
      vertex 8.14754 22.1175 0
    endloop
  endfacet
  facet normal 0 0 -1
    outer loop
      vertex -8.14754 22.1175 0
      vertex 8.14754 22.1175 0
      vertex 8.22389 22.0483 0
    endloop
  endfacet
  facet normal 0 0 -1
    outer loop
      vertex -8.22389 22.0483 0
      vertex 8.22389 22.0483 0
      vertex 8.30665 21.987 0
    endloop
  endfacet
  facet normal 0 0 -1
    outer loop
      vertex 8.39503 21.934 0
      vertex -8.39503 21.934 0
      vertex 8.30665 21.987 0
    endloop
  endfacet
  facet normal 0 0 -1
    outer loop
      vertex 7.84506 22.7571 0
      vertex -7.84506 22.7571 0
      vertex -7.84 22.86 0
    endloop
  endfacet
  facet normal 0 0 -1
    outer loop
      vertex 7.86018 22.6552 0
      vertex -7.86018 22.6552 0
      vertex -7.84506 22.7571 0
    endloop
  endfacet
  facet normal 0 0 -1
    outer loop
      vertex 7.88521 22.5552 0
      vertex -7.88521 22.5552 0
      vertex -7.86018 22.6552 0
    endloop
  endfacet
  facet normal 0 0 -1
    outer loop
      vertex 7.91993 22.4582 0
      vertex -7.91993 22.4582 0
      vertex -7.88521 22.5552 0
    endloop
  endfacet
  facet normal 0 0 -1
    outer loop
      vertex 7.96398 22.365 0
      vertex -7.96398 22.365 0
      vertex -7.91993 22.4582 0
    endloop
  endfacet
  facet normal 0 0 -1
    outer loop
      vertex 8.01696 22.2766 0
      vertex -8.01696 22.2766 0
      vertex -7.96398 22.365 0
    endloop
  endfacet
  facet normal 0 0 -1
    outer loop
      vertex 8.07834 22.1939 0
      vertex -8.07834 22.1939 0
      vertex -8.01696 22.2766 0
    endloop
  endfacet
  facet normal 0 0 -1
    outer loop
      vertex 8.14754 22.1175 0
      vertex -8.14754 22.1175 0
      vertex -8.07834 22.1939 0
    endloop
  endfacet
  facet normal 0 0 -1
    outer loop
      vertex 8.22389 22.0483 0
      vertex -8.22389 22.0483 0
      vertex -8.14754 22.1175 0
    endloop
  endfacet
  facet normal 0 0 -1
    outer loop
      vertex 8.30665 21.987 0
      vertex -8.30665 21.987 0
      vertex -8.22389 22.0483 0
    endloop
  endfacet
  facet normal -0 0 -1
    outer loop
      vertex 8.30665 21.987 0
      vertex -8.39503 21.934 0
      vertex -8.30665 21.987 0
    endloop
  endfacet
  facet normal 0 0 -1
    outer loop
      vertex -10.89 20.2 0
      vertex -8.39503 21.934 0
      vertex 10.89 20.2 0
    endloop
  endfacet
  facet normal 0 0 -1
    outer loop
      vertex -8.39503 21.934 0
      vertex -10.89 20.2 0
      vertex -8.48818 21.8899 0
    endloop
  endfacet
  facet normal 0 0 -1
    outer loop
      vertex -8.48818 21.8899 0
      vertex -10.89 20.2 0
      vertex -8.5852 21.8552 0
    endloop
  endfacet
  facet normal 0 0 -1
    outer loop
      vertex -8.5852 21.8552 0
      vertex -10.89 20.2 0
      vertex -8.68515 21.8302 0
    endloop
  endfacet
  facet normal 0 0 -1
    outer loop
      vertex -8.68515 21.8302 0
      vertex -10.89 20.2 0
      vertex -8.78708 21.8151 0
    endloop
  endfacet
  facet normal 0 0 -1
    outer loop
      vertex -8.78708 21.8151 0
      vertex -10.89 20.2 0
      vertex -8.89 21.81 0
    endloop
  endfacet
  facet normal -0 0 -1
    outer loop
      vertex -9.93494 22.7571 0
      vertex -10.89 20.2 0
      vertex -9.94 22.86 0
    endloop
  endfacet
  facet normal -0 0 -1
    outer loop
      vertex -9.91982 22.6552 0
      vertex -10.89 20.2 0
      vertex -9.93494 22.7571 0
    endloop
  endfacet
  facet normal -0 0 -1
    outer loop
      vertex -9.89479 22.5552 0
      vertex -10.89 20.2 0
      vertex -9.91982 22.6552 0
    endloop
  endfacet
  facet normal -0 0 -1
    outer loop
      vertex -9.86007 22.4582 0
      vertex -10.89 20.2 0
      vertex -9.89479 22.5552 0
    endloop
  endfacet
  facet normal -0 0 -1
    outer loop
      vertex -9.81602 22.365 0
      vertex -10.89 20.2 0
      vertex -9.86007 22.4582 0
    endloop
  endfacet
  facet normal -0 0 -1
    outer loop
      vertex -9.76304 22.2766 0
      vertex -10.89 20.2 0
      vertex -9.81602 22.365 0
    endloop
  endfacet
  facet normal -0 0 -1
    outer loop
      vertex -9.70166 22.1939 0
      vertex -10.89 20.2 0
      vertex -9.76304 22.2766 0
    endloop
  endfacet
  facet normal -0 0 -1
    outer loop
      vertex -9.63246 22.1175 0
      vertex -10.89 20.2 0
      vertex -9.70166 22.1939 0
    endloop
  endfacet
  facet normal -0 0 -1
    outer loop
      vertex -9.55611 22.0483 0
      vertex -10.89 20.2 0
      vertex -9.63246 22.1175 0
    endloop
  endfacet
  facet normal -0 0 -1
    outer loop
      vertex -9.47335 21.987 0
      vertex -10.89 20.2 0
      vertex -9.55611 22.0483 0
    endloop
  endfacet
  facet normal -0 0 -1
    outer loop
      vertex -9.38497 21.934 0
      vertex -10.89 20.2 0
      vertex -9.47335 21.987 0
    endloop
  endfacet
  facet normal -0 0 -1
    outer loop
      vertex -9.29182 21.8899 0
      vertex -10.89 20.2 0
      vertex -9.38497 21.934 0
    endloop
  endfacet
  facet normal -0 0 -1
    outer loop
      vertex -9.1948 21.8552 0
      vertex -10.89 20.2 0
      vertex -9.29182 21.8899 0
    endloop
  endfacet
  facet normal -0 0 -1
    outer loop
      vertex -9.09484 21.8302 0
      vertex -10.89 20.2 0
      vertex -9.1948 21.8552 0
    endloop
  endfacet
  facet normal -0 0 -1
    outer loop
      vertex -8.99292 21.8151 0
      vertex -10.89 20.2 0
      vertex -9.09484 21.8302 0
    endloop
  endfacet
  facet normal -0 0 -1
    outer loop
      vertex -8.89 21.81 0
      vertex -10.89 20.2 0
      vertex -8.99292 21.8151 0
    endloop
  endfacet
  facet normal 0 0 -1
    outer loop
      vertex -10.89 -17.7 0
      vertex 10.89 17.7 0
      vertex 10.89 -17.7 0
    endloop
  endfacet
  facet normal -0 0 -1
    outer loop
      vertex 10.89 17.7 0
      vertex -10.89 -17.7 0
      vertex -10.89 17.7 0
    endloop
  endfacet
  facet normal 0 0 -1
    outer loop
      vertex 12.89 -29.86 0
      vertex 15.89 -26.86 0
      vertex 15.8755 -27.154 0
    endloop
  endfacet
  facet normal 0 0 -1
    outer loop
      vertex 15.89 -26.86 0
      vertex 10.89 -17.7 0
      vertex 15.89 26.86 0
    endloop
  endfacet
  facet normal 0 0 -1
    outer loop
      vertex 12.89 -29.86 0
      vertex 15.8755 -27.154 0
      vertex 15.8324 -27.4453 0
    endloop
  endfacet
  facet normal 0 0 -1
    outer loop
      vertex 10.89 17.7 0
      vertex 15.89 26.86 0
      vertex 10.89 -17.7 0
    endloop
  endfacet
  facet normal 0 0 -1
    outer loop
      vertex 12.89 -29.86 0
      vertex 15.8324 -27.4453 0
      vertex 15.7608 -27.7308 0
    endloop
  endfacet
  facet normal 0 0 -1
    outer loop
      vertex 10.89 20.2 0
      vertex 15.89 26.86 0
      vertex 10.89 17.7 0
    endloop
  endfacet
  facet normal 0 0 -1
    outer loop
      vertex 12.89 -29.86 0
      vertex 15.7608 -27.7308 0
      vertex 15.6616 -28.008 0
    endloop
  endfacet
  facet normal 0 0 -1
    outer loop
      vertex 9.94 22.86 0
      vertex 15.89 26.86 0
      vertex 10.89 20.2 0
    endloop
  endfacet
  facet normal 0 0 -1
    outer loop
      vertex 12.89 -29.86 0
      vertex 15.6616 -28.008 0
      vertex 15.5358 -28.2742 0
    endloop
  endfacet
  facet normal 0 0 -1
    outer loop
      vertex 9.93494 22.9629 0
      vertex 15.89 26.86 0
      vertex 9.94 22.86 0
    endloop
  endfacet
  facet normal 0 0 -1
    outer loop
      vertex 12.89 -29.86 0
      vertex 15.5358 -28.2742 0
      vertex 15.3844 -28.5267 0
    endloop
  endfacet
  facet normal 0 0 -1
    outer loop
      vertex 9.91982 23.0648 0
      vertex 15.89 26.86 0
      vertex 9.93494 22.9629 0
    endloop
  endfacet
  facet normal 0 0 -1
    outer loop
      vertex 12.89 -29.86 0
      vertex 15.3844 -28.5267 0
      vertex 15.209 -28.7632 0
    endloop
  endfacet
  facet normal 0 0 -1
    outer loop
      vertex 9.89479 23.1648 0
      vertex 15.89 26.86 0
      vertex 9.91982 23.0648 0
    endloop
  endfacet
  facet normal 0 0 -1
    outer loop
      vertex 12.89 -29.86 0
      vertex 15.209 -28.7632 0
      vertex 15.0113 -28.9813 0
    endloop
  endfacet
  facet normal 0 0 -1
    outer loop
      vertex 9.81602 23.355 0
      vertex 15.89 26.86 0
      vertex 9.86007 23.2618 0
    endloop
  endfacet
  facet normal 0 0 -1
    outer loop
      vertex 12.89 -29.86 0
      vertex 15.0113 -28.9813 0
      vertex 14.7932 -29.179 0
    endloop
  endfacet
  facet normal 0 0 -1
    outer loop
      vertex 9.76304 23.4433 0
      vertex 15.89 26.86 0
      vertex 9.81602 23.355 0
    endloop
  endfacet
  facet normal 0 0 -1
    outer loop
      vertex 12.89 -29.86 0
      vertex 14.7932 -29.179 0
      vertex 14.5567 -29.3544 0
    endloop
  endfacet
  facet normal 0 0 -1
    outer loop
      vertex 9.70166 23.5261 0
      vertex 15.89 26.86 0
      vertex 9.76304 23.4433 0
    endloop
  endfacet
  facet normal 0 0 -1
    outer loop
      vertex 12.89 -29.86 0
      vertex 14.5567 -29.3544 0
      vertex 14.3042 -29.5058 0
    endloop
  endfacet
  facet normal 0 0 -1
    outer loop
      vertex 9.63246 23.6025 0
      vertex 15.89 26.86 0
      vertex 9.70166 23.5261 0
    endloop
  endfacet
  facet normal 0 0 -1
    outer loop
      vertex 12.89 -29.86 0
      vertex 14.3042 -29.5058 0
      vertex 14.0381 -29.6316 0
    endloop
  endfacet
  facet normal 0 -0 -1
    outer loop
      vertex 12.89 29.86 0
      vertex 15.89 26.86 0
      vertex 9.63246 23.6025 0
    endloop
  endfacet
  facet normal 0 0 -1
    outer loop
      vertex 12.89 -29.86 0
      vertex 14.0381 -29.6316 0
      vertex 13.7608 -29.7308 0
    endloop
  endfacet
  facet normal 0 0 -1
    outer loop
      vertex 15.89 26.86 0
      vertex 12.89 29.86 0
      vertex 15.8755 27.154 0
    endloop
  endfacet
  facet normal 0 0 -1
    outer loop
      vertex 12.89 -29.86 0
      vertex 13.7608 -29.7308 0
      vertex 13.4753 -29.8023 0
    endloop
  endfacet
  facet normal 0 0 -1
    outer loop
      vertex 15.8755 27.154 0
      vertex 12.89 29.86 0
      vertex 15.8324 27.4453 0
    endloop
  endfacet
  facet normal 0 0 -1
    outer loop
      vertex 12.89 -29.86 0
      vertex 13.4753 -29.8023 0
      vertex 13.1841 -29.8455 0
    endloop
  endfacet
  facet normal 0 0 -1
    outer loop
      vertex 15.8324 27.4453 0
      vertex 12.89 29.86 0
      vertex 15.7608 27.7308 0
    endloop
  endfacet
  facet normal -0 0 -1
    outer loop
      vertex 15.89 -26.86 0
      vertex 12.89 -29.86 0
      vertex 9.63246 -23.6025 0
    endloop
  endfacet
  facet normal 0 0 -1
    outer loop
      vertex 15.6616 28.008 0
      vertex 12.89 29.86 0
      vertex 15.5358 28.2742 0
    endloop
  endfacet
  facet normal 0 0 -1
    outer loop
      vertex 15.89 -26.86 0
      vertex 10.89 -20.2 0
      vertex 10.89 -17.7 0
    endloop
  endfacet
  facet normal 0 0 -1
    outer loop
      vertex 15.89 -26.86 0
      vertex 9.93494 -22.9629 0
      vertex 9.94 -22.86 0
    endloop
  endfacet
  facet normal 0 0 -1
    outer loop
      vertex 15.89 -26.86 0
      vertex 9.94 -22.86 0
      vertex 10.89 -20.2 0
    endloop
  endfacet
  facet normal 0 0 -1
    outer loop
      vertex 15.89 -26.86 0
      vertex 9.91982 -23.0648 0
      vertex 9.93494 -22.9629 0
    endloop
  endfacet
  facet normal 0 0 -1
    outer loop
      vertex 15.89 -26.86 0
      vertex 9.89479 -23.1648 0
      vertex 9.91982 -23.0648 0
    endloop
  endfacet
  facet normal 0 0 -1
    outer loop
      vertex 15.89 -26.86 0
      vertex 9.86007 -23.2618 0
      vertex 9.89479 -23.1648 0
    endloop
  endfacet
  facet normal 0 0 -1
    outer loop
      vertex 15.89 -26.86 0
      vertex 9.81602 -23.355 0
      vertex 9.86007 -23.2618 0
    endloop
  endfacet
  facet normal 0 0 -1
    outer loop
      vertex 15.89 -26.86 0
      vertex 9.76304 -23.4433 0
      vertex 9.81602 -23.355 0
    endloop
  endfacet
  facet normal 0 0 -1
    outer loop
      vertex 15.89 -26.86 0
      vertex 9.70166 -23.5261 0
      vertex 9.76304 -23.4433 0
    endloop
  endfacet
  facet normal 0 0 -1
    outer loop
      vertex 15.89 -26.86 0
      vertex 9.63246 -23.6025 0
      vertex 9.70166 -23.5261 0
    endloop
  endfacet
  facet normal 0 0 -1
    outer loop
      vertex 12.89 -29.86 0
      vertex 9.55611 -23.6717 0
      vertex 9.63246 -23.6025 0
    endloop
  endfacet
  facet normal 0 0 -1
    outer loop
      vertex 12.89 -29.86 0
      vertex 9.47335 -23.733 0
      vertex 9.55611 -23.6717 0
    endloop
  endfacet
  facet normal 0 0 -1
    outer loop
      vertex 12.89 -29.86 0
      vertex 9.38497 -23.786 0
      vertex 9.47335 -23.733 0
    endloop
  endfacet
  facet normal 0 0 -1
    outer loop
      vertex 12.89 -29.86 0
      vertex 9.29182 -23.8301 0
      vertex 9.38497 -23.786 0
    endloop
  endfacet
  facet normal 0 0 -1
    outer loop
      vertex 12.89 -29.86 0
      vertex 9.1948 -23.8648 0
      vertex 9.29182 -23.8301 0
    endloop
  endfacet
  facet normal 0 0 -1
    outer loop
      vertex 12.89 -29.86 0
      vertex 9.09484 -23.8898 0
      vertex 9.1948 -23.8648 0
    endloop
  endfacet
  facet normal 0 0 -1
    outer loop
      vertex 12.89 -29.86 0
      vertex 8.99292 -23.9049 0
      vertex 9.09484 -23.8898 0
    endloop
  endfacet
  facet normal 0 0 -1
    outer loop
      vertex 12.89 -29.86 0
      vertex 8.89 -23.91 0
      vertex 8.99292 -23.9049 0
    endloop
  endfacet
  facet normal 0 0 -1
    outer loop
      vertex 12.89 -29.86 0
      vertex 8.78708 -23.9049 0
      vertex 8.89 -23.91 0
    endloop
  endfacet
  facet normal 0 0 -1
    outer loop
      vertex 12.89 -29.86 0
      vertex 8.68515 -23.8898 0
      vertex 8.78708 -23.9049 0
    endloop
  endfacet
  facet normal 0 0 -1
    outer loop
      vertex 12.89 -29.86 0
      vertex 8.5852 -23.8648 0
      vertex 8.68515 -23.8898 0
    endloop
  endfacet
  facet normal 0 0 -1
    outer loop
      vertex 12.89 -29.86 0
      vertex 8.48818 -23.8301 0
      vertex 8.5852 -23.8648 0
    endloop
  endfacet
  facet normal 0 0 -1
    outer loop
      vertex 12.89 -29.86 0
      vertex 8.39503 -23.786 0
      vertex 8.48818 -23.8301 0
    endloop
  endfacet
  facet normal 0 0 -1
    outer loop
      vertex 12.89 -29.86 0
      vertex 8.30665 -23.733 0
      vertex 8.39503 -23.786 0
    endloop
  endfacet
  facet normal 0 0 -1
    outer loop
      vertex 12.89 -29.86 0
      vertex 8.22389 -23.6717 0
      vertex 8.30665 -23.733 0
    endloop
  endfacet
  facet normal 0 0 -1
    outer loop
      vertex -8.22389 -23.6717 0
      vertex 8.22389 -23.6717 0
      vertex 12.89 -29.86 0
    endloop
  endfacet
  facet normal 0 0 -1
    outer loop
      vertex 8.22389 -23.6717 0
      vertex -8.22389 -23.6717 0
      vertex 8.14754 -23.6025 0
    endloop
  endfacet
  facet normal 0 0 -1
    outer loop
      vertex 7.84506 -22.9629 0
      vertex -7.84 -22.86 0
      vertex 7.84 -22.86 0
    endloop
  endfacet
  facet normal 0 0 -1
    outer loop
      vertex -7.84506 -22.9629 0
      vertex 7.84506 -22.9629 0
      vertex 7.86018 -23.0648 0
    endloop
  endfacet
  facet normal 0 0 -1
    outer loop
      vertex -7.86018 -23.0648 0
      vertex 7.86018 -23.0648 0
      vertex 7.88521 -23.1648 0
    endloop
  endfacet
  facet normal 0 0 -1
    outer loop
      vertex -7.88521 -23.1648 0
      vertex 7.88521 -23.1648 0
      vertex 7.91993 -23.2618 0
    endloop
  endfacet
  facet normal 0 0 -1
    outer loop
      vertex -7.91993 -23.2618 0
      vertex 7.91993 -23.2618 0
      vertex 7.96398 -23.355 0
    endloop
  endfacet
  facet normal 0 0 -1
    outer loop
      vertex -7.96398 -23.355 0
      vertex 7.96398 -23.355 0
      vertex 8.01696 -23.4433 0
    endloop
  endfacet
  facet normal 0 0 -1
    outer loop
      vertex -8.01696 -23.4433 0
      vertex 8.01696 -23.4433 0
      vertex 8.07834 -23.5261 0
    endloop
  endfacet
  facet normal 0 -0 -1
    outer loop
      vertex -8.14754 -23.6025 0
      vertex 8.14754 -23.6025 0
      vertex -8.22389 -23.6717 0
    endloop
  endfacet
  facet normal 0 0 -1
    outer loop
      vertex 7.84506 -22.9629 0
      vertex -7.84506 -22.9629 0
      vertex -7.84 -22.86 0
    endloop
  endfacet
  facet normal 0 0 -1
    outer loop
      vertex 7.86018 -23.0648 0
      vertex -7.86018 -23.0648 0
      vertex -7.84506 -22.9629 0
    endloop
  endfacet
  facet normal 0 0 -1
    outer loop
      vertex 7.88521 -23.1648 0
      vertex -7.88521 -23.1648 0
      vertex -7.86018 -23.0648 0
    endloop
  endfacet
  facet normal 0 0 -1
    outer loop
      vertex 7.91993 -23.2618 0
      vertex -7.91993 -23.2618 0
      vertex -7.88521 -23.1648 0
    endloop
  endfacet
  facet normal 0 0 -1
    outer loop
      vertex 7.96398 -23.355 0
      vertex -7.96398 -23.355 0
      vertex -7.91993 -23.2618 0
    endloop
  endfacet
  facet normal 0 0 -1
    outer loop
      vertex 8.01696 -23.4433 0
      vertex -8.01696 -23.4433 0
      vertex -7.96398 -23.355 0
    endloop
  endfacet
  facet normal 0 0 -1
    outer loop
      vertex 8.07834 -23.5261 0
      vertex -8.07834 -23.5261 0
      vertex -8.01696 -23.4433 0
    endloop
  endfacet
  facet normal -0 0 -1
    outer loop
      vertex 8.07834 -23.5261 0
      vertex -8.14754 -23.6025 0
      vertex -8.07834 -23.5261 0
    endloop
  endfacet
  facet normal 0 0 -1
    outer loop
      vertex 8.14754 -23.6025 0
      vertex -8.14754 -23.6025 0
      vertex 8.07834 -23.5261 0
    endloop
  endfacet
  facet normal 0 0 -1
    outer loop
      vertex 12.89 -29.86 0
      vertex -8.30665 -23.733 0
      vertex -8.22389 -23.6717 0
    endloop
  endfacet
  facet normal 0 0 -1
    outer loop
      vertex -12.89 -29.86 0
      vertex -8.30665 -23.733 0
      vertex 12.89 -29.86 0
    endloop
  endfacet
  facet normal 0 0 -1
    outer loop
      vertex -8.30665 -23.733 0
      vertex -12.89 -29.86 0
      vertex -8.39503 -23.786 0
    endloop
  endfacet
  facet normal 0 0 -1
    outer loop
      vertex -8.39503 -23.786 0
      vertex -12.89 -29.86 0
      vertex -8.48818 -23.8301 0
    endloop
  endfacet
  facet normal 0 0 -1
    outer loop
      vertex -8.48818 -23.8301 0
      vertex -12.89 -29.86 0
      vertex -8.5852 -23.8648 0
    endloop
  endfacet
  facet normal 0 0 -1
    outer loop
      vertex -8.5852 -23.8648 0
      vertex -12.89 -29.86 0
      vertex -8.68515 -23.8898 0
    endloop
  endfacet
  facet normal 0 0 -1
    outer loop
      vertex -8.68515 -23.8898 0
      vertex -12.89 -29.86 0
      vertex -8.78708 -23.9049 0
    endloop
  endfacet
  facet normal 0 0 -1
    outer loop
      vertex -8.78708 -23.9049 0
      vertex -12.89 -29.86 0
      vertex -8.89 -23.91 0
    endloop
  endfacet
  facet normal -0 0 -1
    outer loop
      vertex -8.89 -23.91 0
      vertex -12.89 -29.86 0
      vertex -8.99292 -23.9049 0
    endloop
  endfacet
  facet normal -0 0 -1
    outer loop
      vertex -8.99292 -23.9049 0
      vertex -12.89 -29.86 0
      vertex -9.09484 -23.8898 0
    endloop
  endfacet
  facet normal 0 0 -1
    outer loop
      vertex -15.89 -26.86 0
      vertex -9.94 -22.86 0
      vertex -9.93494 -22.9629 0
    endloop
  endfacet
  facet normal 0 0 -1
    outer loop
      vertex -15.89 -26.86 0
      vertex -9.93494 -22.9629 0
      vertex -9.91982 -23.0648 0
    endloop
  endfacet
  facet normal 0 0 -1
    outer loop
      vertex -15.89 -26.86 0
      vertex -9.91982 -23.0648 0
      vertex -9.89479 -23.1648 0
    endloop
  endfacet
  facet normal 0 0 -1
    outer loop
      vertex -15.89 -26.86 0
      vertex -10.89 -17.7 0
      vertex -10.89 -20.2 0
    endloop
  endfacet
  facet normal -0 0 -1
    outer loop
      vertex -10.89 -17.7 0
      vertex -15.89 -26.86 0
      vertex -10.89 17.7 0
    endloop
  endfacet
  facet normal -0 0 -1
    outer loop
      vertex -9.94 -22.86 0
      vertex -15.89 -26.86 0
      vertex -10.89 -20.2 0
    endloop
  endfacet
  facet normal -0 0 -1
    outer loop
      vertex -9.86007 -23.2618 0
      vertex -15.89 -26.86 0
      vertex -9.89479 -23.1648 0
    endloop
  endfacet
  facet normal -0 0 -1
    outer loop
      vertex -9.81602 -23.355 0
      vertex -15.89 -26.86 0
      vertex -9.86007 -23.2618 0
    endloop
  endfacet
  facet normal -0 0 -1
    outer loop
      vertex -9.76304 -23.4433 0
      vertex -15.89 -26.86 0
      vertex -9.81602 -23.355 0
    endloop
  endfacet
  facet normal -0 0 -1
    outer loop
      vertex -9.70166 -23.5261 0
      vertex -15.89 -26.86 0
      vertex -9.76304 -23.4433 0
    endloop
  endfacet
  facet normal -0 0 -1
    outer loop
      vertex -9.63246 -23.6025 0
      vertex -15.89 -26.86 0
      vertex -9.70166 -23.5261 0
    endloop
  endfacet
  facet normal 0 0 -1
    outer loop
      vertex -15.89 -26.86 0
      vertex -9.63246 -23.6025 0
      vertex -12.89 -29.86 0
    endloop
  endfacet
  facet normal -0 0 -1
    outer loop
      vertex -9.55611 -23.6717 0
      vertex -12.89 -29.86 0
      vertex -9.63246 -23.6025 0
    endloop
  endfacet
  facet normal -0 0 -1
    outer loop
      vertex -9.47335 -23.733 0
      vertex -12.89 -29.86 0
      vertex -9.55611 -23.6717 0
    endloop
  endfacet
  facet normal -0 0 -1
    outer loop
      vertex -9.38497 -23.786 0
      vertex -12.89 -29.86 0
      vertex -9.47335 -23.733 0
    endloop
  endfacet
  facet normal -0 0 -1
    outer loop
      vertex -9.29182 -23.8301 0
      vertex -12.89 -29.86 0
      vertex -9.38497 -23.786 0
    endloop
  endfacet
  facet normal -0 0 -1
    outer loop
      vertex -9.1948 -23.8648 0
      vertex -12.89 -29.86 0
      vertex -9.29182 -23.8301 0
    endloop
  endfacet
  facet normal -0 0 -1
    outer loop
      vertex -9.09484 -23.8898 0
      vertex -12.89 -29.86 0
      vertex -9.1948 -23.8648 0
    endloop
  endfacet
  facet normal 0 0 -1
    outer loop
      vertex 15.5358 28.2742 0
      vertex 12.89 29.86 0
      vertex 15.3844 28.5267 0
    endloop
  endfacet
  facet normal 0 0 -1
    outer loop
      vertex 15.3844 28.5267 0
      vertex 12.89 29.86 0
      vertex 15.209 28.7632 0
    endloop
  endfacet
  facet normal 0 0 -1
    outer loop
      vertex 15.209 28.7632 0
      vertex 12.89 29.86 0
      vertex 15.0113 28.9813 0
    endloop
  endfacet
  facet normal 0 0 -1
    outer loop
      vertex 9.86007 23.2618 0
      vertex 15.89 26.86 0
      vertex 9.89479 23.1648 0
    endloop
  endfacet
  facet normal 0 0 -1
    outer loop
      vertex 15.0113 28.9813 0
      vertex 12.89 29.86 0
      vertex 14.7932 29.179 0
    endloop
  endfacet
  facet normal 0 0 -1
    outer loop
      vertex 14.7932 29.179 0
      vertex 12.89 29.86 0
      vertex 14.5567 29.3544 0
    endloop
  endfacet
  facet normal 0 0 -1
    outer loop
      vertex 14.5567 29.3544 0
      vertex 12.89 29.86 0
      vertex 14.3042 29.5058 0
    endloop
  endfacet
  facet normal 0 0 -1
    outer loop
      vertex 14.3042 29.5058 0
      vertex 12.89 29.86 0
      vertex 14.0381 29.6316 0
    endloop
  endfacet
  facet normal 0 0 -1
    outer loop
      vertex 14.0381 29.6316 0
      vertex 12.89 29.86 0
      vertex 13.7608 29.7308 0
    endloop
  endfacet
  facet normal 0 0 -1
    outer loop
      vertex 13.7608 29.7308 0
      vertex 12.89 29.86 0
      vertex 13.4753 29.8023 0
    endloop
  endfacet
  facet normal 0 0 -1
    outer loop
      vertex 13.4753 29.8023 0
      vertex 12.89 29.86 0
      vertex 13.1841 29.8455 0
    endloop
  endfacet
  facet normal 0 0 -1
    outer loop
      vertex 15.7608 27.7308 0
      vertex 12.89 29.86 0
      vertex 15.6616 28.008 0
    endloop
  endfacet
  facet normal 0 0 -1
    outer loop
      vertex 9.55611 23.6717 0
      vertex 12.89 29.86 0
      vertex 9.63246 23.6025 0
    endloop
  endfacet
  facet normal 0 0 -1
    outer loop
      vertex 9.47335 23.733 0
      vertex 12.89 29.86 0
      vertex 9.55611 23.6717 0
    endloop
  endfacet
  facet normal 0 0 -1
    outer loop
      vertex 9.38497 23.786 0
      vertex 12.89 29.86 0
      vertex 9.47335 23.733 0
    endloop
  endfacet
  facet normal 0 0 -1
    outer loop
      vertex 9.29182 23.8301 0
      vertex 12.89 29.86 0
      vertex 9.38497 23.786 0
    endloop
  endfacet
  facet normal 0 0 -1
    outer loop
      vertex 9.1948 23.8648 0
      vertex 12.89 29.86 0
      vertex 9.29182 23.8301 0
    endloop
  endfacet
  facet normal 0 0 -1
    outer loop
      vertex 9.09484 23.8898 0
      vertex 12.89 29.86 0
      vertex 9.1948 23.8648 0
    endloop
  endfacet
  facet normal 0 0 -1
    outer loop
      vertex 8.99292 23.9049 0
      vertex 12.89 29.86 0
      vertex 9.09484 23.8898 0
    endloop
  endfacet
  facet normal 0 0 -1
    outer loop
      vertex 8.89 23.91 0
      vertex 12.89 29.86 0
      vertex 8.99292 23.9049 0
    endloop
  endfacet
  facet normal 0 0 -1
    outer loop
      vertex 8.78708 23.9049 0
      vertex 12.89 29.86 0
      vertex 8.89 23.91 0
    endloop
  endfacet
  facet normal 0 0 -1
    outer loop
      vertex 8.68515 23.8898 0
      vertex 12.89 29.86 0
      vertex 8.78708 23.9049 0
    endloop
  endfacet
  facet normal 0 0 -1
    outer loop
      vertex 8.5852 23.8648 0
      vertex 12.89 29.86 0
      vertex 8.68515 23.8898 0
    endloop
  endfacet
  facet normal 0 0 -1
    outer loop
      vertex 8.48818 23.8301 0
      vertex 12.89 29.86 0
      vertex 8.5852 23.8648 0
    endloop
  endfacet
  facet normal 0 0 -1
    outer loop
      vertex 8.39503 23.786 0
      vertex 12.89 29.86 0
      vertex 8.48818 23.8301 0
    endloop
  endfacet
  facet normal 0 0 -1
    outer loop
      vertex 8.30665 23.733 0
      vertex 12.89 29.86 0
      vertex 8.39503 23.786 0
    endloop
  endfacet
  facet normal 0 0 -1
    outer loop
      vertex 8.22389 23.6717 0
      vertex 12.89 29.86 0
      vertex 8.30665 23.733 0
    endloop
  endfacet
  facet normal 0 0 -1
    outer loop
      vertex -8.22389 23.6717 0
      vertex 8.22389 23.6717 0
      vertex 8.14754 23.6025 0
    endloop
  endfacet
  facet normal 0 0 -1
    outer loop
      vertex -8.14754 23.6025 0
      vertex 8.14754 23.6025 0
      vertex 8.07834 23.5261 0
    endloop
  endfacet
  facet normal 0 0 -1
    outer loop
      vertex -7.84 22.86 0
      vertex 7.84506 22.9629 0
      vertex 7.84 22.86 0
    endloop
  endfacet
  facet normal 0 0 -1
    outer loop
      vertex -7.84506 22.9629 0
      vertex 7.84506 22.9629 0
      vertex -7.84 22.86 0
    endloop
  endfacet
  facet normal 0 0 -1
    outer loop
      vertex 7.84506 22.9629 0
      vertex -7.84506 22.9629 0
      vertex 7.86018 23.0648 0
    endloop
  endfacet
  facet normal 0 0 -1
    outer loop
      vertex -7.86018 23.0648 0
      vertex 7.86018 23.0648 0
      vertex -7.84506 22.9629 0
    endloop
  endfacet
  facet normal 0 0 -1
    outer loop
      vertex 7.86018 23.0648 0
      vertex -7.86018 23.0648 0
      vertex 7.88521 23.1648 0
    endloop
  endfacet
  facet normal 0 0 -1
    outer loop
      vertex -7.88521 23.1648 0
      vertex 7.88521 23.1648 0
      vertex -7.86018 23.0648 0
    endloop
  endfacet
  facet normal 0 0 -1
    outer loop
      vertex 7.88521 23.1648 0
      vertex -7.88521 23.1648 0
      vertex 7.91993 23.2618 0
    endloop
  endfacet
  facet normal 0 0 -1
    outer loop
      vertex -7.91993 23.2618 0
      vertex 7.91993 23.2618 0
      vertex -7.88521 23.1648 0
    endloop
  endfacet
  facet normal 0 0 -1
    outer loop
      vertex 7.91993 23.2618 0
      vertex -7.91993 23.2618 0
      vertex 7.96398 23.355 0
    endloop
  endfacet
  facet normal 0 0 -1
    outer loop
      vertex -7.96398 23.355 0
      vertex 7.96398 23.355 0
      vertex -7.91993 23.2618 0
    endloop
  endfacet
  facet normal 0 0 -1
    outer loop
      vertex 7.96398 23.355 0
      vertex -7.96398 23.355 0
      vertex 8.01696 23.4433 0
    endloop
  endfacet
  facet normal 0 0 -1
    outer loop
      vertex -8.01696 23.4433 0
      vertex 8.01696 23.4433 0
      vertex -7.96398 23.355 0
    endloop
  endfacet
  facet normal 0 0 -1
    outer loop
      vertex 8.01696 23.4433 0
      vertex -8.01696 23.4433 0
      vertex 8.07834 23.5261 0
    endloop
  endfacet
  facet normal 0 0 -1
    outer loop
      vertex -8.07834 23.5261 0
      vertex 8.07834 23.5261 0
      vertex -8.01696 23.4433 0
    endloop
  endfacet
  facet normal 0 0 -1
    outer loop
      vertex -8.14754 23.6025 0
      vertex 8.07834 23.5261 0
      vertex -8.07834 23.5261 0
    endloop
  endfacet
  facet normal 0 0 -1
    outer loop
      vertex 8.14754 23.6025 0
      vertex -8.14754 23.6025 0
      vertex -8.22389 23.6717 0
    endloop
  endfacet
  facet normal 0 0 -1
    outer loop
      vertex 8.22389 23.6717 0
      vertex -8.22389 23.6717 0
      vertex 12.89 29.86 0
    endloop
  endfacet
  facet normal 0 0 -1
    outer loop
      vertex -8.30665 23.733 0
      vertex 12.89 29.86 0
      vertex -8.22389 23.6717 0
    endloop
  endfacet
  facet normal 0 0 -1
    outer loop
      vertex -12.89 29.86 0
      vertex -8.30665 23.733 0
      vertex -8.39503 23.786 0
    endloop
  endfacet
  facet normal 0 0 -1
    outer loop
      vertex -12.89 29.86 0
      vertex -8.39503 23.786 0
      vertex -8.48818 23.8301 0
    endloop
  endfacet
  facet normal 0 0 -1
    outer loop
      vertex -12.89 29.86 0
      vertex -8.48818 23.8301 0
      vertex -8.5852 23.8648 0
    endloop
  endfacet
  facet normal 0 0 -1
    outer loop
      vertex -12.89 29.86 0
      vertex -8.5852 23.8648 0
      vertex -8.68515 23.8898 0
    endloop
  endfacet
  facet normal 0 0 -1
    outer loop
      vertex -12.89 29.86 0
      vertex -8.68515 23.8898 0
      vertex -8.78708 23.9049 0
    endloop
  endfacet
  facet normal 0 0 -1
    outer loop
      vertex -12.89 29.86 0
      vertex -8.78708 23.9049 0
      vertex -8.89 23.91 0
    endloop
  endfacet
  facet normal 0 0 -1
    outer loop
      vertex -12.89 29.86 0
      vertex -8.89 23.91 0
      vertex -8.99292 23.9049 0
    endloop
  endfacet
  facet normal 0 0 -1
    outer loop
      vertex -12.89 29.86 0
      vertex -8.99292 23.9049 0
      vertex -9.09484 23.8898 0
    endloop
  endfacet
  facet normal 0 0 -1
    outer loop
      vertex -12.89 29.86 0
      vertex -9.09484 23.8898 0
      vertex -9.1948 23.8648 0
    endloop
  endfacet
  facet normal 0 0 -1
    outer loop
      vertex -15.89 26.86 0
      vertex -9.94 22.86 0
      vertex -10.89 20.2 0
    endloop
  endfacet
  facet normal 0 0 -1
    outer loop
      vertex -9.94 22.86 0
      vertex -15.89 26.86 0
      vertex -9.93494 22.9629 0
    endloop
  endfacet
  facet normal 0 0 -1
    outer loop
      vertex -9.93494 22.9629 0
      vertex -15.89 26.86 0
      vertex -9.91982 23.0648 0
    endloop
  endfacet
  facet normal 0 0 -1
    outer loop
      vertex -8.30665 23.733 0
      vertex -12.89 29.86 0
      vertex 12.89 29.86 0
    endloop
  endfacet
  facet normal 0 0 -1
    outer loop
      vertex -9.29182 23.8301 0
      vertex -12.89 29.86 0
      vertex -9.1948 23.8648 0
    endloop
  endfacet
  facet normal 0 0 -1
    outer loop
      vertex -9.38497 23.786 0
      vertex -12.89 29.86 0
      vertex -9.29182 23.8301 0
    endloop
  endfacet
  facet normal 0 0 -1
    outer loop
      vertex -9.47335 23.733 0
      vertex -12.89 29.86 0
      vertex -9.38497 23.786 0
    endloop
  endfacet
  facet normal 0 0 -1
    outer loop
      vertex -9.55611 23.6717 0
      vertex -12.89 29.86 0
      vertex -9.47335 23.733 0
    endloop
  endfacet
  facet normal 0 0 -1
    outer loop
      vertex -9.63246 23.6025 0
      vertex -12.89 29.86 0
      vertex -9.55611 23.6717 0
    endloop
  endfacet
  facet normal 0 0 -1
    outer loop
      vertex -15.89 26.86 0
      vertex -9.63246 23.6025 0
      vertex -9.70166 23.5261 0
    endloop
  endfacet
  facet normal 0 0 -1
    outer loop
      vertex -15.89 26.86 0
      vertex -9.70166 23.5261 0
      vertex -9.76304 23.4433 0
    endloop
  endfacet
  facet normal 0 0 -1
    outer loop
      vertex -15.89 26.86 0
      vertex -9.76304 23.4433 0
      vertex -9.81602 23.355 0
    endloop
  endfacet
  facet normal 0 0 -1
    outer loop
      vertex -15.89 26.86 0
      vertex -9.81602 23.355 0
      vertex -9.86007 23.2618 0
    endloop
  endfacet
  facet normal 0 0 -1
    outer loop
      vertex -15.89 26.86 0
      vertex -9.86007 23.2618 0
      vertex -9.89479 23.1648 0
    endloop
  endfacet
  facet normal 0 0 -1
    outer loop
      vertex -9.91982 23.0648 0
      vertex -15.89 26.86 0
      vertex -9.89479 23.1648 0
    endloop
  endfacet
  facet normal 0 0 -1
    outer loop
      vertex -15.89 26.86 0
      vertex -10.89 17.7 0
      vertex -15.89 -26.86 0
    endloop
  endfacet
  facet normal 0 0 -1
    outer loop
      vertex -15.89 -26.86 0
      vertex -12.89 -29.86 0
      vertex -13.1841 -29.8455 0
    endloop
  endfacet
  facet normal 0 0 -1
    outer loop
      vertex -10.89 17.7 0
      vertex -15.89 26.86 0
      vertex -10.89 20.2 0
    endloop
  endfacet
  facet normal 0 0 -1
    outer loop
      vertex -15.89 -26.86 0
      vertex -13.1841 -29.8455 0
      vertex -13.4753 -29.8023 0
    endloop
  endfacet
  facet normal 0 0 -1
    outer loop
      vertex -9.63246 23.6025 0
      vertex -15.89 26.86 0
      vertex -12.89 29.86 0
    endloop
  endfacet
  facet normal 0 0 -1
    outer loop
      vertex -15.89 -26.86 0
      vertex -13.4753 -29.8023 0
      vertex -13.7608 -29.7308 0
    endloop
  endfacet
  facet normal 0 0 -1
    outer loop
      vertex -12.89 29.86 0
      vertex -15.89 26.86 0
      vertex -13.1841 29.8455 0
    endloop
  endfacet
  facet normal 0 0 -1
    outer loop
      vertex -15.89 -26.86 0
      vertex -13.7608 -29.7308 0
      vertex -14.0381 -29.6316 0
    endloop
  endfacet
  facet normal 0 0 -1
    outer loop
      vertex -13.1841 29.8455 0
      vertex -15.89 26.86 0
      vertex -13.4753 29.8023 0
    endloop
  endfacet
  facet normal 0 0 -1
    outer loop
      vertex -15.89 -26.86 0
      vertex -14.0381 -29.6316 0
      vertex -14.3042 -29.5058 0
    endloop
  endfacet
  facet normal 0 0 -1
    outer loop
      vertex -13.4753 29.8023 0
      vertex -15.89 26.86 0
      vertex -13.7608 29.7308 0
    endloop
  endfacet
  facet normal 0 0 -1
    outer loop
      vertex -15.89 -26.86 0
      vertex -14.3042 -29.5058 0
      vertex -14.5567 -29.3544 0
    endloop
  endfacet
  facet normal 0 0 -1
    outer loop
      vertex -13.7608 29.7308 0
      vertex -15.89 26.86 0
      vertex -14.0381 29.6316 0
    endloop
  endfacet
  facet normal 0 0 -1
    outer loop
      vertex -15.89 -26.86 0
      vertex -14.5567 -29.3544 0
      vertex -14.7932 -29.179 0
    endloop
  endfacet
  facet normal 0 0 -1
    outer loop
      vertex -14.0381 29.6316 0
      vertex -15.89 26.86 0
      vertex -14.3042 29.5058 0
    endloop
  endfacet
  facet normal 0 0 -1
    outer loop
      vertex -15.89 -26.86 0
      vertex -14.7932 -29.179 0
      vertex -15.0113 -28.9813 0
    endloop
  endfacet
  facet normal 0 0 -1
    outer loop
      vertex -14.3042 29.5058 0
      vertex -15.89 26.86 0
      vertex -14.5567 29.3544 0
    endloop
  endfacet
  facet normal 0 0 -1
    outer loop
      vertex -15.89 -26.86 0
      vertex -15.0113 -28.9813 0
      vertex -15.209 -28.7632 0
    endloop
  endfacet
  facet normal 0 0 -1
    outer loop
      vertex -14.5567 29.3544 0
      vertex -15.89 26.86 0
      vertex -14.7932 29.179 0
    endloop
  endfacet
  facet normal 0 0 -1
    outer loop
      vertex -15.89 -26.86 0
      vertex -15.209 -28.7632 0
      vertex -15.3844 -28.5267 0
    endloop
  endfacet
  facet normal 0 0 -1
    outer loop
      vertex -14.7932 29.179 0
      vertex -15.89 26.86 0
      vertex -15.0113 28.9813 0
    endloop
  endfacet
  facet normal 0 0 -1
    outer loop
      vertex -15.89 -26.86 0
      vertex -15.3844 -28.5267 0
      vertex -15.5358 -28.2742 0
    endloop
  endfacet
  facet normal 0 0 -1
    outer loop
      vertex -15.0113 28.9813 0
      vertex -15.89 26.86 0
      vertex -15.209 28.7632 0
    endloop
  endfacet
  facet normal 0 0 -1
    outer loop
      vertex -15.89 -26.86 0
      vertex -15.5358 -28.2742 0
      vertex -15.6616 -28.008 0
    endloop
  endfacet
  facet normal 0 0 -1
    outer loop
      vertex -15.209 28.7632 0
      vertex -15.89 26.86 0
      vertex -15.3844 28.5267 0
    endloop
  endfacet
  facet normal 0 0 -1
    outer loop
      vertex -15.89 -26.86 0
      vertex -15.6616 -28.008 0
      vertex -15.7608 -27.7308 0
    endloop
  endfacet
  facet normal 0 0 -1
    outer loop
      vertex -15.3844 28.5267 0
      vertex -15.89 26.86 0
      vertex -15.5358 28.2742 0
    endloop
  endfacet
  facet normal 0 0 -1
    outer loop
      vertex -15.89 -26.86 0
      vertex -15.7608 -27.7308 0
      vertex -15.8324 -27.4453 0
    endloop
  endfacet
  facet normal 0 0 -1
    outer loop
      vertex -15.5358 28.2742 0
      vertex -15.89 26.86 0
      vertex -15.6616 28.008 0
    endloop
  endfacet
  facet normal 0 0 -1
    outer loop
      vertex -15.89 -26.86 0
      vertex -15.8324 -27.4453 0
      vertex -15.8755 -27.154 0
    endloop
  endfacet
  facet normal 0 0 -1
    outer loop
      vertex -15.6616 28.008 0
      vertex -15.89 26.86 0
      vertex -15.7608 27.7308 0
    endloop
  endfacet
  facet normal 0 0 -1
    outer loop
      vertex -15.7608 27.7308 0
      vertex -15.89 26.86 0
      vertex -15.8324 27.4453 0
    endloop
  endfacet
  facet normal 0 0 -1
    outer loop
      vertex -15.8324 27.4453 0
      vertex -15.89 26.86 0
      vertex -15.8755 27.154 0
    endloop
  endfacet
  facet normal 0 0 -1
    outer loop
      vertex 9.93494 -22.7571 0
      vertex 10.89 -20.2 0
      vertex 9.94 -22.86 0
    endloop
  endfacet
  facet normal 0 0 -1
    outer loop
      vertex 9.91982 -22.6552 0
      vertex 10.89 -20.2 0
      vertex 9.93494 -22.7571 0
    endloop
  endfacet
  facet normal 0 0 -1
    outer loop
      vertex 9.89479 -22.5552 0
      vertex 10.89 -20.2 0
      vertex 9.91982 -22.6552 0
    endloop
  endfacet
  facet normal 0 0 -1
    outer loop
      vertex 9.86007 -22.4582 0
      vertex 10.89 -20.2 0
      vertex 9.89479 -22.5552 0
    endloop
  endfacet
  facet normal 0 0 -1
    outer loop
      vertex 9.81602 -22.365 0
      vertex 10.89 -20.2 0
      vertex 9.86007 -22.4582 0
    endloop
  endfacet
  facet normal 0 0 -1
    outer loop
      vertex 9.76304 -22.2766 0
      vertex 10.89 -20.2 0
      vertex 9.81602 -22.365 0
    endloop
  endfacet
  facet normal 0 0 -1
    outer loop
      vertex 9.70166 -22.1939 0
      vertex 10.89 -20.2 0
      vertex 9.76304 -22.2766 0
    endloop
  endfacet
  facet normal 0 0 -1
    outer loop
      vertex 9.63246 -22.1175 0
      vertex 10.89 -20.2 0
      vertex 9.70166 -22.1939 0
    endloop
  endfacet
  facet normal 0 0 -1
    outer loop
      vertex 9.55611 -22.0483 0
      vertex 10.89 -20.2 0
      vertex 9.63246 -22.1175 0
    endloop
  endfacet
  facet normal 0 0 -1
    outer loop
      vertex 9.47335 -21.987 0
      vertex 10.89 -20.2 0
      vertex 9.55611 -22.0483 0
    endloop
  endfacet
  facet normal 0 0 -1
    outer loop
      vertex 9.38497 -21.934 0
      vertex 10.89 -20.2 0
      vertex 9.47335 -21.987 0
    endloop
  endfacet
  facet normal 0 0 -1
    outer loop
      vertex 9.29182 -21.8899 0
      vertex 10.89 -20.2 0
      vertex 9.38497 -21.934 0
    endloop
  endfacet
  facet normal 0 0 -1
    outer loop
      vertex 9.1948 -21.8552 0
      vertex 10.89 -20.2 0
      vertex 9.29182 -21.8899 0
    endloop
  endfacet
  facet normal 0 0 -1
    outer loop
      vertex 9.09484 -21.8302 0
      vertex 10.89 -20.2 0
      vertex 9.1948 -21.8552 0
    endloop
  endfacet
  facet normal 0 0 -1
    outer loop
      vertex 8.99292 -21.8151 0
      vertex 10.89 -20.2 0
      vertex 9.09484 -21.8302 0
    endloop
  endfacet
  facet normal 0 0 -1
    outer loop
      vertex 8.89 -21.81 0
      vertex 10.89 -20.2 0
      vertex 8.99292 -21.8151 0
    endloop
  endfacet
  facet normal 0 0 -1
    outer loop
      vertex 8.78708 -21.8151 0
      vertex 10.89 -20.2 0
      vertex 8.89 -21.81 0
    endloop
  endfacet
  facet normal 0 0 -1
    outer loop
      vertex 8.68515 -21.8302 0
      vertex 10.89 -20.2 0
      vertex 8.78708 -21.8151 0
    endloop
  endfacet
  facet normal 0 0 -1
    outer loop
      vertex 8.5852 -21.8552 0
      vertex 10.89 -20.2 0
      vertex 8.68515 -21.8302 0
    endloop
  endfacet
  facet normal 0 0 -1
    outer loop
      vertex 8.48818 -21.8899 0
      vertex 10.89 -20.2 0
      vertex 8.5852 -21.8552 0
    endloop
  endfacet
  facet normal 0 0 -1
    outer loop
      vertex 8.39503 -21.934 0
      vertex 10.89 -20.2 0
      vertex 8.48818 -21.8899 0
    endloop
  endfacet
  facet normal 0 0 -1
    outer loop
      vertex -8.39503 -21.934 0
      vertex 8.39503 -21.934 0
      vertex 8.30665 -21.987 0
    endloop
  endfacet
  facet normal 0 0 -1
    outer loop
      vertex -7.84 -22.86 0
      vertex 7.84506 -22.7571 0
      vertex 7.84 -22.86 0
    endloop
  endfacet
  facet normal 0 0 -1
    outer loop
      vertex -7.84506 -22.7571 0
      vertex 7.84506 -22.7571 0
      vertex -7.84 -22.86 0
    endloop
  endfacet
  facet normal 0 0 -1
    outer loop
      vertex 7.84506 -22.7571 0
      vertex -7.84506 -22.7571 0
      vertex 7.86018 -22.6552 0
    endloop
  endfacet
  facet normal 0 0 -1
    outer loop
      vertex -7.86018 -22.6552 0
      vertex 7.86018 -22.6552 0
      vertex -7.84506 -22.7571 0
    endloop
  endfacet
  facet normal 0 0 -1
    outer loop
      vertex 7.86018 -22.6552 0
      vertex -7.86018 -22.6552 0
      vertex 7.88521 -22.5552 0
    endloop
  endfacet
  facet normal 0 0 -1
    outer loop
      vertex -7.88521 -22.5552 0
      vertex 7.88521 -22.5552 0
      vertex -7.86018 -22.6552 0
    endloop
  endfacet
  facet normal 0 0 -1
    outer loop
      vertex 7.88521 -22.5552 0
      vertex -7.88521 -22.5552 0
      vertex 7.91993 -22.4582 0
    endloop
  endfacet
  facet normal 0 0 -1
    outer loop
      vertex -7.91993 -22.4582 0
      vertex 7.91993 -22.4582 0
      vertex -7.88521 -22.5552 0
    endloop
  endfacet
  facet normal 0 0 -1
    outer loop
      vertex 7.91993 -22.4582 0
      vertex -7.91993 -22.4582 0
      vertex 7.96398 -22.365 0
    endloop
  endfacet
  facet normal 0 0 -1
    outer loop
      vertex -7.96398 -22.365 0
      vertex 7.96398 -22.365 0
      vertex -7.91993 -22.4582 0
    endloop
  endfacet
  facet normal 0 0 -1
    outer loop
      vertex 7.96398 -22.365 0
      vertex -7.96398 -22.365 0
      vertex 8.01696 -22.2766 0
    endloop
  endfacet
  facet normal 0 0 -1
    outer loop
      vertex -8.01696 -22.2766 0
      vertex 8.01696 -22.2766 0
      vertex -7.96398 -22.365 0
    endloop
  endfacet
  facet normal 0 0 -1
    outer loop
      vertex 8.01696 -22.2766 0
      vertex -8.01696 -22.2766 0
      vertex 8.07834 -22.1939 0
    endloop
  endfacet
  facet normal 0 0 -1
    outer loop
      vertex -8.07834 -22.1939 0
      vertex 8.07834 -22.1939 0
      vertex -8.01696 -22.2766 0
    endloop
  endfacet
  facet normal 0 0 -1
    outer loop
      vertex 8.07834 -22.1939 0
      vertex -8.07834 -22.1939 0
      vertex 8.14754 -22.1175 0
    endloop
  endfacet
  facet normal 0 0 -1
    outer loop
      vertex -8.14754 -22.1175 0
      vertex 8.14754 -22.1175 0
      vertex -8.07834 -22.1939 0
    endloop
  endfacet
  facet normal 0 0 -1
    outer loop
      vertex 8.14754 -22.1175 0
      vertex -8.14754 -22.1175 0
      vertex 8.22389 -22.0483 0
    endloop
  endfacet
  facet normal 0 0 -1
    outer loop
      vertex -8.22389 -22.0483 0
      vertex 8.22389 -22.0483 0
      vertex -8.14754 -22.1175 0
    endloop
  endfacet
  facet normal 0 0 -1
    outer loop
      vertex 8.22389 -22.0483 0
      vertex -8.22389 -22.0483 0
      vertex 8.30665 -21.987 0
    endloop
  endfacet
  facet normal 0 0 -1
    outer loop
      vertex -8.30665 -21.987 0
      vertex 8.30665 -21.987 0
      vertex -8.22389 -22.0483 0
    endloop
  endfacet
  facet normal 0 0 -1
    outer loop
      vertex -8.39503 -21.934 0
      vertex 8.30665 -21.987 0
      vertex -8.30665 -21.987 0
    endloop
  endfacet
  facet normal 0 0 -1
    outer loop
      vertex 8.39503 -21.934 0
      vertex -8.39503 -21.934 0
      vertex 10.89 -20.2 0
    endloop
  endfacet
  facet normal 0 0 -1
    outer loop
      vertex -10.89 -20.2 0
      vertex -8.39503 -21.934 0
      vertex -8.48818 -21.8899 0
    endloop
  endfacet
  facet normal 0 0 -1
    outer loop
      vertex -10.89 -20.2 0
      vertex -8.48818 -21.8899 0
      vertex -8.5852 -21.8552 0
    endloop
  endfacet
  facet normal 0 0 -1
    outer loop
      vertex -10.89 -20.2 0
      vertex -8.5852 -21.8552 0
      vertex -8.68515 -21.8302 0
    endloop
  endfacet
  facet normal 0 0 -1
    outer loop
      vertex -10.89 -20.2 0
      vertex -8.68515 -21.8302 0
      vertex -8.78708 -21.8151 0
    endloop
  endfacet
  facet normal 0 0 -1
    outer loop
      vertex -10.89 -20.2 0
      vertex -8.78708 -21.8151 0
      vertex -8.89 -21.81 0
    endloop
  endfacet
  facet normal 0 0 -1
    outer loop
      vertex -10.89 -20.2 0
      vertex -8.89 -21.81 0
      vertex -8.99292 -21.8151 0
    endloop
  endfacet
  facet normal 0 0 -1
    outer loop
      vertex -8.39503 -21.934 0
      vertex -10.89 -20.2 0
      vertex 10.89 -20.2 0
    endloop
  endfacet
  facet normal 0 0 -1
    outer loop
      vertex -9.09484 -21.8302 0
      vertex -10.89 -20.2 0
      vertex -8.99292 -21.8151 0
    endloop
  endfacet
  facet normal 0 0 -1
    outer loop
      vertex -9.1948 -21.8552 0
      vertex -10.89 -20.2 0
      vertex -9.09484 -21.8302 0
    endloop
  endfacet
  facet normal 0 0 -1
    outer loop
      vertex -9.29182 -21.8899 0
      vertex -10.89 -20.2 0
      vertex -9.1948 -21.8552 0
    endloop
  endfacet
  facet normal 0 0 -1
    outer loop
      vertex -9.38497 -21.934 0
      vertex -10.89 -20.2 0
      vertex -9.29182 -21.8899 0
    endloop
  endfacet
  facet normal 0 0 -1
    outer loop
      vertex -9.47335 -21.987 0
      vertex -10.89 -20.2 0
      vertex -9.38497 -21.934 0
    endloop
  endfacet
  facet normal 0 0 -1
    outer loop
      vertex -9.55611 -22.0483 0
      vertex -10.89 -20.2 0
      vertex -9.47335 -21.987 0
    endloop
  endfacet
  facet normal 0 0 -1
    outer loop
      vertex -9.63246 -22.1175 0
      vertex -10.89 -20.2 0
      vertex -9.55611 -22.0483 0
    endloop
  endfacet
  facet normal 0 0 -1
    outer loop
      vertex -9.70166 -22.1939 0
      vertex -10.89 -20.2 0
      vertex -9.63246 -22.1175 0
    endloop
  endfacet
  facet normal 0 0 -1
    outer loop
      vertex -9.76304 -22.2766 0
      vertex -10.89 -20.2 0
      vertex -9.70166 -22.1939 0
    endloop
  endfacet
  facet normal 0 0 -1
    outer loop
      vertex -9.81602 -22.365 0
      vertex -10.89 -20.2 0
      vertex -9.76304 -22.2766 0
    endloop
  endfacet
  facet normal 0 0 -1
    outer loop
      vertex -9.86007 -22.4582 0
      vertex -10.89 -20.2 0
      vertex -9.81602 -22.365 0
    endloop
  endfacet
  facet normal 0 0 -1
    outer loop
      vertex -9.89479 -22.5552 0
      vertex -10.89 -20.2 0
      vertex -9.86007 -22.4582 0
    endloop
  endfacet
  facet normal 0 0 -1
    outer loop
      vertex -9.91982 -22.6552 0
      vertex -10.89 -20.2 0
      vertex -9.89479 -22.5552 0
    endloop
  endfacet
  facet normal 0 0 -1
    outer loop
      vertex -9.93494 -22.7571 0
      vertex -10.89 -20.2 0
      vertex -9.91982 -22.6552 0
    endloop
  endfacet
  facet normal 0 0 -1
    outer loop
      vertex -10.89 -20.2 0
      vertex -9.93494 -22.7571 0
      vertex -9.94 -22.86 0
    endloop
  endfacet
  facet normal 0 0 -1
    outer loop
      vertex -10.89 15.5 -3.4
      vertex 10.89 20.2 -3.4
      vertex 10.89 15.5 -3.4
    endloop
  endfacet
  facet normal -0 0 -1
    outer loop
      vertex 10.89 20.2 -3.4
      vertex -10.89 15.5 -3.4
      vertex -10.89 20.2 -3.4
    endloop
  endfacet
  facet normal -1 0 0
    outer loop
      vertex -10.89 20.2 -3.4
      vertex -10.89 17.7 -1.6
      vertex -10.89 20.2 0
    endloop
  endfacet
  facet normal -1 0 0
    outer loop
      vertex -10.89 15.5 -3.4
      vertex -10.89 17.7 -1.6
      vertex -10.89 20.2 -3.4
    endloop
  endfacet
  facet normal -1 -0 0
    outer loop
      vertex -10.89 17.7 -1.6
      vertex -10.89 15.5 -3.4
      vertex -10.89 15.5 -1.6
    endloop
  endfacet
  facet normal -1 -0 0
    outer loop
      vertex -10.89 20.2 0
      vertex -10.89 17.7 -1.6
      vertex -10.89 17.7 0
    endloop
  endfacet
  facet normal 0 1 -0
    outer loop
      vertex 10.89 20.2 -3.4
      vertex -10.89 20.2 0
      vertex 10.89 20.2 0
    endloop
  endfacet
  facet normal 0 1 0
    outer loop
      vertex -10.89 20.2 0
      vertex 10.89 20.2 -3.4
      vertex -10.89 20.2 -3.4
    endloop
  endfacet
  facet normal 0 -1 0
    outer loop
      vertex -10.89 17.7 -1.6
      vertex 10.89 17.7 0
      vertex -10.89 17.7 0
    endloop
  endfacet
  facet normal 0 -1 -0
    outer loop
      vertex 10.89 17.7 0
      vertex -10.89 17.7 -1.6
      vertex 10.89 17.7 -1.6
    endloop
  endfacet
  facet normal -0 0 1
    outer loop
      vertex -10.89 17.7 -1.6
      vertex 10.89 15.5 -1.6
      vertex 10.89 17.7 -1.6
    endloop
  endfacet
  facet normal 0 0 1
    outer loop
      vertex 10.89 15.5 -1.6
      vertex -10.89 17.7 -1.6
      vertex -10.89 15.5 -1.6
    endloop
  endfacet
  facet normal 0 -1 0
    outer loop
      vertex -10.89 15.5 -3.4
      vertex 10.89 15.5 -1.6
      vertex -10.89 15.5 -1.6
    endloop
  endfacet
  facet normal 0 -1 -0
    outer loop
      vertex 10.89 15.5 -1.6
      vertex -10.89 15.5 -3.4
      vertex 10.89 15.5 -3.4
    endloop
  endfacet
  facet normal 1 0 0
    outer loop
      vertex 10.89 -17.7 0
      vertex 10.89 -20.2 0
      vertex 10.89 -17.7 -1.6
    endloop
  endfacet
  facet normal 1 -0 0
    outer loop
      vertex 10.89 -17.7 -1.6
      vertex 10.89 -15.5 -3.4
      vertex 10.89 -15.5 -1.6
    endloop
  endfacet
  facet normal 1 0 0
    outer loop
      vertex 10.89 -20.2 -3.4
      vertex 10.89 -17.7 -1.6
      vertex 10.89 -20.2 0
    endloop
  endfacet
  facet normal 1 0 0
    outer loop
      vertex 10.89 -17.7 -1.6
      vertex 10.89 -20.2 -3.4
      vertex 10.89 -15.5 -3.4
    endloop
  endfacet
  facet normal 0 0 -1
    outer loop
      vertex -10.89 -20.2 -3.4
      vertex 10.89 -15.5 -3.4
      vertex 10.89 -20.2 -3.4
    endloop
  endfacet
  facet normal -0 0 -1
    outer loop
      vertex 10.89 -15.5 -3.4
      vertex -10.89 -20.2 -3.4
      vertex -10.89 -15.5 -3.4
    endloop
  endfacet
  facet normal -1 0 0
    outer loop
      vertex -10.89 -15.5 -3.4
      vertex -10.89 -17.7 -1.6
      vertex -10.89 -15.5 -1.6
    endloop
  endfacet
  facet normal -1 0 0
    outer loop
      vertex -10.89 -20.2 -3.4
      vertex -10.89 -17.7 -1.6
      vertex -10.89 -15.5 -3.4
    endloop
  endfacet
  facet normal -1 0 0
    outer loop
      vertex -10.89 -20.2 0
      vertex -10.89 -17.7 -1.6
      vertex -10.89 -20.2 -3.4
    endloop
  endfacet
  facet normal -1 0 0
    outer loop
      vertex -10.89 -17.7 -1.6
      vertex -10.89 -20.2 0
      vertex -10.89 -17.7 0
    endloop
  endfacet
  facet normal 0 -1 0
    outer loop
      vertex -10.89 -20.2 -3.4
      vertex 10.89 -20.2 0
      vertex -10.89 -20.2 0
    endloop
  endfacet
  facet normal 0 -1 -0
    outer loop
      vertex 10.89 -20.2 0
      vertex -10.89 -20.2 -3.4
      vertex 10.89 -20.2 -3.4
    endloop
  endfacet
  facet normal 0 1 -0
    outer loop
      vertex 10.89 -17.7 -1.6
      vertex -10.89 -17.7 0
      vertex 10.89 -17.7 0
    endloop
  endfacet
  facet normal 0 1 0
    outer loop
      vertex -10.89 -17.7 0
      vertex 10.89 -17.7 -1.6
      vertex -10.89 -17.7 -1.6
    endloop
  endfacet
  facet normal -0 0 1
    outer loop
      vertex -10.89 -15.5 -1.6
      vertex 10.89 -17.7 -1.6
      vertex 10.89 -15.5 -1.6
    endloop
  endfacet
  facet normal 0 0 1
    outer loop
      vertex 10.89 -17.7 -1.6
      vertex -10.89 -15.5 -1.6
      vertex -10.89 -17.7 -1.6
    endloop
  endfacet
  facet normal 0 1 -0
    outer loop
      vertex 10.89 -15.5 -3.4
      vertex -10.89 -15.5 -1.6
      vertex 10.89 -15.5 -1.6
    endloop
  endfacet
  facet normal 0 1 0
    outer loop
      vertex -10.89 -15.5 -1.6
      vertex 10.89 -15.5 -3.4
      vertex -10.89 -15.5 -3.4
    endloop
  endfacet
  facet normal 0.514246 -0.857643 0
    outer loop
      vertex 14.3042 -29.5058 0
      vertex 14.5567 -29.3544 3
      vertex 14.3042 -29.5058 3
    endloop
  endfacet
  facet normal 0.514246 -0.857643 0
    outer loop
      vertex 14.5567 -29.3544 3
      vertex 14.3042 -29.5058 0
      vertex 14.5567 -29.3544 0
    endloop
  endfacet
  facet normal 1 -0 0
    outer loop
      vertex 15.89 -26.86 3
      vertex 15.89 26.86 0
      vertex 15.89 26.86 3
    endloop
  endfacet
  facet normal 1 0 0
    outer loop
      vertex 15.89 26.86 0
      vertex 15.89 -26.86 3
      vertex 15.89 -26.86 0
    endloop
  endfacet
  facet normal 0.336831 -0.941565 0
    outer loop
      vertex 13.7608 -29.7308 0
      vertex 14.0381 -29.6316 3
      vertex 13.7608 -29.7308 3
    endloop
  endfacet
  facet normal 0.336831 -0.941565 0
    outer loop
      vertex 14.0381 -29.6316 3
      vertex 13.7608 -29.7308 0
      vertex 14.0381 -29.6316 0
    endloop
  endfacet
  facet normal 0.4274 -0.904063 0
    outer loop
      vertex 14.0381 -29.6316 0
      vertex 14.3042 -29.5058 3
      vertex 14.0381 -29.6316 3
    endloop
  endfacet
  facet normal 0.4274 -0.904063 0
    outer loop
      vertex 14.3042 -29.5058 3
      vertex 14.0381 -29.6316 0
      vertex 14.3042 -29.5058 0
    endloop
  endfacet
  facet normal -1 0 0
    outer loop
      vertex -15.89 -26.86 0
      vertex -15.89 26.86 3
      vertex -15.89 26.86 0
    endloop
  endfacet
  facet normal -1 -0 0
    outer loop
      vertex -15.89 26.86 3
      vertex -15.89 -26.86 0
      vertex -15.89 -26.86 3
    endloop
  endfacet
  facet normal 0 -1 0
    outer loop
      vertex -12.89 -29.86 0
      vertex 12.89 -29.86 3
      vertex -12.89 -29.86 3
    endloop
  endfacet
  facet normal 0 -1 -0
    outer loop
      vertex 12.89 -29.86 3
      vertex -12.89 -29.86 0
      vertex 12.89 -29.86 0
    endloop
  endfacet
  facet normal 0.595699 0.803208 -0
    outer loop
      vertex 14.7932 29.179 0
      vertex 14.5567 29.3544 3
      vertex 14.7932 29.179 3
    endloop
  endfacet
  facet normal 0.595699 0.803208 0
    outer loop
      vertex 14.5567 29.3544 3
      vertex 14.7932 29.179 0
      vertex 14.5567 29.3544 0
    endloop
  endfacet
  facet normal -0.0492431 -0.998787 0
    outer loop
      vertex -13.1841 -29.8455 0
      vertex -12.89 -29.86 3
      vertex -13.1841 -29.8455 3
    endloop
  endfacet
  facet normal -0.0492431 -0.998787 -0
    outer loop
      vertex -12.89 -29.86 3
      vertex -13.1841 -29.8455 0
      vertex -12.89 -29.86 0
    endloop
  endfacet
  facet normal 0.336831 0.941565 -0
    outer loop
      vertex 14.0381 29.6316 0
      vertex 13.7608 29.7308 3
      vertex 14.0381 29.6316 3
    endloop
  endfacet
  facet normal 0.336831 0.941565 0
    outer loop
      vertex 13.7608 29.7308 3
      vertex 14.0381 29.6316 0
      vertex 13.7608 29.7308 0
    endloop
  endfacet
  facet normal 0.740908 -0.671607 0
    outer loop
      vertex 15.0113 -28.9813 3
      vertex 15.209 -28.7632 0
      vertex 15.209 -28.7632 3
    endloop
  endfacet
  facet normal 0.740908 -0.671607 0
    outer loop
      vertex 15.209 -28.7632 0
      vertex 15.0113 -28.9813 3
      vertex 15.0113 -28.9813 0
    endloop
  endfacet
  facet normal 0.242935 -0.970042 0
    outer loop
      vertex 13.4753 -29.8023 0
      vertex 13.7608 -29.7308 3
      vertex 13.4753 -29.8023 3
    endloop
  endfacet
  facet normal 0.242935 -0.970042 0
    outer loop
      vertex 13.7608 -29.7308 3
      vertex 13.4753 -29.8023 0
      vertex 13.7608 -29.7308 0
    endloop
  endfacet
  facet normal 0.998786 0.0492599 0
    outer loop
      vertex 15.89 26.86 3
      vertex 15.8755 27.154 0
      vertex 15.8755 27.154 3
    endloop
  endfacet
  facet normal 0.998786 0.0492599 0
    outer loop
      vertex 15.8755 27.154 0
      vertex 15.89 26.86 3
      vertex 15.89 26.86 0
    endloop
  endfacet
  facet normal -0.857643 -0.514246 0
    outer loop
      vertex -15.3844 -28.5267 0
      vertex -15.5358 -28.2742 3
      vertex -15.5358 -28.2742 0
    endloop
  endfacet
  facet normal -0.857643 -0.514246 0
    outer loop
      vertex -15.5358 -28.2742 3
      vertex -15.3844 -28.5267 0
      vertex -15.3844 -28.5267 3
    endloop
  endfacet
  facet normal -0.740908 0.671607 0
    outer loop
      vertex -15.209 28.7632 0
      vertex -15.0113 28.9813 3
      vertex -15.0113 28.9813 0
    endloop
  endfacet
  facet normal -0.740908 0.671607 0
    outer loop
      vertex -15.0113 28.9813 3
      vertex -15.209 28.7632 0
      vertex -15.209 28.7632 3
    endloop
  endfacet
  facet normal 0.0492431 -0.998787 0
    outer loop
      vertex 12.89 -29.86 0
      vertex 13.1841 -29.8455 3
      vertex 12.89 -29.86 3
    endloop
  endfacet
  facet normal 0.0492431 -0.998787 0
    outer loop
      vertex 13.1841 -29.8455 3
      vertex 12.89 -29.86 0
      vertex 13.1841 -29.8455 0
    endloop
  endfacet
  facet normal 0.671607 0.740908 -0
    outer loop
      vertex 15.0113 28.9813 0
      vertex 14.7932 29.179 3
      vertex 15.0113 28.9813 3
    endloop
  endfacet
  facet normal 0.671607 0.740908 0
    outer loop
      vertex 14.7932 29.179 3
      vertex 15.0113 28.9813 0
      vertex 14.7932 29.179 0
    endloop
  endfacet
  facet normal -0.989231 0.146364 0
    outer loop
      vertex -15.8755 27.154 0
      vertex -15.8324 27.4453 3
      vertex -15.8324 27.4453 0
    endloop
  endfacet
  facet normal -0.989231 0.146364 0
    outer loop
      vertex -15.8324 27.4453 3
      vertex -15.8755 27.154 0
      vertex -15.8755 27.154 3
    endloop
  endfacet
  facet normal -0.0492431 0.998787 0
    outer loop
      vertex -12.89 29.86 0
      vertex -13.1841 29.8455 3
      vertex -12.89 29.86 3
    endloop
  endfacet
  facet normal -0.0492431 0.998787 0
    outer loop
      vertex -13.1841 29.8455 3
      vertex -12.89 29.86 0
      vertex -13.1841 29.8455 0
    endloop
  endfacet
  facet normal -0.595699 -0.803208 0
    outer loop
      vertex -14.7932 -29.179 0
      vertex -14.5567 -29.3544 3
      vertex -14.7932 -29.179 3
    endloop
  endfacet
  facet normal -0.595699 -0.803208 -0
    outer loop
      vertex -14.5567 -29.3544 3
      vertex -14.7932 -29.179 0
      vertex -14.5567 -29.3544 0
    endloop
  endfacet
  facet normal 0.904125 -0.427269 0
    outer loop
      vertex 15.5358 -28.2742 3
      vertex 15.6616 -28.008 0
      vertex 15.6616 -28.008 3
    endloop
  endfacet
  facet normal 0.904125 -0.427269 0
    outer loop
      vertex 15.6616 -28.008 0
      vertex 15.5358 -28.2742 3
      vertex 15.5358 -28.2742 0
    endloop
  endfacet
  facet normal -0.4274 -0.904063 0
    outer loop
      vertex -14.3042 -29.5058 0
      vertex -14.0381 -29.6316 3
      vertex -14.3042 -29.5058 3
    endloop
  endfacet
  facet normal -0.4274 -0.904063 -0
    outer loop
      vertex -14.0381 -29.6316 3
      vertex -14.3042 -29.5058 0
      vertex -14.0381 -29.6316 0
    endloop
  endfacet
  facet normal 0.989231 0.146364 0
    outer loop
      vertex 15.8755 27.154 3
      vertex 15.8324 27.4453 0
      vertex 15.8324 27.4453 3
    endloop
  endfacet
  facet normal 0.989231 0.146364 0
    outer loop
      vertex 15.8324 27.4453 0
      vertex 15.8755 27.154 3
      vertex 15.8755 27.154 0
    endloop
  endfacet
  facet normal -0.941527 0.336939 0
    outer loop
      vertex -15.7608 27.7308 0
      vertex -15.6616 28.008 3
      vertex -15.6616 28.008 0
    endloop
  endfacet
  facet normal -0.941527 0.336939 0
    outer loop
      vertex -15.6616 28.008 3
      vertex -15.7608 27.7308 0
      vertex -15.7608 27.7308 3
    endloop
  endfacet
  facet normal -0.514246 0.857643 0
    outer loop
      vertex -14.3042 29.5058 0
      vertex -14.5567 29.3544 3
      vertex -14.3042 29.5058 3
    endloop
  endfacet
  facet normal -0.514246 0.857643 0
    outer loop
      vertex -14.5567 29.3544 3
      vertex -14.3042 29.5058 0
      vertex -14.5567 29.3544 0
    endloop
  endfacet
  facet normal 0.146746 -0.989174 0
    outer loop
      vertex 13.1841 -29.8455 0
      vertex 13.4753 -29.8023 3
      vertex 13.1841 -29.8455 3
    endloop
  endfacet
  facet normal 0.146746 -0.989174 0
    outer loop
      vertex 13.4753 -29.8023 3
      vertex 13.1841 -29.8455 0
      vertex 13.4753 -29.8023 0
    endloop
  endfacet
  facet normal -0.336831 -0.941565 0
    outer loop
      vertex -14.0381 -29.6316 0
      vertex -13.7608 -29.7308 3
      vertex -14.0381 -29.6316 3
    endloop
  endfacet
  facet normal -0.336831 -0.941565 -0
    outer loop
      vertex -13.7608 -29.7308 3
      vertex -14.0381 -29.6316 0
      vertex -13.7608 -29.7308 0
    endloop
  endfacet
  facet normal -0.989231 -0.146364 0
    outer loop
      vertex -15.8324 -27.4453 0
      vertex -15.8755 -27.154 3
      vertex -15.8755 -27.154 0
    endloop
  endfacet
  facet normal -0.989231 -0.146364 0
    outer loop
      vertex -15.8755 -27.154 3
      vertex -15.8324 -27.4453 0
      vertex -15.8324 -27.4453 3
    endloop
  endfacet
  facet normal 0 1 -0
    outer loop
      vertex 12.89 29.86 0
      vertex -12.89 29.86 3
      vertex 12.89 29.86 3
    endloop
  endfacet
  facet normal 0 1 0
    outer loop
      vertex -12.89 29.86 3
      vertex 12.89 29.86 0
      vertex -12.89 29.86 0
    endloop
  endfacet
  facet normal -0.146746 0.989174 0
    outer loop
      vertex -13.1841 29.8455 0
      vertex -13.4753 29.8023 3
      vertex -13.1841 29.8455 3
    endloop
  endfacet
  facet normal -0.146746 0.989174 0
    outer loop
      vertex -13.4753 29.8023 3
      vertex -13.1841 29.8455 0
      vertex -13.4753 29.8023 0
    endloop
  endfacet
  facet normal 0.671607 -0.740908 0
    outer loop
      vertex 14.7932 -29.179 0
      vertex 15.0113 -28.9813 3
      vertex 14.7932 -29.179 3
    endloop
  endfacet
  facet normal 0.671607 -0.740908 0
    outer loop
      vertex 15.0113 -28.9813 3
      vertex 14.7932 -29.179 0
      vertex 15.0113 -28.9813 0
    endloop
  endfacet
  facet normal -0.514246 -0.857643 0
    outer loop
      vertex -14.5567 -29.3544 0
      vertex -14.3042 -29.5058 3
      vertex -14.5567 -29.3544 3
    endloop
  endfacet
  facet normal -0.514246 -0.857643 -0
    outer loop
      vertex -14.3042 -29.5058 3
      vertex -14.5567 -29.3544 0
      vertex -14.3042 -29.5058 0
    endloop
  endfacet
  facet normal -0.336831 0.941565 0
    outer loop
      vertex -13.7608 29.7308 0
      vertex -14.0381 29.6316 3
      vertex -13.7608 29.7308 3
    endloop
  endfacet
  facet normal -0.336831 0.941565 0
    outer loop
      vertex -14.0381 29.6316 3
      vertex -13.7608 29.7308 0
      vertex -14.0381 29.6316 0
    endloop
  endfacet
  facet normal 0.740908 0.671607 0
    outer loop
      vertex 15.209 28.7632 3
      vertex 15.0113 28.9813 0
      vertex 15.0113 28.9813 3
    endloop
  endfacet
  facet normal 0.740908 0.671607 0
    outer loop
      vertex 15.0113 28.9813 0
      vertex 15.209 28.7632 3
      vertex 15.209 28.7632 0
    endloop
  endfacet
  facet normal 0.857643 -0.514246 0
    outer loop
      vertex 15.3844 -28.5267 3
      vertex 15.5358 -28.2742 0
      vertex 15.5358 -28.2742 3
    endloop
  endfacet
  facet normal 0.857643 -0.514246 0
    outer loop
      vertex 15.5358 -28.2742 0
      vertex 15.3844 -28.5267 3
      vertex 15.3844 -28.5267 0
    endloop
  endfacet
  facet normal -0.146746 -0.989174 0
    outer loop
      vertex -13.4753 -29.8023 0
      vertex -13.1841 -29.8455 3
      vertex -13.4753 -29.8023 3
    endloop
  endfacet
  facet normal -0.146746 -0.989174 -0
    outer loop
      vertex -13.1841 -29.8455 3
      vertex -13.4753 -29.8023 0
      vertex -13.1841 -29.8455 0
    endloop
  endfacet
  facet normal -0.4274 0.904063 0
    outer loop
      vertex -14.0381 29.6316 0
      vertex -14.3042 29.5058 3
      vertex -14.0381 29.6316 3
    endloop
  endfacet
  facet normal -0.4274 0.904063 0
    outer loop
      vertex -14.3042 29.5058 3
      vertex -14.0381 29.6316 0
      vertex -14.3042 29.5058 0
    endloop
  endfacet
  facet normal -0.671607 0.740908 0
    outer loop
      vertex -14.7932 29.179 0
      vertex -15.0113 28.9813 3
      vertex -14.7932 29.179 3
    endloop
  endfacet
  facet normal -0.671607 0.740908 0
    outer loop
      vertex -15.0113 28.9813 3
      vertex -14.7932 29.179 0
      vertex -15.0113 28.9813 0
    endloop
  endfacet
  facet normal 0.803208 0.595699 0
    outer loop
      vertex 15.3844 28.5267 3
      vertex 15.209 28.7632 0
      vertex 15.209 28.7632 3
    endloop
  endfacet
  facet normal 0.803208 0.595699 0
    outer loop
      vertex 15.209 28.7632 0
      vertex 15.3844 28.5267 3
      vertex 15.3844 28.5267 0
    endloop
  endfacet
  facet normal -0.969962 -0.243255 0
    outer loop
      vertex -15.7608 -27.7308 0
      vertex -15.8324 -27.4453 3
      vertex -15.8324 -27.4453 0
    endloop
  endfacet
  facet normal -0.969962 -0.243255 0
    outer loop
      vertex -15.8324 -27.4453 3
      vertex -15.7608 -27.7308 0
      vertex -15.7608 -27.7308 3
    endloop
  endfacet
  facet normal 0.514246 0.857643 -0
    outer loop
      vertex 14.5567 29.3544 0
      vertex 14.3042 29.5058 3
      vertex 14.5567 29.3544 3
    endloop
  endfacet
  facet normal 0.514246 0.857643 0
    outer loop
      vertex 14.3042 29.5058 3
      vertex 14.5567 29.3544 0
      vertex 14.3042 29.5058 0
    endloop
  endfacet
  facet normal 0.595699 -0.803208 0
    outer loop
      vertex 14.5567 -29.3544 0
      vertex 14.7932 -29.179 3
      vertex 14.5567 -29.3544 3
    endloop
  endfacet
  facet normal 0.595699 -0.803208 0
    outer loop
      vertex 14.7932 -29.179 3
      vertex 14.5567 -29.3544 0
      vertex 14.7932 -29.179 0
    endloop
  endfacet
  facet normal 0.146746 0.989174 -0
    outer loop
      vertex 13.4753 29.8023 0
      vertex 13.1841 29.8455 3
      vertex 13.4753 29.8023 3
    endloop
  endfacet
  facet normal 0.146746 0.989174 0
    outer loop
      vertex 13.1841 29.8455 3
      vertex 13.4753 29.8023 0
      vertex 13.1841 29.8455 0
    endloop
  endfacet
  facet normal -0.242935 0.970042 0
    outer loop
      vertex -13.4753 29.8023 0
      vertex -13.7608 29.7308 3
      vertex -13.4753 29.8023 3
    endloop
  endfacet
  facet normal -0.242935 0.970042 0
    outer loop
      vertex -13.7608 29.7308 3
      vertex -13.4753 29.8023 0
      vertex -13.7608 29.7308 0
    endloop
  endfacet
  facet normal 0.857643 0.514246 0
    outer loop
      vertex 15.5358 28.2742 3
      vertex 15.3844 28.5267 0
      vertex 15.3844 28.5267 3
    endloop
  endfacet
  facet normal 0.857643 0.514246 0
    outer loop
      vertex 15.3844 28.5267 0
      vertex 15.5358 28.2742 3
      vertex 15.5358 28.2742 0
    endloop
  endfacet
  facet normal -0.969962 0.243255 0
    outer loop
      vertex -15.8324 27.4453 0
      vertex -15.7608 27.7308 3
      vertex -15.7608 27.7308 0
    endloop
  endfacet
  facet normal -0.969962 0.243255 0
    outer loop
      vertex -15.7608 27.7308 3
      vertex -15.8324 27.4453 0
      vertex -15.8324 27.4453 3
    endloop
  endfacet
  facet normal -0.941527 -0.336939 0
    outer loop
      vertex -15.6616 -28.008 0
      vertex -15.7608 -27.7308 3
      vertex -15.7608 -27.7308 0
    endloop
  endfacet
  facet normal -0.941527 -0.336939 0
    outer loop
      vertex -15.7608 -27.7308 3
      vertex -15.6616 -28.008 0
      vertex -15.6616 -28.008 3
    endloop
  endfacet
  facet normal -0.740908 -0.671607 0
    outer loop
      vertex -15.0113 -28.9813 0
      vertex -15.209 -28.7632 3
      vertex -15.209 -28.7632 0
    endloop
  endfacet
  facet normal -0.740908 -0.671607 0
    outer loop
      vertex -15.209 -28.7632 3
      vertex -15.0113 -28.9813 0
      vertex -15.0113 -28.9813 3
    endloop
  endfacet
  facet normal -0.595699 0.803208 0
    outer loop
      vertex -14.5567 29.3544 0
      vertex -14.7932 29.179 3
      vertex -14.5567 29.3544 3
    endloop
  endfacet
  facet normal -0.595699 0.803208 0
    outer loop
      vertex -14.7932 29.179 3
      vertex -14.5567 29.3544 0
      vertex -14.7932 29.179 0
    endloop
  endfacet
  facet normal 0.904125 0.427269 0
    outer loop
      vertex 15.6616 28.008 3
      vertex 15.5358 28.2742 0
      vertex 15.5358 28.2742 3
    endloop
  endfacet
  facet normal 0.904125 0.427269 0
    outer loop
      vertex 15.5358 28.2742 0
      vertex 15.6616 28.008 3
      vertex 15.6616 28.008 0
    endloop
  endfacet
  facet normal 0.242935 0.970042 -0
    outer loop
      vertex 13.7608 29.7308 0
      vertex 13.4753 29.8023 3
      vertex 13.7608 29.7308 3
    endloop
  endfacet
  facet normal 0.242935 0.970042 0
    outer loop
      vertex 13.4753 29.8023 3
      vertex 13.7608 29.7308 0
      vertex 13.4753 29.8023 0
    endloop
  endfacet
  facet normal -0.803208 -0.595699 0
    outer loop
      vertex -15.209 -28.7632 0
      vertex -15.3844 -28.5267 3
      vertex -15.3844 -28.5267 0
    endloop
  endfacet
  facet normal -0.803208 -0.595699 0
    outer loop
      vertex -15.3844 -28.5267 3
      vertex -15.209 -28.7632 0
      vertex -15.209 -28.7632 3
    endloop
  endfacet
  facet normal 0.941527 0.336939 0
    outer loop
      vertex 15.7608 27.7308 3
      vertex 15.6616 28.008 0
      vertex 15.6616 28.008 3
    endloop
  endfacet
  facet normal 0.941527 0.336939 0
    outer loop
      vertex 15.6616 28.008 0
      vertex 15.7608 27.7308 3
      vertex 15.7608 27.7308 0
    endloop
  endfacet
  facet normal 0.989231 -0.146364 0
    outer loop
      vertex 15.8324 -27.4453 3
      vertex 15.8755 -27.154 0
      vertex 15.8755 -27.154 3
    endloop
  endfacet
  facet normal 0.989231 -0.146364 0
    outer loop
      vertex 15.8755 -27.154 0
      vertex 15.8324 -27.4453 3
      vertex 15.8324 -27.4453 0
    endloop
  endfacet
  facet normal 0.969962 -0.243255 0
    outer loop
      vertex 15.7608 -27.7308 3
      vertex 15.8324 -27.4453 0
      vertex 15.8324 -27.4453 3
    endloop
  endfacet
  facet normal 0.969962 -0.243255 0
    outer loop
      vertex 15.8324 -27.4453 0
      vertex 15.7608 -27.7308 3
      vertex 15.7608 -27.7308 0
    endloop
  endfacet
  facet normal -0.904125 0.427269 0
    outer loop
      vertex -15.6616 28.008 0
      vertex -15.5358 28.2742 3
      vertex -15.5358 28.2742 0
    endloop
  endfacet
  facet normal -0.904125 0.427269 0
    outer loop
      vertex -15.5358 28.2742 3
      vertex -15.6616 28.008 0
      vertex -15.6616 28.008 3
    endloop
  endfacet
  facet normal -0.904125 -0.427269 0
    outer loop
      vertex -15.5358 -28.2742 0
      vertex -15.6616 -28.008 3
      vertex -15.6616 -28.008 0
    endloop
  endfacet
  facet normal -0.904125 -0.427269 0
    outer loop
      vertex -15.6616 -28.008 3
      vertex -15.5358 -28.2742 0
      vertex -15.5358 -28.2742 3
    endloop
  endfacet
  facet normal -0.671607 -0.740908 0
    outer loop
      vertex -15.0113 -28.9813 0
      vertex -14.7932 -29.179 3
      vertex -15.0113 -28.9813 3
    endloop
  endfacet
  facet normal -0.671607 -0.740908 -0
    outer loop
      vertex -14.7932 -29.179 3
      vertex -15.0113 -28.9813 0
      vertex -14.7932 -29.179 0
    endloop
  endfacet
  facet normal 0.803208 -0.595699 0
    outer loop
      vertex 15.209 -28.7632 3
      vertex 15.3844 -28.5267 0
      vertex 15.3844 -28.5267 3
    endloop
  endfacet
  facet normal 0.803208 -0.595699 0
    outer loop
      vertex 15.3844 -28.5267 0
      vertex 15.209 -28.7632 3
      vertex 15.209 -28.7632 0
    endloop
  endfacet
  facet normal 0.998786 -0.0492599 0
    outer loop
      vertex 15.8755 -27.154 3
      vertex 15.89 -26.86 0
      vertex 15.89 -26.86 3
    endloop
  endfacet
  facet normal 0.998786 -0.0492599 0
    outer loop
      vertex 15.89 -26.86 0
      vertex 15.8755 -27.154 3
      vertex 15.8755 -27.154 0
    endloop
  endfacet
  facet normal -0.242935 -0.970042 0
    outer loop
      vertex -13.7608 -29.7308 0
      vertex -13.4753 -29.8023 3
      vertex -13.7608 -29.7308 3
    endloop
  endfacet
  facet normal -0.242935 -0.970042 -0
    outer loop
      vertex -13.4753 -29.8023 3
      vertex -13.7608 -29.7308 0
      vertex -13.4753 -29.8023 0
    endloop
  endfacet
  facet normal 0.941527 -0.336939 0
    outer loop
      vertex 15.6616 -28.008 3
      vertex 15.7608 -27.7308 0
      vertex 15.7608 -27.7308 3
    endloop
  endfacet
  facet normal 0.941527 -0.336939 0
    outer loop
      vertex 15.7608 -27.7308 0
      vertex 15.6616 -28.008 3
      vertex 15.6616 -28.008 0
    endloop
  endfacet
  facet normal 0.969962 0.243255 0
    outer loop
      vertex 15.8324 27.4453 3
      vertex 15.7608 27.7308 0
      vertex 15.7608 27.7308 3
    endloop
  endfacet
  facet normal 0.969962 0.243255 0
    outer loop
      vertex 15.7608 27.7308 0
      vertex 15.8324 27.4453 3
      vertex 15.8324 27.4453 0
    endloop
  endfacet
  facet normal 0.0492431 0.998787 -0
    outer loop
      vertex 13.1841 29.8455 0
      vertex 12.89 29.86 3
      vertex 13.1841 29.8455 3
    endloop
  endfacet
  facet normal 0.0492431 0.998787 0
    outer loop
      vertex 12.89 29.86 3
      vertex 13.1841 29.8455 0
      vertex 12.89 29.86 0
    endloop
  endfacet
  facet normal -0.998786 -0.0492599 0
    outer loop
      vertex -15.8755 -27.154 0
      vertex -15.89 -26.86 3
      vertex -15.89 -26.86 0
    endloop
  endfacet
  facet normal -0.998786 -0.0492599 0
    outer loop
      vertex -15.89 -26.86 3
      vertex -15.8755 -27.154 0
      vertex -15.8755 -27.154 3
    endloop
  endfacet
  facet normal -0.803208 0.595699 0
    outer loop
      vertex -15.3844 28.5267 0
      vertex -15.209 28.7632 3
      vertex -15.209 28.7632 0
    endloop
  endfacet
  facet normal -0.803208 0.595699 0
    outer loop
      vertex -15.209 28.7632 3
      vertex -15.3844 28.5267 0
      vertex -15.3844 28.5267 3
    endloop
  endfacet
  facet normal -0.857643 0.514246 0
    outer loop
      vertex -15.5358 28.2742 0
      vertex -15.3844 28.5267 3
      vertex -15.3844 28.5267 0
    endloop
  endfacet
  facet normal -0.857643 0.514246 0
    outer loop
      vertex -15.3844 28.5267 3
      vertex -15.5358 28.2742 0
      vertex -15.5358 28.2742 3
    endloop
  endfacet
  facet normal -0.998786 0.0492599 0
    outer loop
      vertex -15.89 26.86 0
      vertex -15.8755 27.154 3
      vertex -15.8755 27.154 0
    endloop
  endfacet
  facet normal -0.998786 0.0492599 0
    outer loop
      vertex -15.8755 27.154 3
      vertex -15.89 26.86 0
      vertex -15.89 26.86 3
    endloop
  endfacet
  facet normal 0.4274 0.904063 -0
    outer loop
      vertex 14.3042 29.5058 0
      vertex 14.0381 29.6316 3
      vertex 14.3042 29.5058 3
    endloop
  endfacet
  facet normal 0.4274 0.904063 0
    outer loop
      vertex 14.0381 29.6316 3
      vertex 14.3042 29.5058 0
      vertex 14.0381 29.6316 0
    endloop
  endfacet
  facet normal -0.146542 -0.989205 0
    outer loop
      vertex -8.78708 -21.8151 0
      vertex -8.68515 -21.8302 7
      vertex -8.78708 -21.8151 7
    endloop
  endfacet
  facet normal -0.146542 -0.989205 -0
    outer loop
      vertex -8.68515 -21.8302 7
      vertex -8.78708 -21.8151 0
      vertex -8.68515 -21.8302 0
    endloop
  endfacet
  facet normal -0.98917 -0.146774 0
    outer loop
      vertex -7.84506 -22.7571 0
      vertex -7.86018 -22.6552 7
      vertex -7.86018 -22.6552 0
    endloop
  endfacet
  facet normal -0.98917 -0.146774 0
    outer loop
      vertex -7.86018 -22.6552 7
      vertex -7.84506 -22.7571 0
      vertex -7.84506 -22.7571 7
    endloop
  endfacet
  facet normal -0.998793 -0.0491146 0
    outer loop
      vertex -7.84 -22.86 0
      vertex -7.84506 -22.7571 7
      vertex -7.84506 -22.7571 0
    endloop
  endfacet
  facet normal -0.998793 -0.0491146 0
    outer loop
      vertex -7.84506 -22.7571 7
      vertex -7.84 -22.86 0
      vertex -7.84 -22.86 7
    endloop
  endfacet
  facet normal -0.970074 -0.24281 0
    outer loop
      vertex -7.86018 -22.6552 0
      vertex -7.88521 -22.5552 7
      vertex -7.88521 -22.5552 0
    endloop
  endfacet
  facet normal -0.970074 -0.24281 0
    outer loop
      vertex -7.88521 -22.5552 7
      vertex -7.86018 -22.6552 0
      vertex -7.86018 -22.6552 7
    endloop
  endfacet
  facet normal -0.336767 0.941588 0
    outer loop
      vertex -8.48818 -23.8301 0
      vertex -8.5852 -23.8648 7
      vertex -8.48818 -23.8301 7
    endloop
  endfacet
  facet normal -0.336767 0.941588 0
    outer loop
      vertex -8.5852 -23.8648 7
      vertex -8.48818 -23.8301 0
      vertex -8.5852 -23.8648 0
    endloop
  endfacet
  facet normal -0.904103 0.427315 0
    outer loop
      vertex -7.96398 -23.355 0
      vertex -7.91993 -23.2618 7
      vertex -7.91993 -23.2618 0
    endloop
  endfacet
  facet normal -0.904103 0.427315 0
    outer loop
      vertex -7.91993 -23.2618 7
      vertex -7.96398 -23.355 0
      vertex -7.96398 -23.355 7
    endloop
  endfacet
  facet normal -0.671561 -0.740949 0
    outer loop
      vertex -8.22389 -22.0483 0
      vertex -8.14754 -22.1175 7
      vertex -8.22389 -22.0483 7
    endloop
  endfacet
  facet normal -0.671561 -0.740949 -0
    outer loop
      vertex -8.14754 -22.1175 7
      vertex -8.22389 -22.0483 0
      vertex -8.14754 -22.1175 0
    endloop
  endfacet
  facet normal 0.146556 0.989202 -0
    outer loop
      vertex -8.99292 -23.9049 0
      vertex -9.09484 -23.8898 7
      vertex -8.99292 -23.9049 7
    endloop
  endfacet
  facet normal 0.146556 0.989202 0
    outer loop
      vertex -9.09484 -23.8898 7
      vertex -8.99292 -23.9049 0
      vertex -9.09484 -23.8898 0
    endloop
  endfacet
  facet normal -0.941505 -0.337 0
    outer loop
      vertex -7.88521 -22.5552 0
      vertex -7.91993 -22.4582 7
      vertex -7.91993 -22.4582 0
    endloop
  endfacet
  facet normal -0.941505 -0.337 0
    outer loop
      vertex -7.91993 -22.4582 7
      vertex -7.88521 -22.5552 0
      vertex -7.88521 -22.5552 7
    endloop
  endfacet
  facet normal 0.0494923 -0.998775 0
    outer loop
      vertex -8.99292 -21.8151 0
      vertex -8.89 -21.81 7
      vertex -8.99292 -21.8151 7
    endloop
  endfacet
  facet normal 0.0494923 -0.998775 0
    outer loop
      vertex -8.89 -21.81 7
      vertex -8.99292 -21.8151 0
      vertex -8.89 -21.81 0
    endloop
  endfacet
  facet normal -0.802996 -0.595984 0
    outer loop
      vertex -8.01696 -22.2766 0
      vertex -8.07834 -22.1939 7
      vertex -8.07834 -22.1939 0
    endloop
  endfacet
  facet normal -0.802996 -0.595984 0
    outer loop
      vertex -8.07834 -22.1939 7
      vertex -8.01696 -22.2766 0
      vertex -8.01696 -22.2766 7
    endloop
  endfacet
  facet normal -0.0494923 0.998775 0
    outer loop
      vertex -8.78708 -23.9049 0
      vertex -8.89 -23.91 7
      vertex -8.78708 -23.9049 7
    endloop
  endfacet
  facet normal -0.0494923 0.998775 0
    outer loop
      vertex -8.89 -23.91 7
      vertex -8.78708 -23.9049 0
      vertex -8.89 -23.91 0
    endloop
  endfacet
  facet normal -0.0494923 -0.998775 0
    outer loop
      vertex -8.89 -21.81 0
      vertex -8.78708 -21.8151 7
      vertex -8.89 -21.81 7
    endloop
  endfacet
  facet normal -0.0494923 -0.998775 -0
    outer loop
      vertex -8.78708 -21.8151 7
      vertex -8.89 -21.81 0
      vertex -8.78708 -21.8151 0
    endloop
  endfacet
  facet normal -0.857493 0.514496 0
    outer loop
      vertex -8.01696 -23.4433 0
      vertex -7.96398 -23.355 7
      vertex -7.96398 -23.355 0
    endloop
  endfacet
  facet normal -0.857493 0.514496 0
    outer loop
      vertex -7.96398 -23.355 7
      vertex -8.01696 -23.4433 0
      vertex -8.01696 -23.4433 7
    endloop
  endfacet
  facet normal 0.595204 0.803574 -0
    outer loop
      vertex -9.47335 -23.733 0
      vertex -9.55611 -23.6717 7
      vertex -9.47335 -23.733 7
    endloop
  endfacet
  facet normal 0.595204 0.803574 0
    outer loop
      vertex -9.55611 -23.6717 7
      vertex -9.47335 -23.733 0
      vertex -9.55611 -23.6717 0
    endloop
  endfacet
  facet normal 0.85775 -0.514068 0
    outer loop
      vertex -9.81602 -22.365 7
      vertex -9.76304 -22.2766 0
      vertex -9.76304 -22.2766 7
    endloop
  endfacet
  facet normal 0.85775 -0.514068 0
    outer loop
      vertex -9.76304 -22.2766 0
      vertex -9.81602 -22.365 7
      vertex -9.81602 -22.365 0
    endloop
  endfacet
  facet normal 0.242627 0.97012 -0
    outer loop
      vertex -9.09484 -23.8898 0
      vertex -9.1948 -23.8648 7
      vertex -9.09484 -23.8898 7
    endloop
  endfacet
  facet normal 0.242627 0.97012 0
    outer loop
      vertex -9.1948 -23.8648 7
      vertex -9.09484 -23.8898 0
      vertex -9.1948 -23.8648 0
    endloop
  endfacet
  facet normal -0.85775 -0.514068 0
    outer loop
      vertex -7.96398 -22.365 0
      vertex -8.01696 -22.2766 7
      vertex -8.01696 -22.2766 0
    endloop
  endfacet
  facet normal -0.85775 -0.514068 0
    outer loop
      vertex -8.01696 -22.2766 7
      vertex -7.96398 -22.365 0
      vertex -7.96398 -22.365 7
    endloop
  endfacet
  facet normal 0.998793 0.0491146 0
    outer loop
      vertex -9.93494 -22.9629 7
      vertex -9.94 -22.86 0
      vertex -9.94 -22.86 7
    endloop
  endfacet
  facet normal 0.998793 0.0491146 0
    outer loop
      vertex -9.94 -22.86 0
      vertex -9.93494 -22.9629 7
      vertex -9.93494 -22.9629 0
    endloop
  endfacet
  facet normal -0.904103 -0.427315 0
    outer loop
      vertex -7.91993 -22.4582 0
      vertex -7.96398 -22.365 7
      vertex -7.96398 -22.365 0
    endloop
  endfacet
  facet normal -0.904103 -0.427315 0
    outer loop
      vertex -7.96398 -22.365 7
      vertex -7.91993 -22.4582 0
      vertex -7.91993 -22.4582 7
    endloop
  endfacet
  facet normal -0.970074 0.24281 0
    outer loop
      vertex -7.88521 -23.1648 0
      vertex -7.86018 -23.0648 7
      vertex -7.86018 -23.0648 0
    endloop
  endfacet
  facet normal -0.970074 0.24281 0
    outer loop
      vertex -7.86018 -23.0648 7
      vertex -7.88521 -23.1648 0
      vertex -7.88521 -23.1648 7
    endloop
  endfacet
  facet normal 0.970074 -0.24281 0
    outer loop
      vertex -9.91982 -22.6552 7
      vertex -9.89479 -22.5552 0
      vertex -9.89479 -22.5552 7
    endloop
  endfacet
  facet normal 0.970074 -0.24281 0
    outer loop
      vertex -9.89479 -22.5552 0
      vertex -9.91982 -22.6552 7
      vertex -9.91982 -22.6552 0
    endloop
  endfacet
  facet normal 0.427899 0.903827 -0
    outer loop
      vertex -9.29182 -23.8301 0
      vertex -9.38497 -23.786 7
      vertex -9.29182 -23.8301 7
    endloop
  endfacet
  facet normal 0.427899 0.903827 0
    outer loop
      vertex -9.38497 -23.786 7
      vertex -9.29182 -23.8301 0
      vertex -9.38497 -23.786 0
    endloop
  endfacet
  facet normal 0.970074 0.24281 0
    outer loop
      vertex -9.89479 -23.1648 7
      vertex -9.91982 -23.0648 0
      vertex -9.91982 -23.0648 7
    endloop
  endfacet
  facet normal 0.970074 0.24281 0
    outer loop
      vertex -9.91982 -23.0648 0
      vertex -9.89479 -23.1648 7
      vertex -9.89479 -23.1648 0
    endloop
  endfacet
  facet normal -0.336767 -0.941588 0
    outer loop
      vertex -8.5852 -21.8552 0
      vertex -8.48818 -21.8899 7
      vertex -8.5852 -21.8552 7
    endloop
  endfacet
  facet normal -0.336767 -0.941588 -0
    outer loop
      vertex -8.48818 -21.8899 7
      vertex -8.5852 -21.8552 0
      vertex -8.48818 -21.8899 0
    endloop
  endfacet
  facet normal -0.98917 0.146774 0
    outer loop
      vertex -7.86018 -23.0648 0
      vertex -7.84506 -22.9629 7
      vertex -7.84506 -22.9629 0
    endloop
  endfacet
  facet normal -0.98917 0.146774 0
    outer loop
      vertex -7.84506 -22.9629 7
      vertex -7.86018 -23.0648 0
      vertex -7.86018 -23.0648 7
    endloop
  endfacet
  facet normal 0.146556 -0.989202 0
    outer loop
      vertex -9.09484 -21.8302 0
      vertex -8.99292 -21.8151 7
      vertex -9.09484 -21.8302 7
    endloop
  endfacet
  facet normal 0.146556 -0.989202 0
    outer loop
      vertex -8.99292 -21.8151 7
      vertex -9.09484 -21.8302 0
      vertex -8.99292 -21.8151 0
    endloop
  endfacet
  facet normal -0.427899 0.903827 0
    outer loop
      vertex -8.39503 -23.786 0
      vertex -8.48818 -23.8301 7
      vertex -8.39503 -23.786 7
    endloop
  endfacet
  facet normal -0.427899 0.903827 0
    outer loop
      vertex -8.48818 -23.8301 7
      vertex -8.39503 -23.786 0
      vertex -8.48818 -23.8301 0
    endloop
  endfacet
  facet normal 0.671561 -0.740949 0
    outer loop
      vertex -9.63246 -22.1175 0
      vertex -9.55611 -22.0483 7
      vertex -9.63246 -22.1175 7
    endloop
  endfacet
  facet normal 0.671561 -0.740949 0
    outer loop
      vertex -9.55611 -22.0483 7
      vertex -9.63246 -22.1175 0
      vertex -9.55611 -22.0483 0
    endloop
  endfacet
  facet normal 0.595204 -0.803574 0
    outer loop
      vertex -9.55611 -22.0483 0
      vertex -9.47335 -21.987 7
      vertex -9.55611 -22.0483 7
    endloop
  endfacet
  facet normal 0.595204 -0.803574 0
    outer loop
      vertex -9.47335 -21.987 7
      vertex -9.55611 -22.0483 0
      vertex -9.47335 -21.987 0
    endloop
  endfacet
  facet normal -0.24265 -0.970114 0
    outer loop
      vertex -8.68515 -21.8302 0
      vertex -8.5852 -21.8552 7
      vertex -8.68515 -21.8302 7
    endloop
  endfacet
  facet normal -0.24265 -0.970114 -0
    outer loop
      vertex -8.5852 -21.8552 7
      vertex -8.68515 -21.8302 0
      vertex -8.5852 -21.8552 0
    endloop
  endfacet
  facet normal 0.741168 -0.67132 0
    outer loop
      vertex -9.70166 -22.1939 7
      vertex -9.63246 -22.1175 0
      vertex -9.63246 -22.1175 7
    endloop
  endfacet
  facet normal 0.741168 -0.67132 0
    outer loop
      vertex -9.63246 -22.1175 0
      vertex -9.70166 -22.1939 7
      vertex -9.70166 -22.1939 0
    endloop
  endfacet
  facet normal -0.998793 0.0491146 0
    outer loop
      vertex -7.84506 -22.9629 0
      vertex -7.84 -22.86 7
      vertex -7.84 -22.86 0
    endloop
  endfacet
  facet normal -0.998793 0.0491146 0
    outer loop
      vertex -7.84 -22.86 7
      vertex -7.84506 -22.9629 0
      vertex -7.84506 -22.9629 7
    endloop
  endfacet
  facet normal 0.427899 -0.903827 0
    outer loop
      vertex -9.38497 -21.934 0
      vertex -9.29182 -21.8899 7
      vertex -9.38497 -21.934 7
    endloop
  endfacet
  facet normal 0.427899 -0.903827 0
    outer loop
      vertex -9.29182 -21.8899 7
      vertex -9.38497 -21.934 0
      vertex -9.29182 -21.8899 0
    endloop
  endfacet
  facet normal 0.941505 0.337 0
    outer loop
      vertex -9.86007 -23.2618 7
      vertex -9.89479 -23.1648 0
      vertex -9.89479 -23.1648 7
    endloop
  endfacet
  facet normal 0.941505 0.337 0
    outer loop
      vertex -9.89479 -23.1648 0
      vertex -9.86007 -23.2618 7
      vertex -9.86007 -23.2618 0
    endloop
  endfacet
  facet normal -0.514296 -0.857613 0
    outer loop
      vertex -8.39503 -21.934 0
      vertex -8.30665 -21.987 7
      vertex -8.39503 -21.934 7
    endloop
  endfacet
  facet normal -0.514296 -0.857613 -0
    outer loop
      vertex -8.30665 -21.987 7
      vertex -8.39503 -21.934 0
      vertex -8.30665 -21.987 0
    endloop
  endfacet
  facet normal -0.595204 -0.803574 0
    outer loop
      vertex -8.30665 -21.987 0
      vertex -8.22389 -22.0483 7
      vertex -8.30665 -21.987 7
    endloop
  endfacet
  facet normal -0.595204 -0.803574 -0
    outer loop
      vertex -8.22389 -22.0483 7
      vertex -8.30665 -21.987 0
      vertex -8.22389 -22.0483 0
    endloop
  endfacet
  facet normal -0.146542 0.989205 0
    outer loop
      vertex -8.68515 -23.8898 0
      vertex -8.78708 -23.9049 7
      vertex -8.68515 -23.8898 7
    endloop
  endfacet
  facet normal -0.146542 0.989205 0
    outer loop
      vertex -8.78708 -23.9049 7
      vertex -8.68515 -23.8898 0
      vertex -8.78708 -23.9049 0
    endloop
  endfacet
  facet normal -0.741168 0.67132 0
    outer loop
      vertex -8.14754 -23.6025 0
      vertex -8.07834 -23.5261 7
      vertex -8.07834 -23.5261 0
    endloop
  endfacet
  facet normal -0.741168 0.67132 0
    outer loop
      vertex -8.07834 -23.5261 7
      vertex -8.14754 -23.6025 0
      vertex -8.14754 -23.6025 7
    endloop
  endfacet
  facet normal -0.803341 0.59552 0
    outer loop
      vertex -8.07834 -23.5261 0
      vertex -8.01696 -23.4433 7
      vertex -8.01696 -23.4433 0
    endloop
  endfacet
  facet normal -0.803341 0.59552 0
    outer loop
      vertex -8.01696 -23.4433 7
      vertex -8.07834 -23.5261 0
      vertex -8.07834 -23.5261 7
    endloop
  endfacet
  facet normal -0.24265 0.970114 0
    outer loop
      vertex -8.5852 -23.8648 0
      vertex -8.68515 -23.8898 7
      vertex -8.5852 -23.8648 7
    endloop
  endfacet
  facet normal -0.24265 0.970114 0
    outer loop
      vertex -8.68515 -23.8898 7
      vertex -8.5852 -23.8648 0
      vertex -8.68515 -23.8898 0
    endloop
  endfacet
  facet normal -0.941505 0.337 0
    outer loop
      vertex -7.91993 -23.2618 0
      vertex -7.88521 -23.1648 7
      vertex -7.88521 -23.1648 0
    endloop
  endfacet
  facet normal -0.941505 0.337 0
    outer loop
      vertex -7.88521 -23.1648 7
      vertex -7.91993 -23.2618 0
      vertex -7.91993 -23.2618 7
    endloop
  endfacet
  facet normal 0.242627 -0.97012 0
    outer loop
      vertex -9.1948 -21.8552 0
      vertex -9.09484 -21.8302 7
      vertex -9.1948 -21.8552 7
    endloop
  endfacet
  facet normal 0.242627 -0.97012 0
    outer loop
      vertex -9.09484 -21.8302 7
      vertex -9.1948 -21.8552 0
      vertex -9.09484 -21.8302 0
    endloop
  endfacet
  facet normal 0.904103 0.427315 0
    outer loop
      vertex -9.81602 -23.355 7
      vertex -9.86007 -23.2618 0
      vertex -9.86007 -23.2618 7
    endloop
  endfacet
  facet normal 0.904103 0.427315 0
    outer loop
      vertex -9.86007 -23.2618 0
      vertex -9.81602 -23.355 7
      vertex -9.81602 -23.355 0
    endloop
  endfacet
  facet normal 0.98917 -0.146774 0
    outer loop
      vertex -9.93494 -22.7571 7
      vertex -9.91982 -22.6552 0
      vertex -9.91982 -22.6552 7
    endloop
  endfacet
  facet normal 0.98917 -0.146774 0
    outer loop
      vertex -9.91982 -22.6552 0
      vertex -9.93494 -22.7571 7
      vertex -9.93494 -22.7571 0
    endloop
  endfacet
  facet normal -0.427899 -0.903827 0
    outer loop
      vertex -8.48818 -21.8899 0
      vertex -8.39503 -21.934 7
      vertex -8.48818 -21.8899 7
    endloop
  endfacet
  facet normal -0.427899 -0.903827 -0
    outer loop
      vertex -8.39503 -21.934 7
      vertex -8.48818 -21.8899 0
      vertex -8.39503 -21.934 0
    endloop
  endfacet
  facet normal 0.741168 0.67132 0
    outer loop
      vertex -9.63246 -23.6025 7
      vertex -9.70166 -23.5261 0
      vertex -9.70166 -23.5261 7
    endloop
  endfacet
  facet normal 0.741168 0.67132 0
    outer loop
      vertex -9.70166 -23.5261 0
      vertex -9.63246 -23.6025 7
      vertex -9.63246 -23.6025 0
    endloop
  endfacet
  facet normal 0.857493 0.514496 0
    outer loop
      vertex -9.76304 -23.4433 7
      vertex -9.81602 -23.355 0
      vertex -9.81602 -23.355 7
    endloop
  endfacet
  facet normal 0.857493 0.514496 0
    outer loop
      vertex -9.81602 -23.355 0
      vertex -9.76304 -23.4433 7
      vertex -9.76304 -23.4433 0
    endloop
  endfacet
  facet normal 0.336767 -0.941588 0
    outer loop
      vertex -9.29182 -21.8899 0
      vertex -9.1948 -21.8552 7
      vertex -9.29182 -21.8899 7
    endloop
  endfacet
  facet normal 0.336767 -0.941588 0
    outer loop
      vertex -9.1948 -21.8552 7
      vertex -9.29182 -21.8899 0
      vertex -9.1948 -21.8552 0
    endloop
  endfacet
  facet normal 0.514296 0.857613 -0
    outer loop
      vertex -9.38497 -23.786 0
      vertex -9.47335 -23.733 7
      vertex -9.38497 -23.786 7
    endloop
  endfacet
  facet normal 0.514296 0.857613 0
    outer loop
      vertex -9.47335 -23.733 7
      vertex -9.38497 -23.786 0
      vertex -9.47335 -23.733 0
    endloop
  endfacet
  facet normal 0.941505 -0.337 0
    outer loop
      vertex -9.89479 -22.5552 7
      vertex -9.86007 -22.4582 0
      vertex -9.86007 -22.4582 7
    endloop
  endfacet
  facet normal 0.941505 -0.337 0
    outer loop
      vertex -9.86007 -22.4582 0
      vertex -9.89479 -22.5552 7
      vertex -9.89479 -22.5552 0
    endloop
  endfacet
  facet normal -0.595204 0.803574 0
    outer loop
      vertex -8.22389 -23.6717 0
      vertex -8.30665 -23.733 7
      vertex -8.22389 -23.6717 7
    endloop
  endfacet
  facet normal -0.595204 0.803574 0
    outer loop
      vertex -8.30665 -23.733 7
      vertex -8.22389 -23.6717 0
      vertex -8.30665 -23.733 0
    endloop
  endfacet
  facet normal -0.741168 -0.67132 0
    outer loop
      vertex -8.07834 -22.1939 0
      vertex -8.14754 -22.1175 7
      vertex -8.14754 -22.1175 0
    endloop
  endfacet
  facet normal -0.741168 -0.67132 0
    outer loop
      vertex -8.14754 -22.1175 7
      vertex -8.07834 -22.1939 0
      vertex -8.07834 -22.1939 7
    endloop
  endfacet
  facet normal 0.803341 0.59552 0
    outer loop
      vertex -9.70166 -23.5261 7
      vertex -9.76304 -23.4433 0
      vertex -9.76304 -23.4433 7
    endloop
  endfacet
  facet normal 0.803341 0.59552 0
    outer loop
      vertex -9.76304 -23.4433 0
      vertex -9.70166 -23.5261 7
      vertex -9.70166 -23.5261 0
    endloop
  endfacet
  facet normal 0.514296 -0.857613 0
    outer loop
      vertex -9.47335 -21.987 0
      vertex -9.38497 -21.934 7
      vertex -9.47335 -21.987 7
    endloop
  endfacet
  facet normal 0.514296 -0.857613 0
    outer loop
      vertex -9.38497 -21.934 7
      vertex -9.47335 -21.987 0
      vertex -9.38497 -21.934 0
    endloop
  endfacet
  facet normal 0.98917 0.146774 0
    outer loop
      vertex -9.91982 -23.0648 7
      vertex -9.93494 -22.9629 0
      vertex -9.93494 -22.9629 7
    endloop
  endfacet
  facet normal 0.98917 0.146774 0
    outer loop
      vertex -9.93494 -22.9629 0
      vertex -9.91982 -23.0648 7
      vertex -9.91982 -23.0648 0
    endloop
  endfacet
  facet normal 0.904103 -0.427315 0
    outer loop
      vertex -9.86007 -22.4582 7
      vertex -9.81602 -22.365 0
      vertex -9.81602 -22.365 7
    endloop
  endfacet
  facet normal 0.904103 -0.427315 0
    outer loop
      vertex -9.81602 -22.365 0
      vertex -9.86007 -22.4582 7
      vertex -9.86007 -22.4582 0
    endloop
  endfacet
  facet normal -0.514296 0.857613 0
    outer loop
      vertex -8.30665 -23.733 0
      vertex -8.39503 -23.786 7
      vertex -8.30665 -23.733 7
    endloop
  endfacet
  facet normal -0.514296 0.857613 0
    outer loop
      vertex -8.39503 -23.786 7
      vertex -8.30665 -23.733 0
      vertex -8.39503 -23.786 0
    endloop
  endfacet
  facet normal 0.671561 0.740949 -0
    outer loop
      vertex -9.55611 -23.6717 0
      vertex -9.63246 -23.6025 7
      vertex -9.55611 -23.6717 7
    endloop
  endfacet
  facet normal 0.671561 0.740949 0
    outer loop
      vertex -9.63246 -23.6025 7
      vertex -9.55611 -23.6717 0
      vertex -9.63246 -23.6025 0
    endloop
  endfacet
  facet normal 0.802996 -0.595984 0
    outer loop
      vertex -9.76304 -22.2766 7
      vertex -9.70166 -22.1939 0
      vertex -9.70166 -22.1939 7
    endloop
  endfacet
  facet normal 0.802996 -0.595984 0
    outer loop
      vertex -9.70166 -22.1939 0
      vertex -9.76304 -22.2766 7
      vertex -9.76304 -22.2766 0
    endloop
  endfacet
  facet normal 0.0494923 0.998775 -0
    outer loop
      vertex -8.89 -23.91 0
      vertex -8.99292 -23.9049 7
      vertex -8.89 -23.91 7
    endloop
  endfacet
  facet normal 0.0494923 0.998775 0
    outer loop
      vertex -8.99292 -23.9049 7
      vertex -8.89 -23.91 0
      vertex -8.99292 -23.9049 0
    endloop
  endfacet
  facet normal 0.998793 -0.0491146 0
    outer loop
      vertex -9.94 -22.86 7
      vertex -9.93494 -22.7571 0
      vertex -9.93494 -22.7571 7
    endloop
  endfacet
  facet normal 0.998793 -0.0491146 0
    outer loop
      vertex -9.93494 -22.7571 0
      vertex -9.94 -22.86 7
      vertex -9.94 -22.86 0
    endloop
  endfacet
  facet normal 0.336767 0.941588 -0
    outer loop
      vertex -9.1948 -23.8648 0
      vertex -9.29182 -23.8301 7
      vertex -9.1948 -23.8648 7
    endloop
  endfacet
  facet normal 0.336767 0.941588 0
    outer loop
      vertex -9.29182 -23.8301 7
      vertex -9.1948 -23.8648 0
      vertex -9.29182 -23.8301 0
    endloop
  endfacet
  facet normal -0.671561 0.740949 0
    outer loop
      vertex -8.14754 -23.6025 0
      vertex -8.22389 -23.6717 7
      vertex -8.14754 -23.6025 7
    endloop
  endfacet
  facet normal -0.671561 0.740949 0
    outer loop
      vertex -8.22389 -23.6717 7
      vertex -8.14754 -23.6025 0
      vertex -8.22389 -23.6717 0
    endloop
  endfacet
  facet normal -0.146542 -0.989205 0
    outer loop
      vertex -8.78708 23.9049 0
      vertex -8.68515 23.8898 7
      vertex -8.78708 23.9049 7
    endloop
  endfacet
  facet normal -0.146542 -0.989205 -0
    outer loop
      vertex -8.68515 23.8898 7
      vertex -8.78708 23.9049 0
      vertex -8.68515 23.8898 0
    endloop
  endfacet
  facet normal -0.98917 -0.146774 0
    outer loop
      vertex -7.84506 22.9629 0
      vertex -7.86018 23.0648 7
      vertex -7.86018 23.0648 0
    endloop
  endfacet
  facet normal -0.98917 -0.146774 0
    outer loop
      vertex -7.86018 23.0648 7
      vertex -7.84506 22.9629 0
      vertex -7.84506 22.9629 7
    endloop
  endfacet
  facet normal -0.998793 -0.0491146 0
    outer loop
      vertex -7.84 22.86 0
      vertex -7.84506 22.9629 7
      vertex -7.84506 22.9629 0
    endloop
  endfacet
  facet normal -0.998793 -0.0491146 0
    outer loop
      vertex -7.84506 22.9629 7
      vertex -7.84 22.86 0
      vertex -7.84 22.86 7
    endloop
  endfacet
  facet normal -0.970074 -0.24281 0
    outer loop
      vertex -7.86018 23.0648 0
      vertex -7.88521 23.1648 7
      vertex -7.88521 23.1648 0
    endloop
  endfacet
  facet normal -0.970074 -0.24281 0
    outer loop
      vertex -7.88521 23.1648 7
      vertex -7.86018 23.0648 0
      vertex -7.86018 23.0648 7
    endloop
  endfacet
  facet normal -0.336767 0.941588 0
    outer loop
      vertex -8.48818 21.8899 0
      vertex -8.5852 21.8552 7
      vertex -8.48818 21.8899 7
    endloop
  endfacet
  facet normal -0.336767 0.941588 0
    outer loop
      vertex -8.5852 21.8552 7
      vertex -8.48818 21.8899 0
      vertex -8.5852 21.8552 0
    endloop
  endfacet
  facet normal -0.904103 0.427315 0
    outer loop
      vertex -7.96398 22.365 0
      vertex -7.91993 22.4582 7
      vertex -7.91993 22.4582 0
    endloop
  endfacet
  facet normal -0.904103 0.427315 0
    outer loop
      vertex -7.91993 22.4582 7
      vertex -7.96398 22.365 0
      vertex -7.96398 22.365 7
    endloop
  endfacet
  facet normal -0.671561 -0.740949 0
    outer loop
      vertex -8.22389 23.6717 0
      vertex -8.14754 23.6025 7
      vertex -8.22389 23.6717 7
    endloop
  endfacet
  facet normal -0.671561 -0.740949 -0
    outer loop
      vertex -8.14754 23.6025 7
      vertex -8.22389 23.6717 0
      vertex -8.14754 23.6025 0
    endloop
  endfacet
  facet normal 0.741168 -0.67132 0
    outer loop
      vertex -9.70166 23.5261 7
      vertex -9.63246 23.6025 0
      vertex -9.63246 23.6025 7
    endloop
  endfacet
  facet normal 0.741168 -0.67132 0
    outer loop
      vertex -9.63246 23.6025 0
      vertex -9.70166 23.5261 7
      vertex -9.70166 23.5261 0
    endloop
  endfacet
  facet normal 0.146556 0.989202 -0
    outer loop
      vertex -8.99292 21.8151 0
      vertex -9.09484 21.8302 7
      vertex -8.99292 21.8151 7
    endloop
  endfacet
  facet normal 0.146556 0.989202 0
    outer loop
      vertex -9.09484 21.8302 7
      vertex -8.99292 21.8151 0
      vertex -9.09484 21.8302 0
    endloop
  endfacet
  facet normal -0.941505 -0.337 0
    outer loop
      vertex -7.88521 23.1648 0
      vertex -7.91993 23.2618 7
      vertex -7.91993 23.2618 0
    endloop
  endfacet
  facet normal -0.941505 -0.337 0
    outer loop
      vertex -7.91993 23.2618 7
      vertex -7.88521 23.1648 0
      vertex -7.88521 23.1648 7
    endloop
  endfacet
  facet normal 0.0494923 -0.998775 0
    outer loop
      vertex -8.99292 23.9049 0
      vertex -8.89 23.91 7
      vertex -8.99292 23.9049 7
    endloop
  endfacet
  facet normal 0.0494923 -0.998775 0
    outer loop
      vertex -8.89 23.91 7
      vertex -8.99292 23.9049 0
      vertex -8.89 23.91 0
    endloop
  endfacet
  facet normal -0.803341 -0.59552 0
    outer loop
      vertex -8.01696 23.4433 0
      vertex -8.07834 23.5261 7
      vertex -8.07834 23.5261 0
    endloop
  endfacet
  facet normal -0.803341 -0.59552 0
    outer loop
      vertex -8.07834 23.5261 7
      vertex -8.01696 23.4433 0
      vertex -8.01696 23.4433 7
    endloop
  endfacet
  facet normal -0.0494923 0.998775 0
    outer loop
      vertex -8.78708 21.8151 0
      vertex -8.89 21.81 7
      vertex -8.78708 21.8151 7
    endloop
  endfacet
  facet normal -0.0494923 0.998775 0
    outer loop
      vertex -8.89 21.81 7
      vertex -8.78708 21.8151 0
      vertex -8.89 21.81 0
    endloop
  endfacet
  facet normal -0.0494923 -0.998775 0
    outer loop
      vertex -8.89 23.91 0
      vertex -8.78708 23.9049 7
      vertex -8.89 23.91 7
    endloop
  endfacet
  facet normal -0.0494923 -0.998775 -0
    outer loop
      vertex -8.78708 23.9049 7
      vertex -8.89 23.91 0
      vertex -8.78708 23.9049 0
    endloop
  endfacet
  facet normal -0.85775 0.514068 0
    outer loop
      vertex -8.01696 22.2766 0
      vertex -7.96398 22.365 7
      vertex -7.96398 22.365 0
    endloop
  endfacet
  facet normal -0.85775 0.514068 0
    outer loop
      vertex -7.96398 22.365 7
      vertex -8.01696 22.2766 0
      vertex -8.01696 22.2766 7
    endloop
  endfacet
  facet normal 0.595204 0.803574 -0
    outer loop
      vertex -9.47335 21.987 0
      vertex -9.55611 22.0483 7
      vertex -9.47335 21.987 7
    endloop
  endfacet
  facet normal 0.595204 0.803574 0
    outer loop
      vertex -9.55611 22.0483 7
      vertex -9.47335 21.987 0
      vertex -9.55611 22.0483 0
    endloop
  endfacet
  facet normal 0.857493 -0.514496 0
    outer loop
      vertex -9.81602 23.355 7
      vertex -9.76304 23.4433 0
      vertex -9.76304 23.4433 7
    endloop
  endfacet
  facet normal 0.857493 -0.514496 0
    outer loop
      vertex -9.76304 23.4433 0
      vertex -9.81602 23.355 7
      vertex -9.81602 23.355 0
    endloop
  endfacet
  facet normal 0.242627 0.97012 -0
    outer loop
      vertex -9.09484 21.8302 0
      vertex -9.1948 21.8552 7
      vertex -9.09484 21.8302 7
    endloop
  endfacet
  facet normal 0.242627 0.97012 0
    outer loop
      vertex -9.1948 21.8552 7
      vertex -9.09484 21.8302 0
      vertex -9.1948 21.8552 0
    endloop
  endfacet
  facet normal -0.514296 0.857613 0
    outer loop
      vertex -8.30665 21.987 0
      vertex -8.39503 21.934 7
      vertex -8.30665 21.987 7
    endloop
  endfacet
  facet normal -0.514296 0.857613 0
    outer loop
      vertex -8.39503 21.934 7
      vertex -8.30665 21.987 0
      vertex -8.39503 21.934 0
    endloop
  endfacet
  facet normal -0.857493 -0.514496 0
    outer loop
      vertex -7.96398 23.355 0
      vertex -8.01696 23.4433 7
      vertex -8.01696 23.4433 0
    endloop
  endfacet
  facet normal -0.857493 -0.514496 0
    outer loop
      vertex -8.01696 23.4433 7
      vertex -7.96398 23.355 0
      vertex -7.96398 23.355 7
    endloop
  endfacet
  facet normal 0.998793 0.0491146 0
    outer loop
      vertex -9.93494 22.7571 7
      vertex -9.94 22.86 0
      vertex -9.94 22.86 7
    endloop
  endfacet
  facet normal 0.998793 0.0491146 0
    outer loop
      vertex -9.94 22.86 0
      vertex -9.93494 22.7571 7
      vertex -9.93494 22.7571 0
    endloop
  endfacet
  facet normal -0.904103 -0.427315 0
    outer loop
      vertex -7.91993 23.2618 0
      vertex -7.96398 23.355 7
      vertex -7.96398 23.355 0
    endloop
  endfacet
  facet normal -0.904103 -0.427315 0
    outer loop
      vertex -7.96398 23.355 7
      vertex -7.91993 23.2618 0
      vertex -7.91993 23.2618 7
    endloop
  endfacet
  facet normal -0.970074 0.24281 0
    outer loop
      vertex -7.88521 22.5552 0
      vertex -7.86018 22.6552 7
      vertex -7.86018 22.6552 0
    endloop
  endfacet
  facet normal -0.970074 0.24281 0
    outer loop
      vertex -7.86018 22.6552 7
      vertex -7.88521 22.5552 0
      vertex -7.88521 22.5552 7
    endloop
  endfacet
  facet normal 0.970074 -0.24281 0
    outer loop
      vertex -9.91982 23.0648 7
      vertex -9.89479 23.1648 0
      vertex -9.89479 23.1648 7
    endloop
  endfacet
  facet normal 0.970074 -0.24281 0
    outer loop
      vertex -9.89479 23.1648 0
      vertex -9.91982 23.0648 7
      vertex -9.91982 23.0648 0
    endloop
  endfacet
  facet normal 0.427899 0.903827 -0
    outer loop
      vertex -9.29182 21.8899 0
      vertex -9.38497 21.934 7
      vertex -9.29182 21.8899 7
    endloop
  endfacet
  facet normal 0.427899 0.903827 0
    outer loop
      vertex -9.38497 21.934 7
      vertex -9.29182 21.8899 0
      vertex -9.38497 21.934 0
    endloop
  endfacet
  facet normal 0.970074 0.24281 0
    outer loop
      vertex -9.89479 22.5552 7
      vertex -9.91982 22.6552 0
      vertex -9.91982 22.6552 7
    endloop
  endfacet
  facet normal 0.970074 0.24281 0
    outer loop
      vertex -9.91982 22.6552 0
      vertex -9.89479 22.5552 7
      vertex -9.89479 22.5552 0
    endloop
  endfacet
  facet normal -0.336767 -0.941588 0
    outer loop
      vertex -8.5852 23.8648 0
      vertex -8.48818 23.8301 7
      vertex -8.5852 23.8648 7
    endloop
  endfacet
  facet normal -0.336767 -0.941588 -0
    outer loop
      vertex -8.48818 23.8301 7
      vertex -8.5852 23.8648 0
      vertex -8.48818 23.8301 0
    endloop
  endfacet
  facet normal -0.98917 0.146774 0
    outer loop
      vertex -7.86018 22.6552 0
      vertex -7.84506 22.7571 7
      vertex -7.84506 22.7571 0
    endloop
  endfacet
  facet normal -0.98917 0.146774 0
    outer loop
      vertex -7.84506 22.7571 7
      vertex -7.86018 22.6552 0
      vertex -7.86018 22.6552 7
    endloop
  endfacet
  facet normal 0.146556 -0.989202 0
    outer loop
      vertex -9.09484 23.8898 0
      vertex -8.99292 23.9049 7
      vertex -9.09484 23.8898 7
    endloop
  endfacet
  facet normal 0.146556 -0.989202 0
    outer loop
      vertex -8.99292 23.9049 7
      vertex -9.09484 23.8898 0
      vertex -8.99292 23.9049 0
    endloop
  endfacet
  facet normal -0.427899 0.903827 0
    outer loop
      vertex -8.39503 21.934 0
      vertex -8.48818 21.8899 7
      vertex -8.39503 21.934 7
    endloop
  endfacet
  facet normal -0.427899 0.903827 0
    outer loop
      vertex -8.48818 21.8899 7
      vertex -8.39503 21.934 0
      vertex -8.48818 21.8899 0
    endloop
  endfacet
  facet normal 0.671561 -0.740949 0
    outer loop
      vertex -9.63246 23.6025 0
      vertex -9.55611 23.6717 7
      vertex -9.63246 23.6025 7
    endloop
  endfacet
  facet normal 0.671561 -0.740949 0
    outer loop
      vertex -9.55611 23.6717 7
      vertex -9.63246 23.6025 0
      vertex -9.55611 23.6717 0
    endloop
  endfacet
  facet normal 0.595204 -0.803574 0
    outer loop
      vertex -9.55611 23.6717 0
      vertex -9.47335 23.733 7
      vertex -9.55611 23.6717 7
    endloop
  endfacet
  facet normal 0.595204 -0.803574 0
    outer loop
      vertex -9.47335 23.733 7
      vertex -9.55611 23.6717 0
      vertex -9.47335 23.733 0
    endloop
  endfacet
  facet normal -0.24265 -0.970114 0
    outer loop
      vertex -8.68515 23.8898 0
      vertex -8.5852 23.8648 7
      vertex -8.68515 23.8898 7
    endloop
  endfacet
  facet normal -0.24265 -0.970114 -0
    outer loop
      vertex -8.5852 23.8648 7
      vertex -8.68515 23.8898 0
      vertex -8.5852 23.8648 0
    endloop
  endfacet
  facet normal -0.998793 0.0491146 0
    outer loop
      vertex -7.84506 22.7571 0
      vertex -7.84 22.86 7
      vertex -7.84 22.86 0
    endloop
  endfacet
  facet normal -0.998793 0.0491146 0
    outer loop
      vertex -7.84 22.86 7
      vertex -7.84506 22.7571 0
      vertex -7.84506 22.7571 7
    endloop
  endfacet
  facet normal 0.427899 -0.903827 0
    outer loop
      vertex -9.38497 23.786 0
      vertex -9.29182 23.8301 7
      vertex -9.38497 23.786 7
    endloop
  endfacet
  facet normal 0.427899 -0.903827 0
    outer loop
      vertex -9.29182 23.8301 7
      vertex -9.38497 23.786 0
      vertex -9.29182 23.8301 0
    endloop
  endfacet
  facet normal 0.941505 0.337 0
    outer loop
      vertex -9.86007 22.4582 7
      vertex -9.89479 22.5552 0
      vertex -9.89479 22.5552 7
    endloop
  endfacet
  facet normal 0.941505 0.337 0
    outer loop
      vertex -9.89479 22.5552 0
      vertex -9.86007 22.4582 7
      vertex -9.86007 22.4582 0
    endloop
  endfacet
  facet normal -0.514296 -0.857613 0
    outer loop
      vertex -8.39503 23.786 0
      vertex -8.30665 23.733 7
      vertex -8.39503 23.786 7
    endloop
  endfacet
  facet normal -0.514296 -0.857613 -0
    outer loop
      vertex -8.30665 23.733 7
      vertex -8.39503 23.786 0
      vertex -8.30665 23.733 0
    endloop
  endfacet
  facet normal -0.595204 -0.803574 0
    outer loop
      vertex -8.30665 23.733 0
      vertex -8.22389 23.6717 7
      vertex -8.30665 23.733 7
    endloop
  endfacet
  facet normal -0.595204 -0.803574 -0
    outer loop
      vertex -8.22389 23.6717 7
      vertex -8.30665 23.733 0
      vertex -8.22389 23.6717 0
    endloop
  endfacet
  facet normal -0.146542 0.989205 0
    outer loop
      vertex -8.68515 21.8302 0
      vertex -8.78708 21.8151 7
      vertex -8.68515 21.8302 7
    endloop
  endfacet
  facet normal -0.146542 0.989205 0
    outer loop
      vertex -8.78708 21.8151 7
      vertex -8.68515 21.8302 0
      vertex -8.78708 21.8151 0
    endloop
  endfacet
  facet normal -0.741168 0.67132 0
    outer loop
      vertex -8.14754 22.1175 0
      vertex -8.07834 22.1939 7
      vertex -8.07834 22.1939 0
    endloop
  endfacet
  facet normal -0.741168 0.67132 0
    outer loop
      vertex -8.07834 22.1939 7
      vertex -8.14754 22.1175 0
      vertex -8.14754 22.1175 7
    endloop
  endfacet
  facet normal -0.802996 0.595984 0
    outer loop
      vertex -8.07834 22.1939 0
      vertex -8.01696 22.2766 7
      vertex -8.01696 22.2766 0
    endloop
  endfacet
  facet normal -0.802996 0.595984 0
    outer loop
      vertex -8.01696 22.2766 7
      vertex -8.07834 22.1939 0
      vertex -8.07834 22.1939 7
    endloop
  endfacet
  facet normal -0.24265 0.970114 0
    outer loop
      vertex -8.5852 21.8552 0
      vertex -8.68515 21.8302 7
      vertex -8.5852 21.8552 7
    endloop
  endfacet
  facet normal -0.24265 0.970114 0
    outer loop
      vertex -8.68515 21.8302 7
      vertex -8.5852 21.8552 0
      vertex -8.68515 21.8302 0
    endloop
  endfacet
  facet normal -0.941505 0.337 0
    outer loop
      vertex -7.91993 22.4582 0
      vertex -7.88521 22.5552 7
      vertex -7.88521 22.5552 0
    endloop
  endfacet
  facet normal -0.941505 0.337 0
    outer loop
      vertex -7.88521 22.5552 7
      vertex -7.91993 22.4582 0
      vertex -7.91993 22.4582 7
    endloop
  endfacet
  facet normal 0.242627 -0.97012 0
    outer loop
      vertex -9.1948 23.8648 0
      vertex -9.09484 23.8898 7
      vertex -9.1948 23.8648 7
    endloop
  endfacet
  facet normal 0.242627 -0.97012 0
    outer loop
      vertex -9.09484 23.8898 7
      vertex -9.1948 23.8648 0
      vertex -9.09484 23.8898 0
    endloop
  endfacet
  facet normal 0.904103 0.427315 0
    outer loop
      vertex -9.81602 22.365 7
      vertex -9.86007 22.4582 0
      vertex -9.86007 22.4582 7
    endloop
  endfacet
  facet normal 0.904103 0.427315 0
    outer loop
      vertex -9.86007 22.4582 0
      vertex -9.81602 22.365 7
      vertex -9.81602 22.365 0
    endloop
  endfacet
  facet normal 0.98917 -0.146774 0
    outer loop
      vertex -9.93494 22.9629 7
      vertex -9.91982 23.0648 0
      vertex -9.91982 23.0648 7
    endloop
  endfacet
  facet normal 0.98917 -0.146774 0
    outer loop
      vertex -9.91982 23.0648 0
      vertex -9.93494 22.9629 7
      vertex -9.93494 22.9629 0
    endloop
  endfacet
  facet normal -0.427899 -0.903827 0
    outer loop
      vertex -8.48818 23.8301 0
      vertex -8.39503 23.786 7
      vertex -8.48818 23.8301 7
    endloop
  endfacet
  facet normal -0.427899 -0.903827 -0
    outer loop
      vertex -8.39503 23.786 7
      vertex -8.48818 23.8301 0
      vertex -8.39503 23.786 0
    endloop
  endfacet
  facet normal 0.741168 0.67132 0
    outer loop
      vertex -9.63246 22.1175 7
      vertex -9.70166 22.1939 0
      vertex -9.70166 22.1939 7
    endloop
  endfacet
  facet normal 0.741168 0.67132 0
    outer loop
      vertex -9.70166 22.1939 0
      vertex -9.63246 22.1175 7
      vertex -9.63246 22.1175 0
    endloop
  endfacet
  facet normal 0.85775 0.514068 0
    outer loop
      vertex -9.76304 22.2766 7
      vertex -9.81602 22.365 0
      vertex -9.81602 22.365 7
    endloop
  endfacet
  facet normal 0.85775 0.514068 0
    outer loop
      vertex -9.81602 22.365 0
      vertex -9.76304 22.2766 7
      vertex -9.76304 22.2766 0
    endloop
  endfacet
  facet normal 0.336767 -0.941588 0
    outer loop
      vertex -9.29182 23.8301 0
      vertex -9.1948 23.8648 7
      vertex -9.29182 23.8301 7
    endloop
  endfacet
  facet normal 0.336767 -0.941588 0
    outer loop
      vertex -9.1948 23.8648 7
      vertex -9.29182 23.8301 0
      vertex -9.1948 23.8648 0
    endloop
  endfacet
  facet normal 0.514296 0.857613 -0
    outer loop
      vertex -9.38497 21.934 0
      vertex -9.47335 21.987 7
      vertex -9.38497 21.934 7
    endloop
  endfacet
  facet normal 0.514296 0.857613 0
    outer loop
      vertex -9.47335 21.987 7
      vertex -9.38497 21.934 0
      vertex -9.47335 21.987 0
    endloop
  endfacet
  facet normal 0.941505 -0.337 0
    outer loop
      vertex -9.89479 23.1648 7
      vertex -9.86007 23.2618 0
      vertex -9.86007 23.2618 7
    endloop
  endfacet
  facet normal 0.941505 -0.337 0
    outer loop
      vertex -9.86007 23.2618 0
      vertex -9.89479 23.1648 7
      vertex -9.89479 23.1648 0
    endloop
  endfacet
  facet normal -0.595204 0.803574 0
    outer loop
      vertex -8.22389 22.0483 0
      vertex -8.30665 21.987 7
      vertex -8.22389 22.0483 7
    endloop
  endfacet
  facet normal -0.595204 0.803574 0
    outer loop
      vertex -8.30665 21.987 7
      vertex -8.22389 22.0483 0
      vertex -8.30665 21.987 0
    endloop
  endfacet
  facet normal -0.741168 -0.67132 0
    outer loop
      vertex -8.07834 23.5261 0
      vertex -8.14754 23.6025 7
      vertex -8.14754 23.6025 0
    endloop
  endfacet
  facet normal -0.741168 -0.67132 0
    outer loop
      vertex -8.14754 23.6025 7
      vertex -8.07834 23.5261 0
      vertex -8.07834 23.5261 7
    endloop
  endfacet
  facet normal 0.802996 0.595984 0
    outer loop
      vertex -9.70166 22.1939 7
      vertex -9.76304 22.2766 0
      vertex -9.76304 22.2766 7
    endloop
  endfacet
  facet normal 0.802996 0.595984 0
    outer loop
      vertex -9.76304 22.2766 0
      vertex -9.70166 22.1939 7
      vertex -9.70166 22.1939 0
    endloop
  endfacet
  facet normal 0.514296 -0.857613 0
    outer loop
      vertex -9.47335 23.733 0
      vertex -9.38497 23.786 7
      vertex -9.47335 23.733 7
    endloop
  endfacet
  facet normal 0.514296 -0.857613 0
    outer loop
      vertex -9.38497 23.786 7
      vertex -9.47335 23.733 0
      vertex -9.38497 23.786 0
    endloop
  endfacet
  facet normal 0.98917 0.146774 0
    outer loop
      vertex -9.91982 22.6552 7
      vertex -9.93494 22.7571 0
      vertex -9.93494 22.7571 7
    endloop
  endfacet
  facet normal 0.98917 0.146774 0
    outer loop
      vertex -9.93494 22.7571 0
      vertex -9.91982 22.6552 7
      vertex -9.91982 22.6552 0
    endloop
  endfacet
  facet normal 0.904103 -0.427315 0
    outer loop
      vertex -9.86007 23.2618 7
      vertex -9.81602 23.355 0
      vertex -9.81602 23.355 7
    endloop
  endfacet
  facet normal 0.904103 -0.427315 0
    outer loop
      vertex -9.81602 23.355 0
      vertex -9.86007 23.2618 7
      vertex -9.86007 23.2618 0
    endloop
  endfacet
  facet normal 0.671561 0.740949 -0
    outer loop
      vertex -9.55611 22.0483 0
      vertex -9.63246 22.1175 7
      vertex -9.55611 22.0483 7
    endloop
  endfacet
  facet normal 0.671561 0.740949 0
    outer loop
      vertex -9.63246 22.1175 7
      vertex -9.55611 22.0483 0
      vertex -9.63246 22.1175 0
    endloop
  endfacet
  facet normal 0.803341 -0.59552 0
    outer loop
      vertex -9.76304 23.4433 7
      vertex -9.70166 23.5261 0
      vertex -9.70166 23.5261 7
    endloop
  endfacet
  facet normal 0.803341 -0.59552 0
    outer loop
      vertex -9.70166 23.5261 0
      vertex -9.76304 23.4433 7
      vertex -9.76304 23.4433 0
    endloop
  endfacet
  facet normal 0.0494923 0.998775 -0
    outer loop
      vertex -8.89 21.81 0
      vertex -8.99292 21.8151 7
      vertex -8.89 21.81 7
    endloop
  endfacet
  facet normal 0.0494923 0.998775 0
    outer loop
      vertex -8.99292 21.8151 7
      vertex -8.89 21.81 0
      vertex -8.99292 21.8151 0
    endloop
  endfacet
  facet normal 0.998793 -0.0491146 0
    outer loop
      vertex -9.94 22.86 7
      vertex -9.93494 22.9629 0
      vertex -9.93494 22.9629 7
    endloop
  endfacet
  facet normal 0.998793 -0.0491146 0
    outer loop
      vertex -9.93494 22.9629 0
      vertex -9.94 22.86 7
      vertex -9.94 22.86 0
    endloop
  endfacet
  facet normal 0.336767 0.941588 -0
    outer loop
      vertex -9.1948 21.8552 0
      vertex -9.29182 21.8899 7
      vertex -9.1948 21.8552 7
    endloop
  endfacet
  facet normal 0.336767 0.941588 0
    outer loop
      vertex -9.29182 21.8899 7
      vertex -9.1948 21.8552 0
      vertex -9.29182 21.8899 0
    endloop
  endfacet
  facet normal -0.671561 0.740949 0
    outer loop
      vertex -8.14754 22.1175 0
      vertex -8.22389 22.0483 7
      vertex -8.14754 22.1175 7
    endloop
  endfacet
  facet normal -0.671561 0.740949 0
    outer loop
      vertex -8.22389 22.0483 7
      vertex -8.14754 22.1175 0
      vertex -8.22389 22.0483 0
    endloop
  endfacet
  facet normal -0.595204 0.803574 0
    outer loop
      vertex 9.55611 -23.6717 0
      vertex 9.47335 -23.733 7
      vertex 9.55611 -23.6717 7
    endloop
  endfacet
  facet normal -0.595204 0.803574 0
    outer loop
      vertex 9.47335 -23.733 7
      vertex 9.55611 -23.6717 0
      vertex 9.47335 -23.733 0
    endloop
  endfacet
  facet normal 0.671561 0.740949 -0
    outer loop
      vertex 8.22389 -23.6717 0
      vertex 8.14754 -23.6025 7
      vertex 8.22389 -23.6717 7
    endloop
  endfacet
  facet normal 0.671561 0.740949 0
    outer loop
      vertex 8.14754 -23.6025 7
      vertex 8.22389 -23.6717 0
      vertex 8.14754 -23.6025 0
    endloop
  endfacet
  facet normal -0.146556 -0.989202 0
    outer loop
      vertex 8.99292 -21.8151 0
      vertex 9.09484 -21.8302 7
      vertex 8.99292 -21.8151 7
    endloop
  endfacet
  facet normal -0.146556 -0.989202 -0
    outer loop
      vertex 9.09484 -21.8302 7
      vertex 8.99292 -21.8151 0
      vertex 9.09484 -21.8302 0
    endloop
  endfacet
  facet normal -0.802996 -0.595984 0
    outer loop
      vertex 9.76304 -22.2766 0
      vertex 9.70166 -22.1939 7
      vertex 9.70166 -22.1939 0
    endloop
  endfacet
  facet normal -0.802996 -0.595984 0
    outer loop
      vertex 9.70166 -22.1939 7
      vertex 9.76304 -22.2766 0
      vertex 9.76304 -22.2766 7
    endloop
  endfacet
  facet normal 0.336767 0.941588 -0
    outer loop
      vertex 8.5852 -23.8648 0
      vertex 8.48818 -23.8301 7
      vertex 8.5852 -23.8648 7
    endloop
  endfacet
  facet normal 0.336767 0.941588 0
    outer loop
      vertex 8.48818 -23.8301 7
      vertex 8.5852 -23.8648 0
      vertex 8.48818 -23.8301 0
    endloop
  endfacet
  facet normal 0.998793 -0.0491146 0
    outer loop
      vertex 7.84 -22.86 7
      vertex 7.84506 -22.7571 0
      vertex 7.84506 -22.7571 7
    endloop
  endfacet
  facet normal 0.998793 -0.0491146 0
    outer loop
      vertex 7.84506 -22.7571 0
      vertex 7.84 -22.86 7
      vertex 7.84 -22.86 0
    endloop
  endfacet
  facet normal 0.998793 0.0491146 0
    outer loop
      vertex 7.84506 -22.9629 7
      vertex 7.84 -22.86 0
      vertex 7.84 -22.86 7
    endloop
  endfacet
  facet normal 0.998793 0.0491146 0
    outer loop
      vertex 7.84 -22.86 0
      vertex 7.84506 -22.9629 7
      vertex 7.84506 -22.9629 0
    endloop
  endfacet
  facet normal 0.336767 -0.941588 0
    outer loop
      vertex 8.48818 -21.8899 0
      vertex 8.5852 -21.8552 7
      vertex 8.48818 -21.8899 7
    endloop
  endfacet
  facet normal 0.336767 -0.941588 0
    outer loop
      vertex 8.5852 -21.8552 7
      vertex 8.48818 -21.8899 0
      vertex 8.5852 -21.8552 0
    endloop
  endfacet
  facet normal -0.98917 -0.146774 0
    outer loop
      vertex 9.93494 -22.7571 0
      vertex 9.91982 -22.6552 7
      vertex 9.91982 -22.6552 0
    endloop
  endfacet
  facet normal -0.98917 -0.146774 0
    outer loop
      vertex 9.91982 -22.6552 7
      vertex 9.93494 -22.7571 0
      vertex 9.93494 -22.7571 7
    endloop
  endfacet
  facet normal 0.904103 0.427315 0
    outer loop
      vertex 7.96398 -23.355 7
      vertex 7.91993 -23.2618 0
      vertex 7.91993 -23.2618 7
    endloop
  endfacet
  facet normal 0.904103 0.427315 0
    outer loop
      vertex 7.91993 -23.2618 0
      vertex 7.96398 -23.355 7
      vertex 7.96398 -23.355 0
    endloop
  endfacet
  facet normal 0.98917 -0.146774 0
    outer loop
      vertex 7.84506 -22.7571 7
      vertex 7.86018 -22.6552 0
      vertex 7.86018 -22.6552 7
    endloop
  endfacet
  facet normal 0.98917 -0.146774 0
    outer loop
      vertex 7.86018 -22.6552 0
      vertex 7.84506 -22.7571 7
      vertex 7.84506 -22.7571 0
    endloop
  endfacet
  facet normal -0.741168 0.67132 0
    outer loop
      vertex 9.63246 -23.6025 0
      vertex 9.70166 -23.5261 7
      vertex 9.70166 -23.5261 0
    endloop
  endfacet
  facet normal -0.741168 0.67132 0
    outer loop
      vertex 9.70166 -23.5261 7
      vertex 9.63246 -23.6025 0
      vertex 9.63246 -23.6025 7
    endloop
  endfacet
  facet normal 0.970074 0.24281 0
    outer loop
      vertex 7.88521 -23.1648 7
      vertex 7.86018 -23.0648 0
      vertex 7.86018 -23.0648 7
    endloop
  endfacet
  facet normal 0.970074 0.24281 0
    outer loop
      vertex 7.86018 -23.0648 0
      vertex 7.88521 -23.1648 7
      vertex 7.88521 -23.1648 0
    endloop
  endfacet
  facet normal -0.904103 0.427315 0
    outer loop
      vertex 9.81602 -23.355 0
      vertex 9.86007 -23.2618 7
      vertex 9.86007 -23.2618 0
    endloop
  endfacet
  facet normal -0.904103 0.427315 0
    outer loop
      vertex 9.86007 -23.2618 7
      vertex 9.81602 -23.355 0
      vertex 9.81602 -23.355 7
    endloop
  endfacet
  facet normal 0.671561 -0.740949 0
    outer loop
      vertex 8.14754 -22.1175 0
      vertex 8.22389 -22.0483 7
      vertex 8.14754 -22.1175 7
    endloop
  endfacet
  facet normal 0.671561 -0.740949 0
    outer loop
      vertex 8.22389 -22.0483 7
      vertex 8.14754 -22.1175 0
      vertex 8.22389 -22.0483 0
    endloop
  endfacet
  facet normal -0.970074 -0.24281 0
    outer loop
      vertex 9.91982 -22.6552 0
      vertex 9.89479 -22.5552 7
      vertex 9.89479 -22.5552 0
    endloop
  endfacet
  facet normal -0.970074 -0.24281 0
    outer loop
      vertex 9.89479 -22.5552 7
      vertex 9.91982 -22.6552 0
      vertex 9.91982 -22.6552 7
    endloop
  endfacet
  facet normal -0.998793 -0.0491146 0
    outer loop
      vertex 9.94 -22.86 0
      vertex 9.93494 -22.7571 7
      vertex 9.93494 -22.7571 0
    endloop
  endfacet
  facet normal -0.998793 -0.0491146 0
    outer loop
      vertex 9.93494 -22.7571 7
      vertex 9.94 -22.86 0
      vertex 9.94 -22.86 7
    endloop
  endfacet
  facet normal -0.941505 -0.337 0
    outer loop
      vertex 9.89479 -22.5552 0
      vertex 9.86007 -22.4582 7
      vertex 9.86007 -22.4582 0
    endloop
  endfacet
  facet normal -0.941505 -0.337 0
    outer loop
      vertex 9.86007 -22.4582 7
      vertex 9.89479 -22.5552 0
      vertex 9.89479 -22.5552 7
    endloop
  endfacet
  facet normal -0.98917 0.146774 0
    outer loop
      vertex 9.91982 -23.0648 0
      vertex 9.93494 -22.9629 7
      vertex 9.93494 -22.9629 0
    endloop
  endfacet
  facet normal -0.98917 0.146774 0
    outer loop
      vertex 9.93494 -22.9629 7
      vertex 9.91982 -23.0648 0
      vertex 9.91982 -23.0648 7
    endloop
  endfacet
  facet normal 0.514296 0.857613 -0
    outer loop
      vertex 8.39503 -23.786 0
      vertex 8.30665 -23.733 7
      vertex 8.39503 -23.786 7
    endloop
  endfacet
  facet normal 0.514296 0.857613 0
    outer loop
      vertex 8.30665 -23.733 7
      vertex 8.39503 -23.786 0
      vertex 8.30665 -23.733 0
    endloop
  endfacet
  facet normal -0.741168 -0.67132 0
    outer loop
      vertex 9.70166 -22.1939 0
      vertex 9.63246 -22.1175 7
      vertex 9.63246 -22.1175 0
    endloop
  endfacet
  facet normal -0.741168 -0.67132 0
    outer loop
      vertex 9.63246 -22.1175 7
      vertex 9.70166 -22.1939 0
      vertex 9.70166 -22.1939 7
    endloop
  endfacet
  facet normal -0.998793 0.0491146 0
    outer loop
      vertex 9.93494 -22.9629 0
      vertex 9.94 -22.86 7
      vertex 9.94 -22.86 0
    endloop
  endfacet
  facet normal -0.998793 0.0491146 0
    outer loop
      vertex 9.94 -22.86 7
      vertex 9.93494 -22.9629 0
      vertex 9.93494 -22.9629 7
    endloop
  endfacet
  facet normal -0.0494923 -0.998775 0
    outer loop
      vertex 8.89 -21.81 0
      vertex 8.99292 -21.8151 7
      vertex 8.89 -21.81 7
    endloop
  endfacet
  facet normal -0.0494923 -0.998775 -0
    outer loop
      vertex 8.99292 -21.8151 7
      vertex 8.89 -21.81 0
      vertex 8.99292 -21.8151 0
    endloop
  endfacet
  facet normal -0.671561 -0.740949 0
    outer loop
      vertex 9.55611 -22.0483 0
      vertex 9.63246 -22.1175 7
      vertex 9.55611 -22.0483 7
    endloop
  endfacet
  facet normal -0.671561 -0.740949 -0
    outer loop
      vertex 9.63246 -22.1175 7
      vertex 9.55611 -22.0483 0
      vertex 9.63246 -22.1175 0
    endloop
  endfacet
  facet normal -0.85775 -0.514068 0
    outer loop
      vertex 9.81602 -22.365 0
      vertex 9.76304 -22.2766 7
      vertex 9.76304 -22.2766 0
    endloop
  endfacet
  facet normal -0.85775 -0.514068 0
    outer loop
      vertex 9.76304 -22.2766 7
      vertex 9.81602 -22.365 0
      vertex 9.81602 -22.365 7
    endloop
  endfacet
  facet normal -0.146556 0.989202 0
    outer loop
      vertex 9.09484 -23.8898 0
      vertex 8.99292 -23.9049 7
      vertex 9.09484 -23.8898 7
    endloop
  endfacet
  facet normal -0.146556 0.989202 0
    outer loop
      vertex 8.99292 -23.9049 7
      vertex 9.09484 -23.8898 0
      vertex 8.99292 -23.9049 0
    endloop
  endfacet
  facet normal -0.970074 0.24281 0
    outer loop
      vertex 9.89479 -23.1648 0
      vertex 9.91982 -23.0648 7
      vertex 9.91982 -23.0648 0
    endloop
  endfacet
  facet normal -0.970074 0.24281 0
    outer loop
      vertex 9.91982 -23.0648 7
      vertex 9.89479 -23.1648 0
      vertex 9.89479 -23.1648 7
    endloop
  endfacet
  facet normal 0.741168 0.67132 0
    outer loop
      vertex 8.14754 -23.6025 7
      vertex 8.07834 -23.5261 0
      vertex 8.07834 -23.5261 7
    endloop
  endfacet
  facet normal 0.741168 0.67132 0
    outer loop
      vertex 8.07834 -23.5261 0
      vertex 8.14754 -23.6025 7
      vertex 8.14754 -23.6025 0
    endloop
  endfacet
  facet normal 0.803341 0.59552 0
    outer loop
      vertex 8.07834 -23.5261 7
      vertex 8.01696 -23.4433 0
      vertex 8.01696 -23.4433 7
    endloop
  endfacet
  facet normal 0.803341 0.59552 0
    outer loop
      vertex 8.01696 -23.4433 0
      vertex 8.07834 -23.5261 7
      vertex 8.07834 -23.5261 0
    endloop
  endfacet
  facet normal 0.0494923 0.998775 -0
    outer loop
      vertex 8.89 -23.91 0
      vertex 8.78708 -23.9049 7
      vertex 8.89 -23.91 7
    endloop
  endfacet
  facet normal 0.0494923 0.998775 0
    outer loop
      vertex 8.78708 -23.9049 7
      vertex 8.89 -23.91 0
      vertex 8.78708 -23.9049 0
    endloop
  endfacet
  facet normal 0.904103 -0.427315 0
    outer loop
      vertex 7.91993 -22.4582 7
      vertex 7.96398 -22.365 0
      vertex 7.96398 -22.365 7
    endloop
  endfacet
  facet normal 0.904103 -0.427315 0
    outer loop
      vertex 7.96398 -22.365 0
      vertex 7.91993 -22.4582 7
      vertex 7.91993 -22.4582 0
    endloop
  endfacet
  facet normal -0.242627 -0.97012 0
    outer loop
      vertex 9.09484 -21.8302 0
      vertex 9.1948 -21.8552 7
      vertex 9.09484 -21.8302 7
    endloop
  endfacet
  facet normal -0.242627 -0.97012 -0
    outer loop
      vertex 9.1948 -21.8552 7
      vertex 9.09484 -21.8302 0
      vertex 9.1948 -21.8552 0
    endloop
  endfacet
  facet normal 0.595204 0.803574 -0
    outer loop
      vertex 8.30665 -23.733 0
      vertex 8.22389 -23.6717 7
      vertex 8.30665 -23.733 7
    endloop
  endfacet
  facet normal 0.595204 0.803574 0
    outer loop
      vertex 8.22389 -23.6717 7
      vertex 8.30665 -23.733 0
      vertex 8.22389 -23.6717 0
    endloop
  endfacet
  facet normal -0.514296 0.857613 0
    outer loop
      vertex 9.47335 -23.733 0
      vertex 9.38497 -23.786 7
      vertex 9.47335 -23.733 7
    endloop
  endfacet
  facet normal -0.514296 0.857613 0
    outer loop
      vertex 9.38497 -23.786 7
      vertex 9.47335 -23.733 0
      vertex 9.38497 -23.786 0
    endloop
  endfacet
  facet normal 0.0494923 -0.998775 0
    outer loop
      vertex 8.78708 -21.8151 0
      vertex 8.89 -21.81 7
      vertex 8.78708 -21.8151 7
    endloop
  endfacet
  facet normal 0.0494923 -0.998775 0
    outer loop
      vertex 8.89 -21.81 7
      vertex 8.78708 -21.8151 0
      vertex 8.89 -21.81 0
    endloop
  endfacet
  facet normal 0.146542 -0.989205 0
    outer loop
      vertex 8.68515 -21.8302 0
      vertex 8.78708 -21.8151 7
      vertex 8.68515 -21.8302 7
    endloop
  endfacet
  facet normal 0.146542 -0.989205 0
    outer loop
      vertex 8.78708 -21.8151 7
      vertex 8.68515 -21.8302 0
      vertex 8.78708 -21.8151 0
    endloop
  endfacet
  facet normal 0.941505 0.337 0
    outer loop
      vertex 7.91993 -23.2618 7
      vertex 7.88521 -23.1648 0
      vertex 7.88521 -23.1648 7
    endloop
  endfacet
  facet normal 0.941505 0.337 0
    outer loop
      vertex 7.88521 -23.1648 0
      vertex 7.91993 -23.2618 7
      vertex 7.91993 -23.2618 0
    endloop
  endfacet
  facet normal 0.24265 0.970114 -0
    outer loop
      vertex 8.68515 -23.8898 0
      vertex 8.5852 -23.8648 7
      vertex 8.68515 -23.8898 7
    endloop
  endfacet
  facet normal 0.24265 0.970114 0
    outer loop
      vertex 8.5852 -23.8648 7
      vertex 8.68515 -23.8898 0
      vertex 8.5852 -23.8648 0
    endloop
  endfacet
  facet normal -0.904103 -0.427315 0
    outer loop
      vertex 9.86007 -22.4582 0
      vertex 9.81602 -22.365 7
      vertex 9.81602 -22.365 0
    endloop
  endfacet
  facet normal -0.904103 -0.427315 0
    outer loop
      vertex 9.81602 -22.365 7
      vertex 9.86007 -22.4582 0
      vertex 9.86007 -22.4582 7
    endloop
  endfacet
  facet normal -0.0494923 0.998775 0
    outer loop
      vertex 8.99292 -23.9049 0
      vertex 8.89 -23.91 7
      vertex 8.99292 -23.9049 7
    endloop
  endfacet
  facet normal -0.0494923 0.998775 0
    outer loop
      vertex 8.89 -23.91 7
      vertex 8.99292 -23.9049 0
      vertex 8.89 -23.91 0
    endloop
  endfacet
  facet normal 0.24265 -0.970114 0
    outer loop
      vertex 8.5852 -21.8552 0
      vertex 8.68515 -21.8302 7
      vertex 8.5852 -21.8552 7
    endloop
  endfacet
  facet normal 0.24265 -0.970114 0
    outer loop
      vertex 8.68515 -21.8302 7
      vertex 8.5852 -21.8552 0
      vertex 8.68515 -21.8302 0
    endloop
  endfacet
  facet normal -0.427899 -0.903827 0
    outer loop
      vertex 9.29182 -21.8899 0
      vertex 9.38497 -21.934 7
      vertex 9.29182 -21.8899 7
    endloop
  endfacet
  facet normal -0.427899 -0.903827 -0
    outer loop
      vertex 9.38497 -21.934 7
      vertex 9.29182 -21.8899 0
      vertex 9.38497 -21.934 0
    endloop
  endfacet
  facet normal 0.595204 -0.803574 0
    outer loop
      vertex 8.22389 -22.0483 0
      vertex 8.30665 -21.987 7
      vertex 8.22389 -22.0483 7
    endloop
  endfacet
  facet normal 0.595204 -0.803574 0
    outer loop
      vertex 8.30665 -21.987 7
      vertex 8.22389 -22.0483 0
      vertex 8.30665 -21.987 0
    endloop
  endfacet
  facet normal -0.514296 -0.857613 0
    outer loop
      vertex 9.38497 -21.934 0
      vertex 9.47335 -21.987 7
      vertex 9.38497 -21.934 7
    endloop
  endfacet
  facet normal -0.514296 -0.857613 -0
    outer loop
      vertex 9.47335 -21.987 7
      vertex 9.38497 -21.934 0
      vertex 9.47335 -21.987 0
    endloop
  endfacet
  facet normal -0.595204 -0.803574 0
    outer loop
      vertex 9.47335 -21.987 0
      vertex 9.55611 -22.0483 7
      vertex 9.47335 -21.987 7
    endloop
  endfacet
  facet normal -0.595204 -0.803574 -0
    outer loop
      vertex 9.55611 -22.0483 7
      vertex 9.47335 -21.987 0
      vertex 9.55611 -22.0483 0
    endloop
  endfacet
  facet normal 0.941505 -0.337 0
    outer loop
      vertex 7.88521 -22.5552 7
      vertex 7.91993 -22.4582 0
      vertex 7.91993 -22.4582 7
    endloop
  endfacet
  facet normal 0.941505 -0.337 0
    outer loop
      vertex 7.91993 -22.4582 0
      vertex 7.88521 -22.5552 7
      vertex 7.88521 -22.5552 0
    endloop
  endfacet
  facet normal 0.970074 -0.24281 0
    outer loop
      vertex 7.86018 -22.6552 7
      vertex 7.88521 -22.5552 0
      vertex 7.88521 -22.5552 7
    endloop
  endfacet
  facet normal 0.970074 -0.24281 0
    outer loop
      vertex 7.88521 -22.5552 0
      vertex 7.86018 -22.6552 7
      vertex 7.86018 -22.6552 0
    endloop
  endfacet
  facet normal -0.857493 0.514496 0
    outer loop
      vertex 9.76304 -23.4433 0
      vertex 9.81602 -23.355 7
      vertex 9.81602 -23.355 0
    endloop
  endfacet
  facet normal -0.857493 0.514496 0
    outer loop
      vertex 9.81602 -23.355 7
      vertex 9.76304 -23.4433 0
      vertex 9.76304 -23.4433 7
    endloop
  endfacet
  facet normal 0.427899 -0.903827 0
    outer loop
      vertex 8.39503 -21.934 0
      vertex 8.48818 -21.8899 7
      vertex 8.39503 -21.934 7
    endloop
  endfacet
  facet normal 0.427899 -0.903827 0
    outer loop
      vertex 8.48818 -21.8899 7
      vertex 8.39503 -21.934 0
      vertex 8.48818 -21.8899 0
    endloop
  endfacet
  facet normal 0.98917 0.146774 0
    outer loop
      vertex 7.86018 -23.0648 7
      vertex 7.84506 -22.9629 0
      vertex 7.84506 -22.9629 7
    endloop
  endfacet
  facet normal 0.98917 0.146774 0
    outer loop
      vertex 7.84506 -22.9629 0
      vertex 7.86018 -23.0648 7
      vertex 7.86018 -23.0648 0
    endloop
  endfacet
  facet normal 0.514296 -0.857613 0
    outer loop
      vertex 8.30665 -21.987 0
      vertex 8.39503 -21.934 7
      vertex 8.30665 -21.987 7
    endloop
  endfacet
  facet normal 0.514296 -0.857613 0
    outer loop
      vertex 8.39503 -21.934 7
      vertex 8.30665 -21.987 0
      vertex 8.39503 -21.934 0
    endloop
  endfacet
  facet normal -0.941505 0.337 0
    outer loop
      vertex 9.86007 -23.2618 0
      vertex 9.89479 -23.1648 7
      vertex 9.89479 -23.1648 0
    endloop
  endfacet
  facet normal -0.941505 0.337 0
    outer loop
      vertex 9.89479 -23.1648 7
      vertex 9.86007 -23.2618 0
      vertex 9.86007 -23.2618 7
    endloop
  endfacet
  facet normal -0.427899 0.903827 0
    outer loop
      vertex 9.38497 -23.786 0
      vertex 9.29182 -23.8301 7
      vertex 9.38497 -23.786 7
    endloop
  endfacet
  facet normal -0.427899 0.903827 0
    outer loop
      vertex 9.29182 -23.8301 7
      vertex 9.38497 -23.786 0
      vertex 9.29182 -23.8301 0
    endloop
  endfacet
  facet normal -0.336767 0.941588 0
    outer loop
      vertex 9.29182 -23.8301 0
      vertex 9.1948 -23.8648 7
      vertex 9.29182 -23.8301 7
    endloop
  endfacet
  facet normal -0.336767 0.941588 0
    outer loop
      vertex 9.1948 -23.8648 7
      vertex 9.29182 -23.8301 0
      vertex 9.1948 -23.8648 0
    endloop
  endfacet
  facet normal 0.427899 0.903827 -0
    outer loop
      vertex 8.48818 -23.8301 0
      vertex 8.39503 -23.786 7
      vertex 8.48818 -23.8301 7
    endloop
  endfacet
  facet normal 0.427899 0.903827 0
    outer loop
      vertex 8.39503 -23.786 7
      vertex 8.48818 -23.8301 0
      vertex 8.39503 -23.786 0
    endloop
  endfacet
  facet normal -0.242627 0.97012 0
    outer loop
      vertex 9.1948 -23.8648 0
      vertex 9.09484 -23.8898 7
      vertex 9.1948 -23.8648 7
    endloop
  endfacet
  facet normal -0.242627 0.97012 0
    outer loop
      vertex 9.09484 -23.8898 7
      vertex 9.1948 -23.8648 0
      vertex 9.09484 -23.8898 0
    endloop
  endfacet
  facet normal 0.802996 -0.595984 0
    outer loop
      vertex 8.01696 -22.2766 7
      vertex 8.07834 -22.1939 0
      vertex 8.07834 -22.1939 7
    endloop
  endfacet
  facet normal 0.802996 -0.595984 0
    outer loop
      vertex 8.07834 -22.1939 0
      vertex 8.01696 -22.2766 7
      vertex 8.01696 -22.2766 0
    endloop
  endfacet
  facet normal -0.803341 0.59552 0
    outer loop
      vertex 9.70166 -23.5261 0
      vertex 9.76304 -23.4433 7
      vertex 9.76304 -23.4433 0
    endloop
  endfacet
  facet normal -0.803341 0.59552 0
    outer loop
      vertex 9.76304 -23.4433 7
      vertex 9.70166 -23.5261 0
      vertex 9.70166 -23.5261 7
    endloop
  endfacet
  facet normal 0.857493 0.514496 0
    outer loop
      vertex 8.01696 -23.4433 7
      vertex 7.96398 -23.355 0
      vertex 7.96398 -23.355 7
    endloop
  endfacet
  facet normal 0.857493 0.514496 0
    outer loop
      vertex 7.96398 -23.355 0
      vertex 8.01696 -23.4433 7
      vertex 8.01696 -23.4433 0
    endloop
  endfacet
  facet normal 0.146542 0.989205 -0
    outer loop
      vertex 8.78708 -23.9049 0
      vertex 8.68515 -23.8898 7
      vertex 8.78708 -23.9049 7
    endloop
  endfacet
  facet normal 0.146542 0.989205 0
    outer loop
      vertex 8.68515 -23.8898 7
      vertex 8.78708 -23.9049 0
      vertex 8.68515 -23.8898 0
    endloop
  endfacet
  facet normal -0.336767 -0.941588 0
    outer loop
      vertex 9.1948 -21.8552 0
      vertex 9.29182 -21.8899 7
      vertex 9.1948 -21.8552 7
    endloop
  endfacet
  facet normal -0.336767 -0.941588 -0
    outer loop
      vertex 9.29182 -21.8899 7
      vertex 9.1948 -21.8552 0
      vertex 9.29182 -21.8899 0
    endloop
  endfacet
  facet normal -0.671561 0.740949 0
    outer loop
      vertex 9.63246 -23.6025 0
      vertex 9.55611 -23.6717 7
      vertex 9.63246 -23.6025 7
    endloop
  endfacet
  facet normal -0.671561 0.740949 0
    outer loop
      vertex 9.55611 -23.6717 7
      vertex 9.63246 -23.6025 0
      vertex 9.55611 -23.6717 0
    endloop
  endfacet
  facet normal 0.85775 -0.514068 0
    outer loop
      vertex 7.96398 -22.365 7
      vertex 8.01696 -22.2766 0
      vertex 8.01696 -22.2766 7
    endloop
  endfacet
  facet normal 0.85775 -0.514068 0
    outer loop
      vertex 8.01696 -22.2766 0
      vertex 7.96398 -22.365 7
      vertex 7.96398 -22.365 0
    endloop
  endfacet
  facet normal 0.741168 -0.67132 0
    outer loop
      vertex 8.07834 -22.1939 7
      vertex 8.14754 -22.1175 0
      vertex 8.14754 -22.1175 7
    endloop
  endfacet
  facet normal 0.741168 -0.67132 0
    outer loop
      vertex 8.14754 -22.1175 0
      vertex 8.07834 -22.1939 7
      vertex 8.07834 -22.1939 0
    endloop
  endfacet
  facet normal -0.98917 -0.146774 0
    outer loop
      vertex 9.93494 22.9629 0
      vertex 9.91982 23.0648 7
      vertex 9.91982 23.0648 0
    endloop
  endfacet
  facet normal -0.98917 -0.146774 0
    outer loop
      vertex 9.91982 23.0648 7
      vertex 9.93494 22.9629 0
      vertex 9.93494 22.9629 7
    endloop
  endfacet
  facet normal -0.998793 -0.0491146 0
    outer loop
      vertex 9.94 22.86 0
      vertex 9.93494 22.9629 7
      vertex 9.93494 22.9629 0
    endloop
  endfacet
  facet normal -0.998793 -0.0491146 0
    outer loop
      vertex 9.93494 22.9629 7
      vertex 9.94 22.86 0
      vertex 9.94 22.86 7
    endloop
  endfacet
  facet normal -0.970074 -0.24281 0
    outer loop
      vertex 9.91982 23.0648 0
      vertex 9.89479 23.1648 7
      vertex 9.89479 23.1648 0
    endloop
  endfacet
  facet normal -0.970074 -0.24281 0
    outer loop
      vertex 9.89479 23.1648 7
      vertex 9.91982 23.0648 0
      vertex 9.91982 23.0648 7
    endloop
  endfacet
  facet normal -0.595204 0.803574 0
    outer loop
      vertex 9.55611 22.0483 0
      vertex 9.47335 21.987 7
      vertex 9.55611 22.0483 7
    endloop
  endfacet
  facet normal -0.595204 0.803574 0
    outer loop
      vertex 9.47335 21.987 7
      vertex 9.55611 22.0483 0
      vertex 9.47335 21.987 0
    endloop
  endfacet
  facet normal 0.970074 0.24281 0
    outer loop
      vertex 7.88521 22.5552 7
      vertex 7.86018 22.6552 0
      vertex 7.86018 22.6552 7
    endloop
  endfacet
  facet normal 0.970074 0.24281 0
    outer loop
      vertex 7.86018 22.6552 0
      vertex 7.88521 22.5552 7
      vertex 7.88521 22.5552 0
    endloop
  endfacet
  facet normal -0.671561 -0.740949 0
    outer loop
      vertex 9.55611 23.6717 0
      vertex 9.63246 23.6025 7
      vertex 9.55611 23.6717 7
    endloop
  endfacet
  facet normal -0.671561 -0.740949 -0
    outer loop
      vertex 9.63246 23.6025 7
      vertex 9.55611 23.6717 0
      vertex 9.63246 23.6025 0
    endloop
  endfacet
  facet normal -0.741168 -0.67132 0
    outer loop
      vertex 9.70166 23.5261 0
      vertex 9.63246 23.6025 7
      vertex 9.63246 23.6025 0
    endloop
  endfacet
  facet normal -0.741168 -0.67132 0
    outer loop
      vertex 9.63246 23.6025 7
      vertex 9.70166 23.5261 0
      vertex 9.70166 23.5261 7
    endloop
  endfacet
  facet normal -0.857493 -0.514496 0
    outer loop
      vertex 9.81602 23.355 0
      vertex 9.76304 23.4433 7
      vertex 9.76304 23.4433 0
    endloop
  endfacet
  facet normal -0.857493 -0.514496 0
    outer loop
      vertex 9.76304 23.4433 7
      vertex 9.81602 23.355 0
      vertex 9.81602 23.355 7
    endloop
  endfacet
  facet normal 0.671561 -0.740949 0
    outer loop
      vertex 8.14754 23.6025 0
      vertex 8.22389 23.6717 7
      vertex 8.14754 23.6025 7
    endloop
  endfacet
  facet normal 0.671561 -0.740949 0
    outer loop
      vertex 8.22389 23.6717 7
      vertex 8.14754 23.6025 0
      vertex 8.22389 23.6717 0
    endloop
  endfacet
  facet normal -0.514296 -0.857613 0
    outer loop
      vertex 9.38497 23.786 0
      vertex 9.47335 23.733 7
      vertex 9.38497 23.786 7
    endloop
  endfacet
  facet normal -0.514296 -0.857613 -0
    outer loop
      vertex 9.47335 23.733 7
      vertex 9.38497 23.786 0
      vertex 9.47335 23.733 0
    endloop
  endfacet
  facet normal -0.336767 0.941588 0
    outer loop
      vertex 9.29182 21.8899 0
      vertex 9.1948 21.8552 7
      vertex 9.29182 21.8899 7
    endloop
  endfacet
  facet normal -0.336767 0.941588 0
    outer loop
      vertex 9.1948 21.8552 7
      vertex 9.29182 21.8899 0
      vertex 9.1948 21.8552 0
    endloop
  endfacet
  facet normal -0.803341 -0.59552 0
    outer loop
      vertex 9.76304 23.4433 0
      vertex 9.70166 23.5261 7
      vertex 9.70166 23.5261 0
    endloop
  endfacet
  facet normal -0.803341 -0.59552 0
    outer loop
      vertex 9.70166 23.5261 7
      vertex 9.76304 23.4433 0
      vertex 9.76304 23.4433 7
    endloop
  endfacet
  facet normal -0.98917 0.146774 0
    outer loop
      vertex 9.91982 22.6552 0
      vertex 9.93494 22.7571 7
      vertex 9.93494 22.7571 0
    endloop
  endfacet
  facet normal -0.98917 0.146774 0
    outer loop
      vertex 9.93494 22.7571 7
      vertex 9.91982 22.6552 0
      vertex 9.91982 22.6552 7
    endloop
  endfacet
  facet normal 0.98917 0.146774 0
    outer loop
      vertex 7.86018 22.6552 7
      vertex 7.84506 22.7571 0
      vertex 7.84506 22.7571 7
    endloop
  endfacet
  facet normal 0.98917 0.146774 0
    outer loop
      vertex 7.84506 22.7571 0
      vertex 7.86018 22.6552 7
      vertex 7.86018 22.6552 0
    endloop
  endfacet
  facet normal -0.904103 0.427315 0
    outer loop
      vertex 9.81602 22.365 0
      vertex 9.86007 22.4582 7
      vertex 9.86007 22.4582 0
    endloop
  endfacet
  facet normal -0.904103 0.427315 0
    outer loop
      vertex 9.86007 22.4582 7
      vertex 9.81602 22.365 0
      vertex 9.81602 22.365 7
    endloop
  endfacet
  facet normal -0.998793 0.0491146 0
    outer loop
      vertex 9.93494 22.7571 0
      vertex 9.94 22.86 7
      vertex 9.94 22.86 0
    endloop
  endfacet
  facet normal -0.998793 0.0491146 0
    outer loop
      vertex 9.94 22.86 7
      vertex 9.93494 22.7571 0
      vertex 9.93494 22.7571 7
    endloop
  endfacet
  facet normal 0.998793 0.0491146 0
    outer loop
      vertex 7.84506 22.7571 7
      vertex 7.84 22.86 0
      vertex 7.84 22.86 7
    endloop
  endfacet
  facet normal 0.998793 0.0491146 0
    outer loop
      vertex 7.84 22.86 0
      vertex 7.84506 22.7571 7
      vertex 7.84506 22.7571 0
    endloop
  endfacet
  facet normal -0.0494923 0.998775 0
    outer loop
      vertex 8.99292 21.8151 0
      vertex 8.89 21.81 7
      vertex 8.99292 21.8151 7
    endloop
  endfacet
  facet normal -0.0494923 0.998775 0
    outer loop
      vertex 8.89 21.81 7
      vertex 8.99292 21.8151 0
      vertex 8.89 21.81 0
    endloop
  endfacet
  facet normal 0.336767 -0.941588 0
    outer loop
      vertex 8.48818 23.8301 0
      vertex 8.5852 23.8648 7
      vertex 8.48818 23.8301 7
    endloop
  endfacet
  facet normal 0.336767 -0.941588 0
    outer loop
      vertex 8.5852 23.8648 7
      vertex 8.48818 23.8301 0
      vertex 8.5852 23.8648 0
    endloop
  endfacet
  facet normal -0.904103 -0.427315 0
    outer loop
      vertex 9.86007 23.2618 0
      vertex 9.81602 23.355 7
      vertex 9.81602 23.355 0
    endloop
  endfacet
  facet normal -0.904103 -0.427315 0
    outer loop
      vertex 9.81602 23.355 7
      vertex 9.86007 23.2618 0
      vertex 9.86007 23.2618 7
    endloop
  endfacet
  facet normal 0.0494923 0.998775 -0
    outer loop
      vertex 8.89 21.81 0
      vertex 8.78708 21.8151 7
      vertex 8.89 21.81 7
    endloop
  endfacet
  facet normal 0.0494923 0.998775 0
    outer loop
      vertex 8.78708 21.8151 7
      vertex 8.89 21.81 0
      vertex 8.78708 21.8151 0
    endloop
  endfacet
  facet normal 0.904103 0.427315 0
    outer loop
      vertex 7.96398 22.365 7
      vertex 7.91993 22.4582 0
      vertex 7.91993 22.4582 7
    endloop
  endfacet
  facet normal 0.904103 0.427315 0
    outer loop
      vertex 7.91993 22.4582 0
      vertex 7.96398 22.365 7
      vertex 7.96398 22.365 0
    endloop
  endfacet
  facet normal -0.146556 -0.989202 0
    outer loop
      vertex 8.99292 23.9049 0
      vertex 9.09484 23.8898 7
      vertex 8.99292 23.9049 7
    endloop
  endfacet
  facet normal -0.146556 -0.989202 -0
    outer loop
      vertex 9.09484 23.8898 7
      vertex 8.99292 23.9049 0
      vertex 9.09484 23.8898 0
    endloop
  endfacet
  facet normal 0.24265 -0.970114 0
    outer loop
      vertex 8.5852 23.8648 0
      vertex 8.68515 23.8898 7
      vertex 8.5852 23.8648 7
    endloop
  endfacet
  facet normal 0.24265 -0.970114 0
    outer loop
      vertex 8.68515 23.8898 7
      vertex 8.5852 23.8648 0
      vertex 8.68515 23.8898 0
    endloop
  endfacet
  facet normal -0.146556 0.989202 0
    outer loop
      vertex 9.09484 21.8302 0
      vertex 8.99292 21.8151 7
      vertex 9.09484 21.8302 7
    endloop
  endfacet
  facet normal -0.146556 0.989202 0
    outer loop
      vertex 8.99292 21.8151 7
      vertex 9.09484 21.8302 0
      vertex 8.99292 21.8151 0
    endloop
  endfacet
  facet normal -0.741168 0.67132 0
    outer loop
      vertex 9.63246 22.1175 0
      vertex 9.70166 22.1939 7
      vertex 9.70166 22.1939 0
    endloop
  endfacet
  facet normal -0.741168 0.67132 0
    outer loop
      vertex 9.70166 22.1939 7
      vertex 9.63246 22.1175 0
      vertex 9.63246 22.1175 7
    endloop
  endfacet
  facet normal 0.941505 0.337 0
    outer loop
      vertex 7.91993 22.4582 7
      vertex 7.88521 22.5552 0
      vertex 7.88521 22.5552 7
    endloop
  endfacet
  facet normal 0.941505 0.337 0
    outer loop
      vertex 7.88521 22.5552 0
      vertex 7.91993 22.4582 7
      vertex 7.91993 22.4582 0
    endloop
  endfacet
  facet normal 0.857493 -0.514496 0
    outer loop
      vertex 7.96398 23.355 7
      vertex 8.01696 23.4433 0
      vertex 8.01696 23.4433 7
    endloop
  endfacet
  facet normal 0.857493 -0.514496 0
    outer loop
      vertex 8.01696 23.4433 0
      vertex 7.96398 23.355 7
      vertex 7.96398 23.355 0
    endloop
  endfacet
  facet normal -0.514296 0.857613 0
    outer loop
      vertex 9.47335 21.987 0
      vertex 9.38497 21.934 7
      vertex 9.47335 21.987 7
    endloop
  endfacet
  facet normal -0.514296 0.857613 0
    outer loop
      vertex 9.38497 21.934 7
      vertex 9.47335 21.987 0
      vertex 9.38497 21.934 0
    endloop
  endfacet
  facet normal 0.514296 -0.857613 0
    outer loop
      vertex 8.30665 23.733 0
      vertex 8.39503 23.786 7
      vertex 8.30665 23.733 7
    endloop
  endfacet
  facet normal 0.514296 -0.857613 0
    outer loop
      vertex 8.39503 23.786 7
      vertex 8.30665 23.733 0
      vertex 8.39503 23.786 0
    endloop
  endfacet
  facet normal -0.427899 0.903827 0
    outer loop
      vertex 9.38497 21.934 0
      vertex 9.29182 21.8899 7
      vertex 9.38497 21.934 7
    endloop
  endfacet
  facet normal -0.427899 0.903827 0
    outer loop
      vertex 9.29182 21.8899 7
      vertex 9.38497 21.934 0
      vertex 9.29182 21.8899 0
    endloop
  endfacet
  facet normal 0.595204 -0.803574 0
    outer loop
      vertex 8.22389 23.6717 0
      vertex 8.30665 23.733 7
      vertex 8.22389 23.6717 7
    endloop
  endfacet
  facet normal 0.595204 -0.803574 0
    outer loop
      vertex 8.30665 23.733 7
      vertex 8.22389 23.6717 0
      vertex 8.30665 23.733 0
    endloop
  endfacet
  facet normal 0.514296 0.857613 -0
    outer loop
      vertex 8.39503 21.934 0
      vertex 8.30665 21.987 7
      vertex 8.39503 21.934 7
    endloop
  endfacet
  facet normal 0.514296 0.857613 0
    outer loop
      vertex 8.30665 21.987 7
      vertex 8.39503 21.934 0
      vertex 8.30665 21.987 0
    endloop
  endfacet
  facet normal 0.941505 -0.337 0
    outer loop
      vertex 7.88521 23.1648 7
      vertex 7.91993 23.2618 0
      vertex 7.91993 23.2618 7
    endloop
  endfacet
  facet normal 0.941505 -0.337 0
    outer loop
      vertex 7.91993 23.2618 0
      vertex 7.88521 23.1648 7
      vertex 7.88521 23.1648 0
    endloop
  endfacet
  facet normal -0.242627 -0.97012 0
    outer loop
      vertex 9.09484 23.8898 0
      vertex 9.1948 23.8648 7
      vertex 9.09484 23.8898 7
    endloop
  endfacet
  facet normal -0.242627 -0.97012 -0
    outer loop
      vertex 9.1948 23.8648 7
      vertex 9.09484 23.8898 0
      vertex 9.1948 23.8648 0
    endloop
  endfacet
  facet normal 0.595204 0.803574 -0
    outer loop
      vertex 8.30665 21.987 0
      vertex 8.22389 22.0483 7
      vertex 8.30665 21.987 7
    endloop
  endfacet
  facet normal 0.595204 0.803574 0
    outer loop
      vertex 8.22389 22.0483 7
      vertex 8.30665 21.987 0
      vertex 8.22389 22.0483 0
    endloop
  endfacet
  facet normal 0.427899 -0.903827 0
    outer loop
      vertex 8.39503 23.786 0
      vertex 8.48818 23.8301 7
      vertex 8.39503 23.786 7
    endloop
  endfacet
  facet normal 0.427899 -0.903827 0
    outer loop
      vertex 8.48818 23.8301 7
      vertex 8.39503 23.786 0
      vertex 8.48818 23.8301 0
    endloop
  endfacet
  facet normal -0.427899 -0.903827 0
    outer loop
      vertex 9.29182 23.8301 0
      vertex 9.38497 23.786 7
      vertex 9.29182 23.8301 7
    endloop
  endfacet
  facet normal -0.427899 -0.903827 -0
    outer loop
      vertex 9.38497 23.786 7
      vertex 9.29182 23.8301 0
      vertex 9.38497 23.786 0
    endloop
  endfacet
  facet normal 0.803341 -0.59552 0
    outer loop
      vertex 8.01696 23.4433 7
      vertex 8.07834 23.5261 0
      vertex 8.07834 23.5261 7
    endloop
  endfacet
  facet normal 0.803341 -0.59552 0
    outer loop
      vertex 8.07834 23.5261 0
      vertex 8.01696 23.4433 7
      vertex 8.01696 23.4433 0
    endloop
  endfacet
  facet normal -0.85775 0.514068 0
    outer loop
      vertex 9.76304 22.2766 0
      vertex 9.81602 22.365 7
      vertex 9.81602 22.365 0
    endloop
  endfacet
  facet normal -0.85775 0.514068 0
    outer loop
      vertex 9.81602 22.365 7
      vertex 9.76304 22.2766 0
      vertex 9.76304 22.2766 7
    endloop
  endfacet
  facet normal -0.802996 0.595984 0
    outer loop
      vertex 9.70166 22.1939 0
      vertex 9.76304 22.2766 7
      vertex 9.76304 22.2766 0
    endloop
  endfacet
  facet normal -0.802996 0.595984 0
    outer loop
      vertex 9.76304 22.2766 7
      vertex 9.70166 22.1939 0
      vertex 9.70166 22.1939 7
    endloop
  endfacet
  facet normal 0.427899 0.903827 -0
    outer loop
      vertex 8.48818 21.8899 0
      vertex 8.39503 21.934 7
      vertex 8.48818 21.8899 7
    endloop
  endfacet
  facet normal 0.427899 0.903827 0
    outer loop
      vertex 8.39503 21.934 7
      vertex 8.48818 21.8899 0
      vertex 8.39503 21.934 0
    endloop
  endfacet
  facet normal -0.941505 -0.337 0
    outer loop
      vertex 9.89479 23.1648 0
      vertex 9.86007 23.2618 7
      vertex 9.86007 23.2618 0
    endloop
  endfacet
  facet normal -0.941505 -0.337 0
    outer loop
      vertex 9.86007 23.2618 7
      vertex 9.89479 23.1648 0
      vertex 9.89479 23.1648 7
    endloop
  endfacet
  facet normal -0.595204 -0.803574 0
    outer loop
      vertex 9.47335 23.733 0
      vertex 9.55611 23.6717 7
      vertex 9.47335 23.733 7
    endloop
  endfacet
  facet normal -0.595204 -0.803574 -0
    outer loop
      vertex 9.55611 23.6717 7
      vertex 9.47335 23.733 0
      vertex 9.55611 23.6717 0
    endloop
  endfacet
  facet normal 0.904103 -0.427315 0
    outer loop
      vertex 7.91993 23.2618 7
      vertex 7.96398 23.355 0
      vertex 7.96398 23.355 7
    endloop
  endfacet
  facet normal 0.904103 -0.427315 0
    outer loop
      vertex 7.96398 23.355 0
      vertex 7.91993 23.2618 7
      vertex 7.91993 23.2618 0
    endloop
  endfacet
  facet normal 0.802996 0.595984 0
    outer loop
      vertex 8.07834 22.1939 7
      vertex 8.01696 22.2766 0
      vertex 8.01696 22.2766 7
    endloop
  endfacet
  facet normal 0.802996 0.595984 0
    outer loop
      vertex 8.01696 22.2766 0
      vertex 8.07834 22.1939 7
      vertex 8.07834 22.1939 0
    endloop
  endfacet
  facet normal 0.970074 -0.24281 0
    outer loop
      vertex 7.86018 23.0648 7
      vertex 7.88521 23.1648 0
      vertex 7.88521 23.1648 7
    endloop
  endfacet
  facet normal 0.970074 -0.24281 0
    outer loop
      vertex 7.88521 23.1648 0
      vertex 7.86018 23.0648 7
      vertex 7.86018 23.0648 0
    endloop
  endfacet
  facet normal -0.941505 0.337 0
    outer loop
      vertex 9.86007 22.4582 0
      vertex 9.89479 22.5552 7
      vertex 9.89479 22.5552 0
    endloop
  endfacet
  facet normal -0.941505 0.337 0
    outer loop
      vertex 9.89479 22.5552 7
      vertex 9.86007 22.4582 0
      vertex 9.86007 22.4582 7
    endloop
  endfacet
  facet normal 0.0494923 -0.998775 0
    outer loop
      vertex 8.78708 23.9049 0
      vertex 8.89 23.91 7
      vertex 8.78708 23.9049 7
    endloop
  endfacet
  facet normal 0.0494923 -0.998775 0
    outer loop
      vertex 8.89 23.91 7
      vertex 8.78708 23.9049 0
      vertex 8.89 23.91 0
    endloop
  endfacet
  facet normal 0.146542 0.989205 -0
    outer loop
      vertex 8.78708 21.8151 0
      vertex 8.68515 21.8302 7
      vertex 8.78708 21.8151 7
    endloop
  endfacet
  facet normal 0.146542 0.989205 0
    outer loop
      vertex 8.68515 21.8302 7
      vertex 8.78708 21.8151 0
      vertex 8.68515 21.8302 0
    endloop
  endfacet
  facet normal -0.336767 -0.941588 0
    outer loop
      vertex 9.1948 23.8648 0
      vertex 9.29182 23.8301 7
      vertex 9.1948 23.8648 7
    endloop
  endfacet
  facet normal -0.336767 -0.941588 -0
    outer loop
      vertex 9.29182 23.8301 7
      vertex 9.1948 23.8648 0
      vertex 9.29182 23.8301 0
    endloop
  endfacet
  facet normal 0.98917 -0.146774 0
    outer loop
      vertex 7.84506 22.9629 7
      vertex 7.86018 23.0648 0
      vertex 7.86018 23.0648 7
    endloop
  endfacet
  facet normal 0.98917 -0.146774 0
    outer loop
      vertex 7.86018 23.0648 0
      vertex 7.84506 22.9629 7
      vertex 7.84506 22.9629 0
    endloop
  endfacet
  facet normal 0.998793 -0.0491146 0
    outer loop
      vertex 7.84 22.86 7
      vertex 7.84506 22.9629 0
      vertex 7.84506 22.9629 7
    endloop
  endfacet
  facet normal 0.998793 -0.0491146 0
    outer loop
      vertex 7.84506 22.9629 0
      vertex 7.84 22.86 7
      vertex 7.84 22.86 0
    endloop
  endfacet
  facet normal 0.146542 -0.989205 0
    outer loop
      vertex 8.68515 23.8898 0
      vertex 8.78708 23.9049 7
      vertex 8.68515 23.8898 7
    endloop
  endfacet
  facet normal 0.146542 -0.989205 0
    outer loop
      vertex 8.78708 23.9049 7
      vertex 8.68515 23.8898 0
      vertex 8.78708 23.9049 0
    endloop
  endfacet
  facet normal -0.242627 0.97012 0
    outer loop
      vertex 9.1948 21.8552 0
      vertex 9.09484 21.8302 7
      vertex 9.1948 21.8552 7
    endloop
  endfacet
  facet normal -0.242627 0.97012 0
    outer loop
      vertex 9.09484 21.8302 7
      vertex 9.1948 21.8552 0
      vertex 9.09484 21.8302 0
    endloop
  endfacet
  facet normal -0.970074 0.24281 0
    outer loop
      vertex 9.89479 22.5552 0
      vertex 9.91982 22.6552 7
      vertex 9.91982 22.6552 0
    endloop
  endfacet
  facet normal -0.970074 0.24281 0
    outer loop
      vertex 9.91982 22.6552 7
      vertex 9.89479 22.5552 0
      vertex 9.89479 22.5552 7
    endloop
  endfacet
  facet normal 0.741168 0.67132 0
    outer loop
      vertex 8.14754 22.1175 7
      vertex 8.07834 22.1939 0
      vertex 8.07834 22.1939 7
    endloop
  endfacet
  facet normal 0.741168 0.67132 0
    outer loop
      vertex 8.07834 22.1939 0
      vertex 8.14754 22.1175 7
      vertex 8.14754 22.1175 0
    endloop
  endfacet
  facet normal 0.336767 0.941588 -0
    outer loop
      vertex 8.5852 21.8552 0
      vertex 8.48818 21.8899 7
      vertex 8.5852 21.8552 7
    endloop
  endfacet
  facet normal 0.336767 0.941588 0
    outer loop
      vertex 8.48818 21.8899 7
      vertex 8.5852 21.8552 0
      vertex 8.48818 21.8899 0
    endloop
  endfacet
  facet normal -0.0494923 -0.998775 0
    outer loop
      vertex 8.89 23.91 0
      vertex 8.99292 23.9049 7
      vertex 8.89 23.91 7
    endloop
  endfacet
  facet normal -0.0494923 -0.998775 -0
    outer loop
      vertex 8.99292 23.9049 7
      vertex 8.89 23.91 0
      vertex 8.99292 23.9049 0
    endloop
  endfacet
  facet normal 0.671561 0.740949 -0
    outer loop
      vertex 8.22389 22.0483 0
      vertex 8.14754 22.1175 7
      vertex 8.22389 22.0483 7
    endloop
  endfacet
  facet normal 0.671561 0.740949 0
    outer loop
      vertex 8.14754 22.1175 7
      vertex 8.22389 22.0483 0
      vertex 8.14754 22.1175 0
    endloop
  endfacet
  facet normal 0.741168 -0.67132 0
    outer loop
      vertex 8.07834 23.5261 7
      vertex 8.14754 23.6025 0
      vertex 8.14754 23.6025 7
    endloop
  endfacet
  facet normal 0.741168 -0.67132 0
    outer loop
      vertex 8.14754 23.6025 0
      vertex 8.07834 23.5261 7
      vertex 8.07834 23.5261 0
    endloop
  endfacet
  facet normal 0.24265 0.970114 -0
    outer loop
      vertex 8.68515 21.8302 0
      vertex 8.5852 21.8552 7
      vertex 8.68515 21.8302 7
    endloop
  endfacet
  facet normal 0.24265 0.970114 0
    outer loop
      vertex 8.5852 21.8552 7
      vertex 8.68515 21.8302 0
      vertex 8.5852 21.8552 0
    endloop
  endfacet
  facet normal 0.85775 0.514068 0
    outer loop
      vertex 8.01696 22.2766 7
      vertex 7.96398 22.365 0
      vertex 7.96398 22.365 7
    endloop
  endfacet
  facet normal 0.85775 0.514068 0
    outer loop
      vertex 7.96398 22.365 0
      vertex 8.01696 22.2766 7
      vertex 8.01696 22.2766 0
    endloop
  endfacet
  facet normal -0.671561 0.740949 0
    outer loop
      vertex 9.63246 22.1175 0
      vertex 9.55611 22.0483 7
      vertex 9.63246 22.1175 7
    endloop
  endfacet
  facet normal -0.671561 0.740949 0
    outer loop
      vertex 9.55611 22.0483 7
      vertex 9.63246 22.1175 0
      vertex 9.55611 22.0483 0
    endloop
  endfacet
endsolid OpenSCAD_Model
