solid OpenSCAD_Model
  facet normal 0.989176 0.146736 0
    outer loop
      vertex -19.8744 -8.59595 7
      vertex -19.9176 -8.30473 3
      vertex -19.9176 -8.30473 7
    endloop
  endfacet
  facet normal 0.989176 0.146736 0
    outer loop
      vertex -19.9176 -8.30473 3
      vertex -19.8744 -8.59595 7
      vertex -19.8744 -8.59595 3
    endloop
  endfacet
  facet normal 0.998803 0.0489126 0
    outer loop
      vertex -19.86 -8.89 7
      vertex -19.8744 -8.59595 3
      vertex -19.8744 -8.59595 7
    endloop
  endfacet
  facet normal 0.998803 0.0489126 0
    outer loop
      vertex -19.8744 -8.59595 3
      vertex -19.86 -8.89 7
      vertex -19.86 -8.89 3
    endloop
  endfacet
  facet normal 0.969978 0.243191 0
    outer loop
      vertex -19.9176 -8.30473 7
      vertex -19.9892 -8.01915 3
      vertex -19.9892 -8.01915 7
    endloop
  endfacet
  facet normal 0.969978 0.243191 0
    outer loop
      vertex -19.9892 -8.01915 3
      vertex -19.9176 -8.30473 7
      vertex -19.9176 -8.30473 3
    endloop
  endfacet
  facet normal 0.998803 -0.0489126 0
    outer loop
      vertex -19.8744 -9.18405 7
      vertex -19.86 -8.89 3
      vertex -19.86 -8.89 7
    endloop
  endfacet
  facet normal 0.998803 -0.0489126 0
    outer loop
      vertex -19.86 -8.89 3
      vertex -19.8744 -9.18405 7
      vertex -19.8744 -9.18405 3
    endloop
  endfacet
  facet normal -0.0489044 -0.998803 0
    outer loop
      vertex -23.1541 -11.8756 3
      vertex -22.86 -11.89 7
      vertex -23.1541 -11.8756 7
    endloop
  endfacet
  facet normal -0.0489044 -0.998803 -0
    outer loop
      vertex -22.86 -11.89 7
      vertex -23.1541 -11.8756 3
      vertex -22.86 -11.89 3
    endloop
  endfacet
  facet normal 0.941507 -0.336993 0
    outer loop
      vertex -20.0884 -10.038 7
      vertex -19.9892 -9.76085 3
      vertex -19.9892 -9.76085 7
    endloop
  endfacet
  facet normal 0.941507 -0.336993 0
    outer loop
      vertex -19.9892 -9.76085 3
      vertex -20.0884 -10.038 7
      vertex -20.0884 -10.038 3
    endloop
  endfacet
  facet normal -0.514246 -0.857643 0
    outer loop
      vertex -24.5267 -11.3844 3
      vertex -24.2742 -11.5358 7
      vertex -24.5267 -11.3844 7
    endloop
  endfacet
  facet normal -0.514246 -0.857643 -0
    outer loop
      vertex -24.2742 -11.5358 7
      vertex -24.5267 -11.3844 3
      vertex -24.2742 -11.5358 3
    endloop
  endfacet
  facet normal -0.904088 0.427347 0
    outer loop
      vertex -25.6316 -7.74195 3
      vertex -25.5058 -7.47581 7
      vertex -25.5058 -7.47581 3
    endloop
  endfacet
  facet normal -0.904088 0.427347 0
    outer loop
      vertex -25.5058 -7.47581 7
      vertex -25.6316 -7.74195 3
      vertex -25.6316 -7.74195 7
    endloop
  endfacet
  facet normal -0.969978 0.243191 0
    outer loop
      vertex -25.8024 -8.30473 3
      vertex -25.7308 -8.01915 7
      vertex -25.7308 -8.01915 3
    endloop
  endfacet
  facet normal -0.969978 0.243191 0
    outer loop
      vertex -25.7308 -8.01915 7
      vertex -25.8024 -8.30473 3
      vertex -25.8024 -8.30473 7
    endloop
  endfacet
  facet normal 0.740908 -0.671607 0
    outer loop
      vertex -20.7387 -11.0113 7
      vertex -20.541 -10.7932 3
      vertex -20.541 -10.7932 7
    endloop
  endfacet
  facet normal 0.740908 -0.671607 0
    outer loop
      vertex -20.541 -10.7932 3
      vertex -20.7387 -11.0113 7
      vertex -20.7387 -11.0113 3
    endloop
  endfacet
  facet normal 0.243175 -0.969982 0
    outer loop
      vertex -22.2747 -11.8324 3
      vertex -21.9891 -11.7608 7
      vertex -22.2747 -11.8324 7
    endloop
  endfacet
  facet normal 0.243175 -0.969982 0
    outer loop
      vertex -21.9891 -11.7608 7
      vertex -22.2747 -11.8324 3
      vertex -21.9891 -11.7608 3
    endloop
  endfacet
  facet normal -0.998803 -0.0489126 0
    outer loop
      vertex -25.8456 -9.18405 3
      vertex -25.86 -8.89 7
      vertex -25.86 -8.89 3
    endloop
  endfacet
  facet normal -0.998803 -0.0489126 0
    outer loop
      vertex -25.86 -8.89 7
      vertex -25.8456 -9.18405 3
      vertex -25.8456 -9.18405 7
    endloop
  endfacet
  facet normal 0.427622 0.903958 -0
    outer loop
      vertex -21.4458 -6.24424 3
      vertex -21.7119 -6.11836 7
      vertex -21.4458 -6.24424 7
    endloop
  endfacet
  facet normal 0.427622 0.903958 0
    outer loop
      vertex -21.7119 -6.11836 7
      vertex -21.4458 -6.24424 3
      vertex -21.7119 -6.11836 3
    endloop
  endfacet
  facet normal 0.857661 0.514216 0
    outer loop
      vertex -20.2142 -7.47581 7
      vertex -20.3656 -7.22329 3
      vertex -20.3656 -7.22329 7
    endloop
  endfacet
  facet normal 0.857661 0.514216 0
    outer loop
      vertex -20.3656 -7.22329 3
      vertex -20.2142 -7.47581 7
      vertex -20.2142 -7.47581 3
    endloop
  endfacet
  facet normal 0.904125 -0.427269 0
    outer loop
      vertex -20.2142 -10.3042 7
      vertex -20.0884 -10.038 3
      vertex -20.0884 -10.038 7
    endloop
  endfacet
  facet normal 0.904125 -0.427269 0
    outer loop
      vertex -20.0884 -10.038 3
      vertex -20.2142 -10.3042 7
      vertex -20.2142 -10.3042 3
    endloop
  endfacet
  facet normal -0.803208 -0.595699 0
    outer loop
      vertex -25.179 -10.7932 3
      vertex -25.3544 -10.5567 7
      vertex -25.3544 -10.5567 3
    endloop
  endfacet
  facet normal -0.803208 -0.595699 0
    outer loop
      vertex -25.3544 -10.5567 7
      vertex -25.179 -10.7932 3
      vertex -25.179 -10.7932 7
    endloop
  endfacet
  facet normal 0.989176 -0.146736 0
    outer loop
      vertex -19.9176 -9.47527 7
      vertex -19.8744 -9.18405 3
      vertex -19.8744 -9.18405 7
    endloop
  endfacet
  facet normal 0.989176 -0.146736 0
    outer loop
      vertex -19.8744 -9.18405 3
      vertex -19.9176 -9.47527 7
      vertex -19.9176 -9.47527 3
    endloop
  endfacet
  facet normal -0.671625 0.740891 0
    outer loop
      vertex -24.7632 -6.57097 3
      vertex -24.9813 -6.76868 7
      vertex -24.7632 -6.57097 7
    endloop
  endfacet
  facet normal -0.671625 0.740891 0
    outer loop
      vertex -24.9813 -6.76868 7
      vertex -24.7632 -6.57097 3
      vertex -24.9813 -6.76868 3
    endloop
  endfacet
  facet normal -0.146746 -0.989174 0
    outer loop
      vertex -23.4453 -11.8324 3
      vertex -23.1541 -11.8756 7
      vertex -23.4453 -11.8324 7
    endloop
  endfacet
  facet normal -0.146746 -0.989174 -0
    outer loop
      vertex -23.1541 -11.8756 7
      vertex -23.4453 -11.8324 3
      vertex -23.1541 -11.8756 3
    endloop
  endfacet
  facet normal 0.740969 0.671539 0
    outer loop
      vertex -20.541 -6.98682 7
      vertex -20.7387 -6.76868 3
      vertex -20.7387 -6.76868 7
    endloop
  endfacet
  facet normal 0.740969 0.671539 0
    outer loop
      vertex -20.7387 -6.76868 3
      vertex -20.541 -6.98682 7
      vertex -20.541 -6.98682 3
    endloop
  endfacet
  facet normal -0.337047 -0.941488 0
    outer loop
      vertex -24.008 -11.6616 3
      vertex -23.7309 -11.7608 7
      vertex -24.008 -11.6616 7
    endloop
  endfacet
  facet normal -0.337047 -0.941488 -0
    outer loop
      vertex -23.7309 -11.7608 7
      vertex -24.008 -11.6616 3
      vertex -23.7309 -11.7608 3
    endloop
  endfacet
  facet normal 0.514121 0.857718 -0
    outer loop
      vertex -21.1933 -6.39559 3
      vertex -21.4458 -6.24424 7
      vertex -21.1933 -6.39559 7
    endloop
  endfacet
  facet normal 0.514121 0.857718 0
    outer loop
      vertex -21.4458 -6.24424 7
      vertex -21.1933 -6.39559 3
      vertex -21.4458 -6.24424 3
    endloop
  endfacet
  facet normal 0.146746 -0.989174 0
    outer loop
      vertex -22.5659 -11.8756 3
      vertex -22.2747 -11.8324 7
      vertex -22.5659 -11.8756 7
    endloop
  endfacet
  facet normal 0.146746 -0.989174 0
    outer loop
      vertex -22.2747 -11.8324 7
      vertex -22.5659 -11.8756 3
      vertex -22.2747 -11.8324 3
    endloop
  endfacet
  facet normal -0.989176 -0.146736 0
    outer loop
      vertex -25.8024 -9.47527 3
      vertex -25.8456 -9.18405 7
      vertex -25.8456 -9.18405 3
    endloop
  endfacet
  facet normal -0.989176 -0.146736 0
    outer loop
      vertex -25.8456 -9.18405 7
      vertex -25.8024 -9.47527 3
      vertex -25.8024 -9.47527 7
    endloop
  endfacet
  facet normal -0.595655 0.803241 0
    outer loop
      vertex -24.5267 -6.39559 3
      vertex -24.7632 -6.57097 7
      vertex -24.5267 -6.39559 7
    endloop
  endfacet
  facet normal -0.595655 0.803241 0
    outer loop
      vertex -24.7632 -6.57097 7
      vertex -24.5267 -6.39559 3
      vertex -24.7632 -6.57097 3
    endloop
  endfacet
  facet normal -0.336986 0.94151 0
    outer loop
      vertex -23.7309 -6.01918 3
      vertex -24.008 -6.11836 7
      vertex -23.7309 -6.01918 7
    endloop
  endfacet
  facet normal -0.336986 0.94151 0
    outer loop
      vertex -24.008 -6.11836 7
      vertex -23.7309 -6.01918 3
      vertex -24.008 -6.11836 3
    endloop
  endfacet
  facet normal 0.671607 -0.740908 0
    outer loop
      vertex -20.9568 -11.209 3
      vertex -20.7387 -11.0113 7
      vertex -20.9568 -11.209 7
    endloop
  endfacet
  facet normal 0.671607 -0.740908 0
    outer loop
      vertex -20.7387 -11.0113 7
      vertex -20.9568 -11.209 3
      vertex -20.7387 -11.0113 3
    endloop
  endfacet
  facet normal -0.595699 -0.803208 0
    outer loop
      vertex -24.7632 -11.209 3
      vertex -24.5267 -11.3844 7
      vertex -24.7632 -11.209 7
    endloop
  endfacet
  facet normal -0.595699 -0.803208 -0
    outer loop
      vertex -24.5267 -11.3844 7
      vertex -24.7632 -11.209 3
      vertex -24.5267 -11.3844 3
    endloop
  endfacet
  facet normal 0.857643 -0.514246 0
    outer loop
      vertex -20.3656 -10.5567 7
      vertex -20.2142 -10.3042 3
      vertex -20.2142 -10.3042 7
    endloop
  endfacet
  facet normal 0.857643 -0.514246 0
    outer loop
      vertex -20.2142 -10.3042 3
      vertex -20.3656 -10.5567 7
      vertex -20.3656 -10.5567 3
    endloop
  endfacet
  facet normal -0.969978 -0.243191 0
    outer loop
      vertex -25.7308 -9.76085 3
      vertex -25.8024 -9.47527 7
      vertex -25.8024 -9.47527 3
    endloop
  endfacet
  facet normal -0.969978 -0.243191 0
    outer loop
      vertex -25.8024 -9.47527 7
      vertex -25.7308 -9.76085 3
      vertex -25.7308 -9.76085 7
    endloop
  endfacet
  facet normal 0.146712 0.989179 -0
    outer loop
      vertex -22.2747 -5.94764 3
      vertex -22.5659 -5.90445 7
      vertex -22.2747 -5.94764 7
    endloop
  endfacet
  facet normal 0.146712 0.989179 0
    outer loop
      vertex -22.5659 -5.90445 7
      vertex -22.2747 -5.94764 3
      vertex -22.5659 -5.90445 3
    endloop
  endfacet
  facet normal 0.803172 0.595747 0
    outer loop
      vertex -20.3656 -7.22329 7
      vertex -20.541 -6.98682 3
      vertex -20.541 -6.98682 7
    endloop
  endfacet
  facet normal 0.803172 0.595747 0
    outer loop
      vertex -20.541 -6.98682 3
      vertex -20.3656 -7.22329 7
      vertex -20.3656 -7.22329 3
    endloop
  endfacet
  facet normal 0 0 1
    outer loop
      vertex 19.9892 8.01915 3
      vertex -19.9892 8.01915 3
      vertex 20.0884 7.74195 3
    endloop
  endfacet
  facet normal 0 0 1
    outer loop
      vertex 20.0884 -7.74195 3
      vertex -19.8744 -8.59595 3
      vertex -19.86 -8.89 3
    endloop
  endfacet
  facet normal 0 0 1
    outer loop
      vertex -20.0884 7.74195 3
      vertex 20.0884 7.74195 3
      vertex -19.9892 8.01915 3
    endloop
  endfacet
  facet normal 0 0 1
    outer loop
      vertex 20.0884 -7.74195 3
      vertex -19.9176 -8.30473 3
      vertex -19.8744 -8.59595 3
    endloop
  endfacet
  facet normal 0 0 1
    outer loop
      vertex 20.0884 7.74195 3
      vertex -20.0884 7.74195 3
      vertex 20.0884 -7.74195 3
    endloop
  endfacet
  facet normal 0 0 1
    outer loop
      vertex 20.0884 -7.74195 3
      vertex -19.9892 -8.01915 3
      vertex -19.9176 -8.30473 3
    endloop
  endfacet
  facet normal 0 0 1
    outer loop
      vertex -20.0884 -7.74195 3
      vertex 20.0884 -7.74195 3
      vertex -20.0884 7.74195 3
    endloop
  endfacet
  facet normal 0 0 1
    outer loop
      vertex 20.0884 -7.74195 3
      vertex -20.0884 -7.74195 3
      vertex -19.9892 -8.01915 3
    endloop
  endfacet
  facet normal -0 0 1
    outer loop
      vertex -20.2142 7.47581 3
      vertex -20.0884 -7.74195 3
      vertex -20.0884 7.74195 3
    endloop
  endfacet
  facet normal 0 0 1
    outer loop
      vertex -20.2142 7.47581 3
      vertex -20.2142 -7.47581 3
      vertex -20.0884 -7.74195 3
    endloop
  endfacet
  facet normal -0 0 1
    outer loop
      vertex -20.3656 7.22329 3
      vertex -20.2142 -7.47581 3
      vertex -20.2142 7.47581 3
    endloop
  endfacet
  facet normal 0 0 1
    outer loop
      vertex -20.3656 7.22329 3
      vertex -20.3656 -7.22329 3
      vertex -20.2142 -7.47581 3
    endloop
  endfacet
  facet normal -0 0 1
    outer loop
      vertex -20.541 6.98682 3
      vertex -20.3656 -7.22329 3
      vertex -20.3656 7.22329 3
    endloop
  endfacet
  facet normal 0 0 1
    outer loop
      vertex -20.541 6.98682 3
      vertex -20.541 -6.98682 3
      vertex -20.3656 -7.22329 3
    endloop
  endfacet
  facet normal -0 0 1
    outer loop
      vertex -20.7387 6.76868 3
      vertex -20.541 -6.98682 3
      vertex -20.541 6.98682 3
    endloop
  endfacet
  facet normal 0 0 1
    outer loop
      vertex -20.7387 6.76868 3
      vertex -20.7387 -6.76868 3
      vertex -20.541 -6.98682 3
    endloop
  endfacet
  facet normal -0 0 1
    outer loop
      vertex -20.9568 6.57097 3
      vertex -20.7387 -6.76868 3
      vertex -20.7387 6.76868 3
    endloop
  endfacet
  facet normal 0 0 1
    outer loop
      vertex -20.9568 6.57097 3
      vertex -20.9568 -6.57097 3
      vertex -20.7387 -6.76868 3
    endloop
  endfacet
  facet normal -0 0 1
    outer loop
      vertex -21.1933 6.39559 3
      vertex -20.9568 -6.57097 3
      vertex -20.9568 6.57097 3
    endloop
  endfacet
  facet normal 0 0 1
    outer loop
      vertex -21.1933 6.39559 3
      vertex -21.1933 -6.39559 3
      vertex -20.9568 -6.57097 3
    endloop
  endfacet
  facet normal -0 0 1
    outer loop
      vertex -21.4458 6.24424 3
      vertex -21.1933 -6.39559 3
      vertex -21.1933 6.39559 3
    endloop
  endfacet
  facet normal 0 0 1
    outer loop
      vertex -21.4458 6.24424 3
      vertex -21.4458 -6.24424 3
      vertex -21.1933 -6.39559 3
    endloop
  endfacet
  facet normal -0 0 1
    outer loop
      vertex -21.7119 6.11836 3
      vertex -21.4458 -6.24424 3
      vertex -21.4458 6.24424 3
    endloop
  endfacet
  facet normal 0 0 1
    outer loop
      vertex -21.7119 6.11836 3
      vertex -21.7119 -6.11836 3
      vertex -21.4458 -6.24424 3
    endloop
  endfacet
  facet normal -0 0 1
    outer loop
      vertex -21.9891 6.01918 3
      vertex -21.7119 -6.11836 3
      vertex -21.7119 6.11836 3
    endloop
  endfacet
  facet normal 0 0 1
    outer loop
      vertex -21.9891 6.01918 3
      vertex -21.9891 -6.01918 3
      vertex -21.7119 -6.11836 3
    endloop
  endfacet
  facet normal -0 0 1
    outer loop
      vertex -22.2747 5.94764 3
      vertex -21.9891 -6.01918 3
      vertex -21.9891 6.01918 3
    endloop
  endfacet
  facet normal 0 0 1
    outer loop
      vertex -22.2747 5.94764 3
      vertex -22.2747 -5.94764 3
      vertex -21.9891 -6.01918 3
    endloop
  endfacet
  facet normal -0 0 1
    outer loop
      vertex -22.5659 5.90445 3
      vertex -22.2747 -5.94764 3
      vertex -22.2747 5.94764 3
    endloop
  endfacet
  facet normal 0 0 1
    outer loop
      vertex -22.5659 5.90445 3
      vertex -22.5659 -5.90445 3
      vertex -22.2747 -5.94764 3
    endloop
  endfacet
  facet normal -0 0 1
    outer loop
      vertex -22.86 5.89 3
      vertex -22.5659 -5.90445 3
      vertex -22.5659 5.90445 3
    endloop
  endfacet
  facet normal 0 0 1
    outer loop
      vertex -22.86 5.89 3
      vertex -22.86 -5.89 3
      vertex -22.5659 -5.90445 3
    endloop
  endfacet
  facet normal 0 0 1
    outer loop
      vertex -23.1541 5.90445 3
      vertex -22.86 -5.89 3
      vertex -22.86 5.89 3
    endloop
  endfacet
  facet normal 0 0 1
    outer loop
      vertex -23.1541 5.90445 3
      vertex -23.1541 -5.90445 3
      vertex -22.86 -5.89 3
    endloop
  endfacet
  facet normal 0 0 1
    outer loop
      vertex -23.4453 5.94764 3
      vertex -23.1541 -5.90445 3
      vertex -23.1541 5.90445 3
    endloop
  endfacet
  facet normal 0 0 1
    outer loop
      vertex -23.4453 5.94764 3
      vertex -23.4453 -5.94764 3
      vertex -23.1541 -5.90445 3
    endloop
  endfacet
  facet normal 0 0 1
    outer loop
      vertex -23.7309 6.01918 3
      vertex -23.4453 -5.94764 3
      vertex -23.4453 5.94764 3
    endloop
  endfacet
  facet normal 0 0 1
    outer loop
      vertex -23.7309 6.01918 3
      vertex -23.7309 -6.01918 3
      vertex -23.4453 -5.94764 3
    endloop
  endfacet
  facet normal 0 0 1
    outer loop
      vertex -24.008 6.11836 3
      vertex -23.7309 -6.01918 3
      vertex -23.7309 6.01918 3
    endloop
  endfacet
  facet normal 0 0 1
    outer loop
      vertex -24.008 6.11836 3
      vertex -24.008 -6.11836 3
      vertex -23.7309 -6.01918 3
    endloop
  endfacet
  facet normal 0 0 1
    outer loop
      vertex -24.2742 6.24424 3
      vertex -24.008 -6.11836 3
      vertex -24.008 6.11836 3
    endloop
  endfacet
  facet normal 0 0 1
    outer loop
      vertex -24.2742 6.24424 3
      vertex -24.2742 -6.24424 3
      vertex -24.008 -6.11836 3
    endloop
  endfacet
  facet normal 0 0 1
    outer loop
      vertex -24.5267 6.39559 3
      vertex -24.2742 -6.24424 3
      vertex -24.2742 6.24424 3
    endloop
  endfacet
  facet normal 0 0 1
    outer loop
      vertex -24.5267 6.39559 3
      vertex -24.5267 -6.39559 3
      vertex -24.2742 -6.24424 3
    endloop
  endfacet
  facet normal 0 0 1
    outer loop
      vertex -24.7632 6.57097 3
      vertex -24.5267 -6.39559 3
      vertex -24.5267 6.39559 3
    endloop
  endfacet
  facet normal 0 0 1
    outer loop
      vertex -24.7632 6.57097 3
      vertex -24.7632 -6.57097 3
      vertex -24.5267 -6.39559 3
    endloop
  endfacet
  facet normal 0 0 1
    outer loop
      vertex -24.9813 6.76868 3
      vertex -24.7632 -6.57097 3
      vertex -24.7632 6.57097 3
    endloop
  endfacet
  facet normal 0 0 1
    outer loop
      vertex -24.9813 6.76868 3
      vertex -24.9813 -6.76868 3
      vertex -24.7632 -6.57097 3
    endloop
  endfacet
  facet normal 0 0 1
    outer loop
      vertex -25.179 6.98682 3
      vertex -24.9813 -6.76868 3
      vertex -24.9813 6.76868 3
    endloop
  endfacet
  facet normal 0 0 1
    outer loop
      vertex -25.179 6.98682 3
      vertex -25.179 -6.98682 3
      vertex -24.9813 -6.76868 3
    endloop
  endfacet
  facet normal 0 0 1
    outer loop
      vertex -25.3544 7.22329 3
      vertex -25.179 -6.98682 3
      vertex -25.179 6.98682 3
    endloop
  endfacet
  facet normal 0 0 1
    outer loop
      vertex -25.3544 7.22329 3
      vertex -25.3544 -7.22329 3
      vertex -25.179 -6.98682 3
    endloop
  endfacet
  facet normal 0 0 1
    outer loop
      vertex -25.5058 7.47581 3
      vertex -25.3544 -7.22329 3
      vertex -25.3544 7.22329 3
    endloop
  endfacet
  facet normal 0 0 1
    outer loop
      vertex -25.5058 7.47581 3
      vertex -25.5058 -7.47581 3
      vertex -25.3544 -7.22329 3
    endloop
  endfacet
  facet normal 0 0 1
    outer loop
      vertex -25.6316 7.74195 3
      vertex -25.5058 -7.47581 3
      vertex -25.5058 7.47581 3
    endloop
  endfacet
  facet normal 0 0 1
    outer loop
      vertex -25.6316 7.74195 3
      vertex -25.6316 -7.74195 3
      vertex -25.5058 -7.47581 3
    endloop
  endfacet
  facet normal 0 0 1
    outer loop
      vertex -25.7308 8.01915 3
      vertex -25.6316 -7.74195 3
      vertex -25.6316 7.74195 3
    endloop
  endfacet
  facet normal 0 0 1
    outer loop
      vertex -25.7308 8.01915 3
      vertex -25.7308 -8.01915 3
      vertex -25.6316 -7.74195 3
    endloop
  endfacet
  facet normal 0 0 1
    outer loop
      vertex -25.8024 8.30473 3
      vertex -25.7308 -8.01915 3
      vertex -25.7308 8.01915 3
    endloop
  endfacet
  facet normal 0 0 1
    outer loop
      vertex -25.8024 8.30473 3
      vertex -25.8024 -8.30473 3
      vertex -25.7308 -8.01915 3
    endloop
  endfacet
  facet normal 0 0 1
    outer loop
      vertex -29.86 21 3
      vertex -25.8024 8.30473 3
      vertex -25.8456 8.59595 3
    endloop
  endfacet
  facet normal 0 0 1
    outer loop
      vertex -25.8024 8.30473 3
      vertex -29.86 21 3
      vertex -25.8024 -8.30473 3
    endloop
  endfacet
  facet normal 0 0 1
    outer loop
      vertex -29.86 21 3
      vertex -25.8456 8.59595 3
      vertex -25.86 8.89 3
    endloop
  endfacet
  facet normal 0 0 1
    outer loop
      vertex -29.86 -21 3
      vertex -25.8024 -8.30473 3
      vertex -29.86 21 3
    endloop
  endfacet
  facet normal 0 0 1
    outer loop
      vertex 29.86 21 3
      vertex 25.8024 8.30473 3
      vertex 29.86 -21 3
    endloop
  endfacet
  facet normal 0 0 1
    outer loop
      vertex 29.86 -21 3
      vertex 25.8456 -8.59595 3
      vertex 25.86 -8.89 3
    endloop
  endfacet
  facet normal -0 0 1
    outer loop
      vertex 25.8024 -8.30473 3
      vertex 29.86 -21 3
      vertex 25.8024 8.30473 3
    endloop
  endfacet
  facet normal 0 0 1
    outer loop
      vertex 29.86 -21 3
      vertex 25.8024 -8.30473 3
      vertex 25.8456 -8.59595 3
    endloop
  endfacet
  facet normal -0 0 1
    outer loop
      vertex 25.7308 8.01915 3
      vertex 25.8024 -8.30473 3
      vertex 25.8024 8.30473 3
    endloop
  endfacet
  facet normal 0 0 1
    outer loop
      vertex 25.7308 8.01915 3
      vertex 25.7308 -8.01915 3
      vertex 25.8024 -8.30473 3
    endloop
  endfacet
  facet normal -0 0 1
    outer loop
      vertex 25.6316 7.74195 3
      vertex 25.7308 -8.01915 3
      vertex 25.7308 8.01915 3
    endloop
  endfacet
  facet normal 0 0 1
    outer loop
      vertex 25.6316 7.74195 3
      vertex 25.6316 -7.74195 3
      vertex 25.7308 -8.01915 3
    endloop
  endfacet
  facet normal -0 0 1
    outer loop
      vertex 25.5058 7.47581 3
      vertex 25.6316 -7.74195 3
      vertex 25.6316 7.74195 3
    endloop
  endfacet
  facet normal 0 0 1
    outer loop
      vertex 25.5058 7.47581 3
      vertex 25.5058 -7.47581 3
      vertex 25.6316 -7.74195 3
    endloop
  endfacet
  facet normal -0 0 1
    outer loop
      vertex 25.3544 7.22329 3
      vertex 25.5058 -7.47581 3
      vertex 25.5058 7.47581 3
    endloop
  endfacet
  facet normal 0 0 1
    outer loop
      vertex 25.3544 7.22329 3
      vertex 25.3544 -7.22329 3
      vertex 25.5058 -7.47581 3
    endloop
  endfacet
  facet normal -0 0 1
    outer loop
      vertex 25.179 6.98682 3
      vertex 25.3544 -7.22329 3
      vertex 25.3544 7.22329 3
    endloop
  endfacet
  facet normal 0 0 1
    outer loop
      vertex 25.179 6.98682 3
      vertex 25.179 -6.98682 3
      vertex 25.3544 -7.22329 3
    endloop
  endfacet
  facet normal -0 0 1
    outer loop
      vertex 24.9813 6.76868 3
      vertex 25.179 -6.98682 3
      vertex 25.179 6.98682 3
    endloop
  endfacet
  facet normal 0 0 1
    outer loop
      vertex 24.9813 6.76868 3
      vertex 24.9813 -6.76868 3
      vertex 25.179 -6.98682 3
    endloop
  endfacet
  facet normal -0 0 1
    outer loop
      vertex 24.7632 6.57097 3
      vertex 24.9813 -6.76868 3
      vertex 24.9813 6.76868 3
    endloop
  endfacet
  facet normal 0 0 1
    outer loop
      vertex 24.7632 6.57097 3
      vertex 24.7632 -6.57097 3
      vertex 24.9813 -6.76868 3
    endloop
  endfacet
  facet normal -0 0 1
    outer loop
      vertex 24.5267 6.39559 3
      vertex 24.7632 -6.57097 3
      vertex 24.7632 6.57097 3
    endloop
  endfacet
  facet normal 0 0 1
    outer loop
      vertex 24.5267 6.39559 3
      vertex 24.5267 -6.39559 3
      vertex 24.7632 -6.57097 3
    endloop
  endfacet
  facet normal -0 0 1
    outer loop
      vertex 24.2742 6.24424 3
      vertex 24.5267 -6.39559 3
      vertex 24.5267 6.39559 3
    endloop
  endfacet
  facet normal 0 0 1
    outer loop
      vertex 24.2742 6.24424 3
      vertex 24.2742 -6.24424 3
      vertex 24.5267 -6.39559 3
    endloop
  endfacet
  facet normal -0 0 1
    outer loop
      vertex 24.008 6.11836 3
      vertex 24.2742 -6.24424 3
      vertex 24.2742 6.24424 3
    endloop
  endfacet
  facet normal 0 0 1
    outer loop
      vertex 24.008 6.11836 3
      vertex 24.008 -6.11836 3
      vertex 24.2742 -6.24424 3
    endloop
  endfacet
  facet normal -0 0 1
    outer loop
      vertex 23.7309 6.01918 3
      vertex 24.008 -6.11836 3
      vertex 24.008 6.11836 3
    endloop
  endfacet
  facet normal 0 0 1
    outer loop
      vertex 23.7309 6.01918 3
      vertex 23.7309 -6.01918 3
      vertex 24.008 -6.11836 3
    endloop
  endfacet
  facet normal -0 0 1
    outer loop
      vertex 23.4453 5.94764 3
      vertex 23.7309 -6.01918 3
      vertex 23.7309 6.01918 3
    endloop
  endfacet
  facet normal 0 0 1
    outer loop
      vertex 23.4453 5.94764 3
      vertex 23.4453 -5.94764 3
      vertex 23.7309 -6.01918 3
    endloop
  endfacet
  facet normal -0 0 1
    outer loop
      vertex 23.1541 5.90445 3
      vertex 23.4453 -5.94764 3
      vertex 23.4453 5.94764 3
    endloop
  endfacet
  facet normal 0 0 1
    outer loop
      vertex 23.1541 5.90445 3
      vertex 23.1541 -5.90445 3
      vertex 23.4453 -5.94764 3
    endloop
  endfacet
  facet normal -0 0 1
    outer loop
      vertex 22.86 5.89 3
      vertex 23.1541 -5.90445 3
      vertex 23.1541 5.90445 3
    endloop
  endfacet
  facet normal 0 0 1
    outer loop
      vertex 22.86 5.89 3
      vertex 22.86 -5.89 3
      vertex 23.1541 -5.90445 3
    endloop
  endfacet
  facet normal 0 0 1
    outer loop
      vertex 22.5659 5.90445 3
      vertex 22.86 -5.89 3
      vertex 22.86 5.89 3
    endloop
  endfacet
  facet normal 0 0 1
    outer loop
      vertex 22.5659 5.90445 3
      vertex 22.5659 -5.90445 3
      vertex 22.86 -5.89 3
    endloop
  endfacet
  facet normal 0 0 1
    outer loop
      vertex 22.2747 5.94764 3
      vertex 22.5659 -5.90445 3
      vertex 22.5659 5.90445 3
    endloop
  endfacet
  facet normal 0 0 1
    outer loop
      vertex 22.2747 5.94764 3
      vertex 22.2747 -5.94764 3
      vertex 22.5659 -5.90445 3
    endloop
  endfacet
  facet normal 0 0 1
    outer loop
      vertex 21.9891 6.01918 3
      vertex 22.2747 -5.94764 3
      vertex 22.2747 5.94764 3
    endloop
  endfacet
  facet normal 0 0 1
    outer loop
      vertex 21.9891 6.01918 3
      vertex 21.9891 -6.01918 3
      vertex 22.2747 -5.94764 3
    endloop
  endfacet
  facet normal 0 0 1
    outer loop
      vertex 21.7119 6.11836 3
      vertex 21.9891 -6.01918 3
      vertex 21.9891 6.01918 3
    endloop
  endfacet
  facet normal 0 0 1
    outer loop
      vertex 21.7119 6.11836 3
      vertex 21.7119 -6.11836 3
      vertex 21.9891 -6.01918 3
    endloop
  endfacet
  facet normal 0 0 1
    outer loop
      vertex 21.4458 6.24424 3
      vertex 21.7119 -6.11836 3
      vertex 21.7119 6.11836 3
    endloop
  endfacet
  facet normal 0 0 1
    outer loop
      vertex 21.4458 6.24424 3
      vertex 21.4458 -6.24424 3
      vertex 21.7119 -6.11836 3
    endloop
  endfacet
  facet normal 0 0 1
    outer loop
      vertex 21.1933 6.39559 3
      vertex 21.4458 -6.24424 3
      vertex 21.4458 6.24424 3
    endloop
  endfacet
  facet normal 0 0 1
    outer loop
      vertex 21.1933 6.39559 3
      vertex 21.1933 -6.39559 3
      vertex 21.4458 -6.24424 3
    endloop
  endfacet
  facet normal 0 0 1
    outer loop
      vertex 20.9568 6.57097 3
      vertex 21.1933 -6.39559 3
      vertex 21.1933 6.39559 3
    endloop
  endfacet
  facet normal 0 0 1
    outer loop
      vertex 20.9568 6.57097 3
      vertex 20.9568 -6.57097 3
      vertex 21.1933 -6.39559 3
    endloop
  endfacet
  facet normal 0 0 1
    outer loop
      vertex 20.7387 6.76868 3
      vertex 20.9568 -6.57097 3
      vertex 20.9568 6.57097 3
    endloop
  endfacet
  facet normal 0 0 1
    outer loop
      vertex 20.7387 6.76868 3
      vertex 20.7387 -6.76868 3
      vertex 20.9568 -6.57097 3
    endloop
  endfacet
  facet normal 0 0 1
    outer loop
      vertex 20.541 6.98682 3
      vertex 20.7387 -6.76868 3
      vertex 20.7387 6.76868 3
    endloop
  endfacet
  facet normal 0 0 1
    outer loop
      vertex 20.541 6.98682 3
      vertex 20.541 -6.98682 3
      vertex 20.7387 -6.76868 3
    endloop
  endfacet
  facet normal 0 0 1
    outer loop
      vertex 20.3656 7.22329 3
      vertex 20.541 -6.98682 3
      vertex 20.541 6.98682 3
    endloop
  endfacet
  facet normal 0 0 1
    outer loop
      vertex 20.3656 7.22329 3
      vertex 20.3656 -7.22329 3
      vertex 20.541 -6.98682 3
    endloop
  endfacet
  facet normal 0 0 1
    outer loop
      vertex 20.2142 7.47581 3
      vertex 20.3656 -7.22329 3
      vertex 20.3656 7.22329 3
    endloop
  endfacet
  facet normal 0 0 1
    outer loop
      vertex 20.2142 7.47581 3
      vertex 20.2142 -7.47581 3
      vertex 20.3656 -7.22329 3
    endloop
  endfacet
  facet normal 0 0 1
    outer loop
      vertex 20.0884 7.74195 3
      vertex 20.2142 -7.47581 3
      vertex 20.2142 7.47581 3
    endloop
  endfacet
  facet normal 0 0 1
    outer loop
      vertex 20.0884 7.74195 3
      vertex 20.0884 -7.74195 3
      vertex 20.2142 -7.47581 3
    endloop
  endfacet
  facet normal 0 0 1
    outer loop
      vertex -19.9176 8.30473 3
      vertex 19.9176 8.30473 3
      vertex -19.8744 8.59595 3
    endloop
  endfacet
  facet normal 0 0 1
    outer loop
      vertex 19.9176 8.30473 3
      vertex -19.9176 8.30473 3
      vertex 19.9892 8.01915 3
    endloop
  endfacet
  facet normal 0 0 1
    outer loop
      vertex 19.8744 8.59595 3
      vertex -19.8744 8.59595 3
      vertex 19.9176 8.30473 3
    endloop
  endfacet
  facet normal 0 0 1
    outer loop
      vertex -19.9892 8.01915 3
      vertex 19.9892 8.01915 3
      vertex -19.9176 8.30473 3
    endloop
  endfacet
  facet normal 0 0 1
    outer loop
      vertex -19.8744 8.59595 3
      vertex 19.8744 8.59595 3
      vertex -19.86 8.89 3
    endloop
  endfacet
  facet normal 0 0 1
    outer loop
      vertex 20.0884 -7.74195 3
      vertex -19.86 -8.89 3
      vertex 19.9892 -8.01915 3
    endloop
  endfacet
  facet normal -0 0 1
    outer loop
      vertex -19.86 8.89 3
      vertex 19.8744 8.59595 3
      vertex 19.86 8.89 3
    endloop
  endfacet
  facet normal 0 0 1
    outer loop
      vertex 19.9892 -8.01915 3
      vertex -19.86 -8.89 3
      vertex 19.9176 -8.30473 3
    endloop
  endfacet
  facet normal 0 0 1
    outer loop
      vertex 26.86 24 3
      vertex 29.86 21 3
      vertex 29.8455 21.2941 3
    endloop
  endfacet
  facet normal 0 0 1
    outer loop
      vertex 25.8456 8.59595 3
      vertex 29.86 21 3
      vertex 25.86 8.89 3
    endloop
  endfacet
  facet normal 0 0 1
    outer loop
      vertex 26.86 24 3
      vertex 29.8455 21.2941 3
      vertex 29.8023 21.5853 3
    endloop
  endfacet
  facet normal 0 0 1
    outer loop
      vertex 25.8024 8.30473 3
      vertex 29.86 21 3
      vertex 25.8456 8.59595 3
    endloop
  endfacet
  facet normal 0 0 1
    outer loop
      vertex 26.86 24 3
      vertex 29.8023 21.5853 3
      vertex 29.7308 21.8708 3
    endloop
  endfacet
  facet normal -0 0 1
    outer loop
      vertex 25.8456 -9.18405 3
      vertex 29.86 -21 3
      vertex 25.86 -8.89 3
    endloop
  endfacet
  facet normal 0 0 1
    outer loop
      vertex 26.86 24 3
      vertex 29.7308 21.8708 3
      vertex 29.6316 22.1481 3
    endloop
  endfacet
  facet normal -0 0 1
    outer loop
      vertex 25.8024 -9.47527 3
      vertex 29.86 -21 3
      vertex 25.8456 -9.18405 3
    endloop
  endfacet
  facet normal 0 0 1
    outer loop
      vertex 26.86 24 3
      vertex 29.6316 22.1481 3
      vertex 29.5058 22.4142 3
    endloop
  endfacet
  facet normal -0 0 1
    outer loop
      vertex 25.7308 -9.76085 3
      vertex 29.86 -21 3
      vertex 25.8024 -9.47527 3
    endloop
  endfacet
  facet normal 0 0 1
    outer loop
      vertex 26.86 24 3
      vertex 29.5058 22.4142 3
      vertex 29.3544 22.6667 3
    endloop
  endfacet
  facet normal -0 0 1
    outer loop
      vertex 25.6316 -10.038 3
      vertex 29.86 -21 3
      vertex 25.7308 -9.76085 3
    endloop
  endfacet
  facet normal 0 0 1
    outer loop
      vertex 26.86 24 3
      vertex 29.3544 22.6667 3
      vertex 29.179 22.9032 3
    endloop
  endfacet
  facet normal -0 0 1
    outer loop
      vertex 25.5058 -10.3042 3
      vertex 29.86 -21 3
      vertex 25.6316 -10.038 3
    endloop
  endfacet
  facet normal 0 0 1
    outer loop
      vertex 26.86 24 3
      vertex 29.179 22.9032 3
      vertex 28.9813 23.1213 3
    endloop
  endfacet
  facet normal -0 0 1
    outer loop
      vertex 25.3544 -10.5567 3
      vertex 29.86 -21 3
      vertex 25.5058 -10.3042 3
    endloop
  endfacet
  facet normal 0 0 1
    outer loop
      vertex 26.86 24 3
      vertex 28.9813 23.1213 3
      vertex 28.7632 23.319 3
    endloop
  endfacet
  facet normal -0 0 1
    outer loop
      vertex 25.179 -10.7932 3
      vertex 29.86 -21 3
      vertex 25.3544 -10.5567 3
    endloop
  endfacet
  facet normal 0 0 1
    outer loop
      vertex 26.86 24 3
      vertex 28.7632 23.319 3
      vertex 28.5267 23.4944 3
    endloop
  endfacet
  facet normal -0 0 1
    outer loop
      vertex 24.9813 -11.0113 3
      vertex 29.86 -21 3
      vertex 25.179 -10.7932 3
    endloop
  endfacet
  facet normal 0 0 1
    outer loop
      vertex 26.86 24 3
      vertex 28.5267 23.4944 3
      vertex 28.2742 23.6458 3
    endloop
  endfacet
  facet normal -0 0 1
    outer loop
      vertex 24.7632 -11.209 3
      vertex 29.86 -21 3
      vertex 24.9813 -11.0113 3
    endloop
  endfacet
  facet normal 0 0 1
    outer loop
      vertex 26.86 24 3
      vertex 28.2742 23.6458 3
      vertex 28.008 23.7716 3
    endloop
  endfacet
  facet normal -0 0 1
    outer loop
      vertex 24.5267 -11.3844 3
      vertex 29.86 -21 3
      vertex 24.7632 -11.209 3
    endloop
  endfacet
  facet normal 0 0 1
    outer loop
      vertex 26.86 24 3
      vertex 28.008 23.7716 3
      vertex 27.7308 23.8708 3
    endloop
  endfacet
  facet normal -0 0 1
    outer loop
      vertex 24.2742 -11.5358 3
      vertex 29.86 -21 3
      vertex 24.5267 -11.3844 3
    endloop
  endfacet
  facet normal 0 0 1
    outer loop
      vertex 26.86 24 3
      vertex 27.7308 23.8708 3
      vertex 27.4453 23.9424 3
    endloop
  endfacet
  facet normal -0 0 1
    outer loop
      vertex 24.008 -11.6616 3
      vertex 29.86 -21 3
      vertex 24.2742 -11.5358 3
    endloop
  endfacet
  facet normal 0 0 1
    outer loop
      vertex 26.86 24 3
      vertex 27.4453 23.9424 3
      vertex 27.154 23.9855 3
    endloop
  endfacet
  facet normal -0 0 1
    outer loop
      vertex 23.7309 -11.7608 3
      vertex 29.86 -21 3
      vertex 24.008 -11.6616 3
    endloop
  endfacet
  facet normal 0 0 1
    outer loop
      vertex 23.1541 11.8756 3
      vertex 29.86 21 3
      vertex 26.86 24 3
    endloop
  endfacet
  facet normal -0 0 1
    outer loop
      vertex 23.4453 -11.8324 3
      vertex 29.86 -21 3
      vertex 23.7309 -11.7608 3
    endloop
  endfacet
  facet normal -0 0 1
    outer loop
      vertex 23.1541 -11.8756 3
      vertex 29.86 -21 3
      vertex 23.4453 -11.8324 3
    endloop
  endfacet
  facet normal 0 0 1
    outer loop
      vertex 29.86 21 3
      vertex 25.8456 9.18405 3
      vertex 25.86 8.89 3
    endloop
  endfacet
  facet normal 0 0 1
    outer loop
      vertex 29.86 21 3
      vertex 25.8024 9.47527 3
      vertex 25.8456 9.18405 3
    endloop
  endfacet
  facet normal 0 0 1
    outer loop
      vertex 29.86 21 3
      vertex 25.7308 9.76085 3
      vertex 25.8024 9.47527 3
    endloop
  endfacet
  facet normal 0 0 1
    outer loop
      vertex 29.86 21 3
      vertex 25.6316 10.038 3
      vertex 25.7308 9.76085 3
    endloop
  endfacet
  facet normal 0 0 1
    outer loop
      vertex 29.86 21 3
      vertex 25.5058 10.3042 3
      vertex 25.6316 10.038 3
    endloop
  endfacet
  facet normal 0 0 1
    outer loop
      vertex 29.86 21 3
      vertex 25.3544 10.5567 3
      vertex 25.5058 10.3042 3
    endloop
  endfacet
  facet normal 0 0 1
    outer loop
      vertex 29.86 21 3
      vertex 25.179 10.7932 3
      vertex 25.3544 10.5567 3
    endloop
  endfacet
  facet normal 0 0 1
    outer loop
      vertex 29.86 21 3
      vertex 24.9813 11.0113 3
      vertex 25.179 10.7932 3
    endloop
  endfacet
  facet normal 0 0 1
    outer loop
      vertex 29.86 21 3
      vertex 24.7632 11.209 3
      vertex 24.9813 11.0113 3
    endloop
  endfacet
  facet normal 0 0 1
    outer loop
      vertex 29.86 21 3
      vertex 24.5267 11.3844 3
      vertex 24.7632 11.209 3
    endloop
  endfacet
  facet normal 0 0 1
    outer loop
      vertex 29.86 21 3
      vertex 24.2742 11.5358 3
      vertex 24.5267 11.3844 3
    endloop
  endfacet
  facet normal 0 0 1
    outer loop
      vertex 29.86 21 3
      vertex 24.008 11.6616 3
      vertex 24.2742 11.5358 3
    endloop
  endfacet
  facet normal 0 0 1
    outer loop
      vertex 29.86 21 3
      vertex 23.7309 11.7608 3
      vertex 24.008 11.6616 3
    endloop
  endfacet
  facet normal 0 0 1
    outer loop
      vertex 29.86 21 3
      vertex 23.4453 11.8324 3
      vertex 23.7309 11.7608 3
    endloop
  endfacet
  facet normal 0 0 1
    outer loop
      vertex 29.86 21 3
      vertex 23.1541 11.8756 3
      vertex 23.4453 11.8324 3
    endloop
  endfacet
  facet normal 0 0 1
    outer loop
      vertex 26.86 24 3
      vertex 22.86 11.89 3
      vertex 23.1541 11.8756 3
    endloop
  endfacet
  facet normal 0 0 1
    outer loop
      vertex 26.86 24 3
      vertex 22.5659 11.8756 3
      vertex 22.86 11.89 3
    endloop
  endfacet
  facet normal 0 0 1
    outer loop
      vertex 26.86 24 3
      vertex 22.2747 11.8324 3
      vertex 22.5659 11.8756 3
    endloop
  endfacet
  facet normal 0 0 1
    outer loop
      vertex 26.86 24 3
      vertex 21.9891 11.7608 3
      vertex 22.2747 11.8324 3
    endloop
  endfacet
  facet normal 0 0 1
    outer loop
      vertex 26.86 24 3
      vertex 21.7119 11.6616 3
      vertex 21.9891 11.7608 3
    endloop
  endfacet
  facet normal 0 0 1
    outer loop
      vertex 26.86 24 3
      vertex 21.4458 11.5358 3
      vertex 21.7119 11.6616 3
    endloop
  endfacet
  facet normal 0 0 1
    outer loop
      vertex 26.86 24 3
      vertex 21.1933 11.3844 3
      vertex 21.4458 11.5358 3
    endloop
  endfacet
  facet normal 0 0 1
    outer loop
      vertex 26.86 24 3
      vertex 20.9568 11.209 3
      vertex 21.1933 11.3844 3
    endloop
  endfacet
  facet normal 0 0 1
    outer loop
      vertex 26.86 24 3
      vertex 20.7387 11.0113 3
      vertex 20.9568 11.209 3
    endloop
  endfacet
  facet normal 0 0 1
    outer loop
      vertex 26.86 24 3
      vertex 20.541 10.7932 3
      vertex 20.7387 11.0113 3
    endloop
  endfacet
  facet normal 0 0 1
    outer loop
      vertex -20.541 10.7932 3
      vertex 20.541 10.7932 3
      vertex 26.86 24 3
    endloop
  endfacet
  facet normal 0 0 1
    outer loop
      vertex 20.541 10.7932 3
      vertex -20.541 10.7932 3
      vertex 20.3656 10.5567 3
    endloop
  endfacet
  facet normal 0 0 1
    outer loop
      vertex 19.9176 -8.30473 3
      vertex -19.86 -8.89 3
      vertex 19.8744 -8.59595 3
    endloop
  endfacet
  facet normal 0 0 1
    outer loop
      vertex 19.8744 9.18405 3
      vertex -19.86 8.89 3
      vertex 19.86 8.89 3
    endloop
  endfacet
  facet normal 0 0 1
    outer loop
      vertex -19.8744 9.18405 3
      vertex 19.8744 9.18405 3
      vertex 19.9176 9.47527 3
    endloop
  endfacet
  facet normal 0 0 1
    outer loop
      vertex -19.9176 9.47527 3
      vertex 19.9176 9.47527 3
      vertex 19.9892 9.76085 3
    endloop
  endfacet
  facet normal 0 0 1
    outer loop
      vertex -19.9892 9.76085 3
      vertex 19.9892 9.76085 3
      vertex 20.0884 10.038 3
    endloop
  endfacet
  facet normal 0 0 1
    outer loop
      vertex -20.0884 10.038 3
      vertex 20.0884 10.038 3
      vertex 20.2142 10.3042 3
    endloop
  endfacet
  facet normal 0 -0 1
    outer loop
      vertex -20.3656 10.5567 3
      vertex 20.3656 10.5567 3
      vertex -20.541 10.7932 3
    endloop
  endfacet
  facet normal 0 0 1
    outer loop
      vertex 19.8744 9.18405 3
      vertex -19.8744 9.18405 3
      vertex -19.86 8.89 3
    endloop
  endfacet
  facet normal 0 0 1
    outer loop
      vertex 19.9176 9.47527 3
      vertex -19.9176 9.47527 3
      vertex -19.8744 9.18405 3
    endloop
  endfacet
  facet normal 0 0 1
    outer loop
      vertex 19.9892 9.76085 3
      vertex -19.9892 9.76085 3
      vertex -19.9176 9.47527 3
    endloop
  endfacet
  facet normal 0 0 1
    outer loop
      vertex 20.0884 10.038 3
      vertex -20.0884 10.038 3
      vertex -19.9892 9.76085 3
    endloop
  endfacet
  facet normal 0 0 1
    outer loop
      vertex 20.2142 10.3042 3
      vertex -20.2142 10.3042 3
      vertex -20.0884 10.038 3
    endloop
  endfacet
  facet normal 0 0 1
    outer loop
      vertex 20.2142 10.3042 3
      vertex -20.3656 10.5567 3
      vertex -20.2142 10.3042 3
    endloop
  endfacet
  facet normal 0 0 1
    outer loop
      vertex 20.3656 10.5567 3
      vertex -20.3656 10.5567 3
      vertex 20.2142 10.3042 3
    endloop
  endfacet
  facet normal -0 0 1
    outer loop
      vertex -26.86 24 3
      vertex -20.541 10.7932 3
      vertex 26.86 24 3
    endloop
  endfacet
  facet normal 0 0 1
    outer loop
      vertex -20.541 10.7932 3
      vertex -26.86 24 3
      vertex -20.7387 11.0113 3
    endloop
  endfacet
  facet normal 0 0 1
    outer loop
      vertex -20.7387 11.0113 3
      vertex -26.86 24 3
      vertex -20.9568 11.209 3
    endloop
  endfacet
  facet normal 0 0 1
    outer loop
      vertex -20.9568 11.209 3
      vertex -26.86 24 3
      vertex -21.1933 11.3844 3
    endloop
  endfacet
  facet normal 0 0 1
    outer loop
      vertex -21.1933 11.3844 3
      vertex -26.86 24 3
      vertex -21.4458 11.5358 3
    endloop
  endfacet
  facet normal 0 0 1
    outer loop
      vertex -21.4458 11.5358 3
      vertex -26.86 24 3
      vertex -21.7119 11.6616 3
    endloop
  endfacet
  facet normal 0 0 1
    outer loop
      vertex -21.7119 11.6616 3
      vertex -26.86 24 3
      vertex -21.9891 11.7608 3
    endloop
  endfacet
  facet normal 0 0 1
    outer loop
      vertex -21.9891 11.7608 3
      vertex -26.86 24 3
      vertex -22.2747 11.8324 3
    endloop
  endfacet
  facet normal 0 0 1
    outer loop
      vertex -22.2747 11.8324 3
      vertex -26.86 24 3
      vertex -22.5659 11.8756 3
    endloop
  endfacet
  facet normal 0 0 1
    outer loop
      vertex -22.5659 11.8756 3
      vertex -26.86 24 3
      vertex -22.86 11.89 3
    endloop
  endfacet
  facet normal 0 0 1
    outer loop
      vertex -22.86 11.89 3
      vertex -26.86 24 3
      vertex -23.1541 11.8756 3
    endloop
  endfacet
  facet normal 0 0 1
    outer loop
      vertex -25.8456 9.18405 3
      vertex -29.86 21 3
      vertex -25.86 8.89 3
    endloop
  endfacet
  facet normal 0 0 1
    outer loop
      vertex -25.8024 9.47527 3
      vertex -29.86 21 3
      vertex -25.8456 9.18405 3
    endloop
  endfacet
  facet normal 0 0 1
    outer loop
      vertex -25.7308 9.76085 3
      vertex -29.86 21 3
      vertex -25.8024 9.47527 3
    endloop
  endfacet
  facet normal 0 0 1
    outer loop
      vertex -25.6316 10.038 3
      vertex -29.86 21 3
      vertex -25.7308 9.76085 3
    endloop
  endfacet
  facet normal 0 0 1
    outer loop
      vertex -25.5058 10.3042 3
      vertex -29.86 21 3
      vertex -25.6316 10.038 3
    endloop
  endfacet
  facet normal 0 0 1
    outer loop
      vertex -25.3544 10.5567 3
      vertex -29.86 21 3
      vertex -25.5058 10.3042 3
    endloop
  endfacet
  facet normal 0 0 1
    outer loop
      vertex -25.179 10.7932 3
      vertex -29.86 21 3
      vertex -25.3544 10.5567 3
    endloop
  endfacet
  facet normal 0 0 1
    outer loop
      vertex -24.9813 11.0113 3
      vertex -29.86 21 3
      vertex -25.179 10.7932 3
    endloop
  endfacet
  facet normal 0 0 1
    outer loop
      vertex -24.7632 11.209 3
      vertex -29.86 21 3
      vertex -24.9813 11.0113 3
    endloop
  endfacet
  facet normal 0 0 1
    outer loop
      vertex -24.5267 11.3844 3
      vertex -29.86 21 3
      vertex -24.7632 11.209 3
    endloop
  endfacet
  facet normal 0 0 1
    outer loop
      vertex -24.2742 11.5358 3
      vertex -29.86 21 3
      vertex -24.5267 11.3844 3
    endloop
  endfacet
  facet normal 0 0 1
    outer loop
      vertex -24.008 11.6616 3
      vertex -29.86 21 3
      vertex -24.2742 11.5358 3
    endloop
  endfacet
  facet normal 0 0 1
    outer loop
      vertex -23.7309 11.7608 3
      vertex -29.86 21 3
      vertex -24.008 11.6616 3
    endloop
  endfacet
  facet normal 0 0 1
    outer loop
      vertex -23.4453 11.8324 3
      vertex -29.86 21 3
      vertex -23.7309 11.7608 3
    endloop
  endfacet
  facet normal 0 0 1
    outer loop
      vertex -23.1541 11.8756 3
      vertex -29.86 21 3
      vertex -23.4453 11.8324 3
    endloop
  endfacet
  facet normal -0 0 1
    outer loop
      vertex -29.86 21 3
      vertex -23.1541 11.8756 3
      vertex -26.86 24 3
    endloop
  endfacet
  facet normal 0 0 1
    outer loop
      vertex 29.86 -21 3
      vertex 26.86 -24 3
      vertex 29.8455 -21.2941 3
    endloop
  endfacet
  facet normal 0 0 1
    outer loop
      vertex 29.8455 -21.2941 3
      vertex 26.86 -24 3
      vertex 29.8023 -21.5853 3
    endloop
  endfacet
  facet normal 0 0 1
    outer loop
      vertex 29.8023 -21.5853 3
      vertex 26.86 -24 3
      vertex 29.7308 -21.8708 3
    endloop
  endfacet
  facet normal 0 0 1
    outer loop
      vertex 29.7308 -21.8708 3
      vertex 26.86 -24 3
      vertex 29.6316 -22.1481 3
    endloop
  endfacet
  facet normal 0 0 1
    outer loop
      vertex 29.5058 -22.4142 3
      vertex 26.86 -24 3
      vertex 29.3544 -22.6667 3
    endloop
  endfacet
  facet normal 0 0 1
    outer loop
      vertex 29.3544 -22.6667 3
      vertex 26.86 -24 3
      vertex 29.179 -22.9032 3
    endloop
  endfacet
  facet normal 0 0 1
    outer loop
      vertex 29.179 -22.9032 3
      vertex 26.86 -24 3
      vertex 28.9813 -23.1213 3
    endloop
  endfacet
  facet normal 0 0 1
    outer loop
      vertex 28.9813 -23.1213 3
      vertex 26.86 -24 3
      vertex 28.7632 -23.319 3
    endloop
  endfacet
  facet normal 0 0 1
    outer loop
      vertex 28.5267 -23.4944 3
      vertex 26.86 -24 3
      vertex 28.2742 -23.6458 3
    endloop
  endfacet
  facet normal 0 0 1
    outer loop
      vertex 28.2742 -23.6458 3
      vertex 26.86 -24 3
      vertex 28.008 -23.7716 3
    endloop
  endfacet
  facet normal 0 0 1
    outer loop
      vertex 28.008 -23.7716 3
      vertex 26.86 -24 3
      vertex 27.7308 -23.8708 3
    endloop
  endfacet
  facet normal 0 0 1
    outer loop
      vertex 27.7308 -23.8708 3
      vertex 26.86 -24 3
      vertex 27.4453 -23.9424 3
    endloop
  endfacet
  facet normal 0 0 1
    outer loop
      vertex 27.4453 -23.9424 3
      vertex 26.86 -24 3
      vertex 27.154 -23.9855 3
    endloop
  endfacet
  facet normal 0 0 1
    outer loop
      vertex 28.7632 -23.319 3
      vertex 26.86 -24 3
      vertex 28.5267 -23.4944 3
    endloop
  endfacet
  facet normal 0 0 1
    outer loop
      vertex 29.6316 -22.1481 3
      vertex 26.86 -24 3
      vertex 29.5058 -22.4142 3
    endloop
  endfacet
  facet normal 0 0 1
    outer loop
      vertex 29.86 -21 3
      vertex 23.1541 -11.8756 3
      vertex 26.86 -24 3
    endloop
  endfacet
  facet normal -0 0 1
    outer loop
      vertex 22.86 -11.89 3
      vertex 26.86 -24 3
      vertex 23.1541 -11.8756 3
    endloop
  endfacet
  facet normal 0 0 1
    outer loop
      vertex 22.5659 -11.8756 3
      vertex 26.86 -24 3
      vertex 22.86 -11.89 3
    endloop
  endfacet
  facet normal 0 0 1
    outer loop
      vertex 22.2747 -11.8324 3
      vertex 26.86 -24 3
      vertex 22.5659 -11.8756 3
    endloop
  endfacet
  facet normal 0 0 1
    outer loop
      vertex 21.9891 -11.7608 3
      vertex 26.86 -24 3
      vertex 22.2747 -11.8324 3
    endloop
  endfacet
  facet normal 0 0 1
    outer loop
      vertex 21.7119 -11.6616 3
      vertex 26.86 -24 3
      vertex 21.9891 -11.7608 3
    endloop
  endfacet
  facet normal 0 0 1
    outer loop
      vertex 21.4458 -11.5358 3
      vertex 26.86 -24 3
      vertex 21.7119 -11.6616 3
    endloop
  endfacet
  facet normal 0 0 1
    outer loop
      vertex 21.1933 -11.3844 3
      vertex 26.86 -24 3
      vertex 21.4458 -11.5358 3
    endloop
  endfacet
  facet normal 0 0 1
    outer loop
      vertex 20.9568 -11.209 3
      vertex 26.86 -24 3
      vertex 21.1933 -11.3844 3
    endloop
  endfacet
  facet normal 0 0 1
    outer loop
      vertex 20.7387 -11.0113 3
      vertex 26.86 -24 3
      vertex 20.9568 -11.209 3
    endloop
  endfacet
  facet normal 0 0 1
    outer loop
      vertex 20.541 -10.7932 3
      vertex 26.86 -24 3
      vertex 20.7387 -11.0113 3
    endloop
  endfacet
  facet normal 0 0 1
    outer loop
      vertex -20.541 -10.7932 3
      vertex 20.541 -10.7932 3
      vertex 20.3656 -10.5567 3
    endloop
  endfacet
  facet normal 0 0 1
    outer loop
      vertex -20.3656 -10.5567 3
      vertex 20.3656 -10.5567 3
      vertex 20.2142 -10.3042 3
    endloop
  endfacet
  facet normal 0 0 1
    outer loop
      vertex 19.8744 -8.59595 3
      vertex -19.86 -8.89 3
      vertex 19.86 -8.89 3
    endloop
  endfacet
  facet normal 0 0 1
    outer loop
      vertex 19.86 -8.89 3
      vertex -19.86 -8.89 3
      vertex 19.8744 -9.18405 3
    endloop
  endfacet
  facet normal 0 0 1
    outer loop
      vertex -19.8744 -9.18405 3
      vertex 19.8744 -9.18405 3
      vertex -19.86 -8.89 3
    endloop
  endfacet
  facet normal 0 0 1
    outer loop
      vertex 19.8744 -9.18405 3
      vertex -19.8744 -9.18405 3
      vertex 19.9176 -9.47527 3
    endloop
  endfacet
  facet normal 0 0 1
    outer loop
      vertex -19.9176 -9.47527 3
      vertex 19.9176 -9.47527 3
      vertex -19.8744 -9.18405 3
    endloop
  endfacet
  facet normal 0 0 1
    outer loop
      vertex 19.9176 -9.47527 3
      vertex -19.9176 -9.47527 3
      vertex 19.9892 -9.76085 3
    endloop
  endfacet
  facet normal 0 0 1
    outer loop
      vertex -19.9892 -9.76085 3
      vertex 19.9892 -9.76085 3
      vertex -19.9176 -9.47527 3
    endloop
  endfacet
  facet normal 0 0 1
    outer loop
      vertex 19.9892 -9.76085 3
      vertex -19.9892 -9.76085 3
      vertex 20.0884 -10.038 3
    endloop
  endfacet
  facet normal 0 0 1
    outer loop
      vertex -20.0884 -10.038 3
      vertex 20.0884 -10.038 3
      vertex -19.9892 -9.76085 3
    endloop
  endfacet
  facet normal 0 0 1
    outer loop
      vertex 20.0884 -10.038 3
      vertex -20.0884 -10.038 3
      vertex 20.2142 -10.3042 3
    endloop
  endfacet
  facet normal 0 0 1
    outer loop
      vertex -20.2142 -10.3042 3
      vertex 20.2142 -10.3042 3
      vertex -20.0884 -10.038 3
    endloop
  endfacet
  facet normal 0 0 1
    outer loop
      vertex -20.3656 -10.5567 3
      vertex 20.2142 -10.3042 3
      vertex -20.2142 -10.3042 3
    endloop
  endfacet
  facet normal 0 0 1
    outer loop
      vertex 20.3656 -10.5567 3
      vertex -20.3656 -10.5567 3
      vertex -20.541 -10.7932 3
    endloop
  endfacet
  facet normal 0 0 1
    outer loop
      vertex 20.541 -10.7932 3
      vertex -20.541 -10.7932 3
      vertex 26.86 -24 3
    endloop
  endfacet
  facet normal 0 0 1
    outer loop
      vertex -26.86 -24 3
      vertex -20.541 -10.7932 3
      vertex -20.7387 -11.0113 3
    endloop
  endfacet
  facet normal 0 0 1
    outer loop
      vertex -26.86 -24 3
      vertex -20.7387 -11.0113 3
      vertex -20.9568 -11.209 3
    endloop
  endfacet
  facet normal 0 0 1
    outer loop
      vertex -26.86 -24 3
      vertex -20.9568 -11.209 3
      vertex -21.1933 -11.3844 3
    endloop
  endfacet
  facet normal 0 0 1
    outer loop
      vertex -26.86 -24 3
      vertex -21.1933 -11.3844 3
      vertex -21.4458 -11.5358 3
    endloop
  endfacet
  facet normal 0 0 1
    outer loop
      vertex -26.86 -24 3
      vertex -21.4458 -11.5358 3
      vertex -21.7119 -11.6616 3
    endloop
  endfacet
  facet normal 0 0 1
    outer loop
      vertex -26.86 -24 3
      vertex -21.7119 -11.6616 3
      vertex -21.9891 -11.7608 3
    endloop
  endfacet
  facet normal 0 0 1
    outer loop
      vertex -26.86 -24 3
      vertex -21.9891 -11.7608 3
      vertex -22.2747 -11.8324 3
    endloop
  endfacet
  facet normal 0 0 1
    outer loop
      vertex -26.86 -24 3
      vertex -22.2747 -11.8324 3
      vertex -22.5659 -11.8756 3
    endloop
  endfacet
  facet normal 0 0 1
    outer loop
      vertex -26.86 -24 3
      vertex -22.5659 -11.8756 3
      vertex -22.86 -11.89 3
    endloop
  endfacet
  facet normal 0 0 1
    outer loop
      vertex -26.86 -24 3
      vertex -22.86 -11.89 3
      vertex -23.1541 -11.8756 3
    endloop
  endfacet
  facet normal 0 0 1
    outer loop
      vertex -29.86 -21 3
      vertex -23.1541 -11.8756 3
      vertex -23.4453 -11.8324 3
    endloop
  endfacet
  facet normal 0 0 1
    outer loop
      vertex -20.541 -10.7932 3
      vertex -26.86 -24 3
      vertex 26.86 -24 3
    endloop
  endfacet
  facet normal 0 0 1
    outer loop
      vertex -29.86 -21 3
      vertex -23.4453 -11.8324 3
      vertex -23.7309 -11.7608 3
    endloop
  endfacet
  facet normal 0 0 1
    outer loop
      vertex -29.86 -21 3
      vertex -23.7309 -11.7608 3
      vertex -24.008 -11.6616 3
    endloop
  endfacet
  facet normal 0 0 1
    outer loop
      vertex -29.86 -21 3
      vertex -24.008 -11.6616 3
      vertex -24.2742 -11.5358 3
    endloop
  endfacet
  facet normal 0 0 1
    outer loop
      vertex -29.86 -21 3
      vertex -24.2742 -11.5358 3
      vertex -24.5267 -11.3844 3
    endloop
  endfacet
  facet normal 0 0 1
    outer loop
      vertex -29.86 -21 3
      vertex -24.5267 -11.3844 3
      vertex -24.7632 -11.209 3
    endloop
  endfacet
  facet normal 0 0 1
    outer loop
      vertex -29.86 -21 3
      vertex -24.7632 -11.209 3
      vertex -24.9813 -11.0113 3
    endloop
  endfacet
  facet normal 0 0 1
    outer loop
      vertex -29.86 -21 3
      vertex -24.9813 -11.0113 3
      vertex -25.179 -10.7932 3
    endloop
  endfacet
  facet normal 0 0 1
    outer loop
      vertex -29.86 -21 3
      vertex -25.179 -10.7932 3
      vertex -25.3544 -10.5567 3
    endloop
  endfacet
  facet normal 0 0 1
    outer loop
      vertex -29.86 -21 3
      vertex -25.3544 -10.5567 3
      vertex -25.5058 -10.3042 3
    endloop
  endfacet
  facet normal 0 0 1
    outer loop
      vertex -29.86 -21 3
      vertex -25.5058 -10.3042 3
      vertex -25.6316 -10.038 3
    endloop
  endfacet
  facet normal 0 0 1
    outer loop
      vertex -29.86 -21 3
      vertex -25.6316 -10.038 3
      vertex -25.7308 -9.76085 3
    endloop
  endfacet
  facet normal 0 0 1
    outer loop
      vertex -29.86 -21 3
      vertex -25.7308 -9.76085 3
      vertex -25.8024 -9.47527 3
    endloop
  endfacet
  facet normal 0 0 1
    outer loop
      vertex -29.86 -21 3
      vertex -25.8024 -9.47527 3
      vertex -25.8456 -9.18405 3
    endloop
  endfacet
  facet normal 0 0 1
    outer loop
      vertex -29.86 -21 3
      vertex -25.8456 -9.18405 3
      vertex -25.86 -8.89 3
    endloop
  endfacet
  facet normal 0 0 1
    outer loop
      vertex -25.8024 -8.30473 3
      vertex -29.86 -21 3
      vertex -25.8456 -8.59595 3
    endloop
  endfacet
  facet normal 0 0 1
    outer loop
      vertex -29.86 21 3
      vertex -26.86 24 3
      vertex -27.154 23.9855 3
    endloop
  endfacet
  facet normal 0 0 1
    outer loop
      vertex -25.8456 -8.59595 3
      vertex -29.86 -21 3
      vertex -25.86 -8.89 3
    endloop
  endfacet
  facet normal 0 0 1
    outer loop
      vertex -29.86 21 3
      vertex -27.154 23.9855 3
      vertex -27.4453 23.9424 3
    endloop
  endfacet
  facet normal 0 0 1
    outer loop
      vertex -23.1541 -11.8756 3
      vertex -29.86 -21 3
      vertex -26.86 -24 3
    endloop
  endfacet
  facet normal 0 0 1
    outer loop
      vertex -29.86 21 3
      vertex -27.4453 23.9424 3
      vertex -27.7308 23.8708 3
    endloop
  endfacet
  facet normal 0 0 1
    outer loop
      vertex -26.86 -24 3
      vertex -29.86 -21 3
      vertex -27.154 -23.9855 3
    endloop
  endfacet
  facet normal 0 0 1
    outer loop
      vertex -29.86 21 3
      vertex -27.7308 23.8708 3
      vertex -28.008 23.7716 3
    endloop
  endfacet
  facet normal 0 0 1
    outer loop
      vertex -27.154 -23.9855 3
      vertex -29.86 -21 3
      vertex -27.4453 -23.9424 3
    endloop
  endfacet
  facet normal 0 0 1
    outer loop
      vertex -29.86 21 3
      vertex -28.008 23.7716 3
      vertex -28.2742 23.6458 3
    endloop
  endfacet
  facet normal 0 0 1
    outer loop
      vertex -27.4453 -23.9424 3
      vertex -29.86 -21 3
      vertex -27.7308 -23.8708 3
    endloop
  endfacet
  facet normal 0 0 1
    outer loop
      vertex -29.86 21 3
      vertex -28.2742 23.6458 3
      vertex -28.5267 23.4944 3
    endloop
  endfacet
  facet normal 0 0 1
    outer loop
      vertex -27.7308 -23.8708 3
      vertex -29.86 -21 3
      vertex -28.008 -23.7716 3
    endloop
  endfacet
  facet normal 0 0 1
    outer loop
      vertex -29.86 21 3
      vertex -28.5267 23.4944 3
      vertex -28.7632 23.319 3
    endloop
  endfacet
  facet normal 0 0 1
    outer loop
      vertex -28.008 -23.7716 3
      vertex -29.86 -21 3
      vertex -28.2742 -23.6458 3
    endloop
  endfacet
  facet normal 0 0 1
    outer loop
      vertex -29.86 21 3
      vertex -28.7632 23.319 3
      vertex -28.9813 23.1213 3
    endloop
  endfacet
  facet normal 0 0 1
    outer loop
      vertex -28.2742 -23.6458 3
      vertex -29.86 -21 3
      vertex -28.5267 -23.4944 3
    endloop
  endfacet
  facet normal 0 0 1
    outer loop
      vertex -29.86 21 3
      vertex -28.9813 23.1213 3
      vertex -29.179 22.9032 3
    endloop
  endfacet
  facet normal 0 0 1
    outer loop
      vertex -28.5267 -23.4944 3
      vertex -29.86 -21 3
      vertex -28.7632 -23.319 3
    endloop
  endfacet
  facet normal 0 0 1
    outer loop
      vertex -29.86 21 3
      vertex -29.179 22.9032 3
      vertex -29.3544 22.6667 3
    endloop
  endfacet
  facet normal 0 0 1
    outer loop
      vertex -28.7632 -23.319 3
      vertex -29.86 -21 3
      vertex -28.9813 -23.1213 3
    endloop
  endfacet
  facet normal 0 0 1
    outer loop
      vertex -29.86 21 3
      vertex -29.3544 22.6667 3
      vertex -29.5058 22.4142 3
    endloop
  endfacet
  facet normal 0 0 1
    outer loop
      vertex -28.9813 -23.1213 3
      vertex -29.86 -21 3
      vertex -29.179 -22.9032 3
    endloop
  endfacet
  facet normal 0 0 1
    outer loop
      vertex -29.86 21 3
      vertex -29.5058 22.4142 3
      vertex -29.6316 22.1481 3
    endloop
  endfacet
  facet normal 0 0 1
    outer loop
      vertex -29.179 -22.9032 3
      vertex -29.86 -21 3
      vertex -29.3544 -22.6667 3
    endloop
  endfacet
  facet normal 0 0 1
    outer loop
      vertex -29.86 21 3
      vertex -29.6316 22.1481 3
      vertex -29.7308 21.8708 3
    endloop
  endfacet
  facet normal 0 0 1
    outer loop
      vertex -29.3544 -22.6667 3
      vertex -29.86 -21 3
      vertex -29.5058 -22.4142 3
    endloop
  endfacet
  facet normal 0 0 1
    outer loop
      vertex -29.86 21 3
      vertex -29.7308 21.8708 3
      vertex -29.8023 21.5853 3
    endloop
  endfacet
  facet normal 0 0 1
    outer loop
      vertex -29.5058 -22.4142 3
      vertex -29.86 -21 3
      vertex -29.6316 -22.1481 3
    endloop
  endfacet
  facet normal 0 0 1
    outer loop
      vertex -29.86 21 3
      vertex -29.8023 21.5853 3
      vertex -29.8455 21.2941 3
    endloop
  endfacet
  facet normal 0 0 1
    outer loop
      vertex -29.6316 -22.1481 3
      vertex -29.86 -21 3
      vertex -29.7308 -21.8708 3
    endloop
  endfacet
  facet normal 0 0 1
    outer loop
      vertex -29.7308 -21.8708 3
      vertex -29.86 -21 3
      vertex -29.8023 -21.5853 3
    endloop
  endfacet
  facet normal 0 0 1
    outer loop
      vertex -29.8023 -21.5853 3
      vertex -29.86 -21 3
      vertex -29.8455 -21.2941 3
    endloop
  endfacet
  facet normal -0.941507 -0.336993 0
    outer loop
      vertex -25.6316 -10.038 3
      vertex -25.7308 -9.76085 7
      vertex -25.7308 -9.76085 3
    endloop
  endfacet
  facet normal -0.941507 -0.336993 0
    outer loop
      vertex -25.7308 -9.76085 7
      vertex -25.6316 -10.038 3
      vertex -25.6316 -10.038 7
    endloop
  endfacet
  facet normal 0 0 1
    outer loop
      vertex -21.81 -8.89 7
      vertex -19.86 -8.89 7
      vertex -19.8744 -8.59595 7
    endloop
  endfacet
  facet normal 0 0 1
    outer loop
      vertex -21.8151 -8.78708 7
      vertex -19.8744 -8.59595 7
      vertex -19.9176 -8.30473 7
    endloop
  endfacet
  facet normal 0 0 1
    outer loop
      vertex -19.86 -8.89 7
      vertex -21.81 -8.89 7
      vertex -19.8744 -9.18405 7
    endloop
  endfacet
  facet normal 0 0 1
    outer loop
      vertex -21.8302 -8.68515 7
      vertex -19.9176 -8.30473 7
      vertex -19.9892 -8.01915 7
    endloop
  endfacet
  facet normal -0 0 1
    outer loop
      vertex -21.8151 -8.99292 7
      vertex -19.8744 -9.18405 7
      vertex -21.81 -8.89 7
    endloop
  endfacet
  facet normal 0 0 1
    outer loop
      vertex -21.8552 -8.5852 7
      vertex -19.9892 -8.01915 7
      vertex -20.0884 -7.74195 7
    endloop
  endfacet
  facet normal 0 0 1
    outer loop
      vertex -19.8744 -9.18405 7
      vertex -21.8151 -8.99292 7
      vertex -19.9176 -9.47527 7
    endloop
  endfacet
  facet normal 0 0 1
    outer loop
      vertex -21.8899 -8.48818 7
      vertex -20.0884 -7.74195 7
      vertex -20.2142 -7.47581 7
    endloop
  endfacet
  facet normal -0 0 1
    outer loop
      vertex -21.8302 -9.09484 7
      vertex -19.9176 -9.47527 7
      vertex -21.8151 -8.99292 7
    endloop
  endfacet
  facet normal 0 0 1
    outer loop
      vertex -21.934 -8.39503 7
      vertex -20.2142 -7.47581 7
      vertex -20.3656 -7.22329 7
    endloop
  endfacet
  facet normal 0 0 1
    outer loop
      vertex -19.9176 -9.47527 7
      vertex -21.8302 -9.09484 7
      vertex -19.9892 -9.76085 7
    endloop
  endfacet
  facet normal 0 0 1
    outer loop
      vertex -21.987 -8.30665 7
      vertex -20.3656 -7.22329 7
      vertex -20.541 -6.98682 7
    endloop
  endfacet
  facet normal -0 0 1
    outer loop
      vertex -21.8552 -9.1948 7
      vertex -19.9892 -9.76085 7
      vertex -21.8302 -9.09484 7
    endloop
  endfacet
  facet normal 0 0 1
    outer loop
      vertex -22.0483 -8.22389 7
      vertex -20.541 -6.98682 7
      vertex -20.7387 -6.76868 7
    endloop
  endfacet
  facet normal 0 0 1
    outer loop
      vertex -19.9892 -9.76085 7
      vertex -21.8552 -9.1948 7
      vertex -20.0884 -10.038 7
    endloop
  endfacet
  facet normal 0 0 1
    outer loop
      vertex -22.1175 -8.14754 7
      vertex -20.7387 -6.76868 7
      vertex -20.9568 -6.57097 7
    endloop
  endfacet
  facet normal -0 0 1
    outer loop
      vertex -21.8899 -9.29182 7
      vertex -20.0884 -10.038 7
      vertex -21.8552 -9.1948 7
    endloop
  endfacet
  facet normal 0 0 1
    outer loop
      vertex -22.1939 -8.07834 7
      vertex -20.9568 -6.57097 7
      vertex -21.1933 -6.39559 7
    endloop
  endfacet
  facet normal 0 0 1
    outer loop
      vertex -20.0884 -10.038 7
      vertex -21.8899 -9.29182 7
      vertex -20.2142 -10.3042 7
    endloop
  endfacet
  facet normal 0 0 1
    outer loop
      vertex -22.2766 -8.01696 7
      vertex -21.1933 -6.39559 7
      vertex -21.4458 -6.24424 7
    endloop
  endfacet
  facet normal -0 0 1
    outer loop
      vertex -21.934 -9.38497 7
      vertex -20.2142 -10.3042 7
      vertex -21.8899 -9.29182 7
    endloop
  endfacet
  facet normal 0 0 1
    outer loop
      vertex -22.365 -7.96398 7
      vertex -21.4458 -6.24424 7
      vertex -21.7119 -6.11836 7
    endloop
  endfacet
  facet normal 0 0 1
    outer loop
      vertex -20.2142 -10.3042 7
      vertex -21.934 -9.38497 7
      vertex -20.3656 -10.5567 7
    endloop
  endfacet
  facet normal -0 0 1
    outer loop
      vertex -21.987 -9.47335 7
      vertex -20.3656 -10.5567 7
      vertex -21.934 -9.38497 7
    endloop
  endfacet
  facet normal 0 0 1
    outer loop
      vertex -19.8744 -8.59595 7
      vertex -21.8151 -8.78708 7
      vertex -21.81 -8.89 7
    endloop
  endfacet
  facet normal 0 0 1
    outer loop
      vertex -19.9176 -8.30473 7
      vertex -21.8302 -8.68515 7
      vertex -21.8151 -8.78708 7
    endloop
  endfacet
  facet normal 0 0 1
    outer loop
      vertex -19.9892 -8.01915 7
      vertex -21.8552 -8.5852 7
      vertex -21.8302 -8.68515 7
    endloop
  endfacet
  facet normal 0 0 1
    outer loop
      vertex -20.0884 -7.74195 7
      vertex -21.8899 -8.48818 7
      vertex -21.8552 -8.5852 7
    endloop
  endfacet
  facet normal 0 0 1
    outer loop
      vertex -20.2142 -7.47581 7
      vertex -21.934 -8.39503 7
      vertex -21.8899 -8.48818 7
    endloop
  endfacet
  facet normal 0 0 1
    outer loop
      vertex -20.3656 -7.22329 7
      vertex -21.987 -8.30665 7
      vertex -21.934 -8.39503 7
    endloop
  endfacet
  facet normal 0 0 1
    outer loop
      vertex -22.4582 -7.91993 7
      vertex -21.7119 -6.11836 7
      vertex -21.9891 -6.01918 7
    endloop
  endfacet
  facet normal 0 0 1
    outer loop
      vertex -20.541 -6.98682 7
      vertex -22.0483 -8.22389 7
      vertex -21.987 -8.30665 7
    endloop
  endfacet
  facet normal 0 0 1
    outer loop
      vertex -20.7387 -6.76868 7
      vertex -22.1175 -8.14754 7
      vertex -22.0483 -8.22389 7
    endloop
  endfacet
  facet normal 0 0 1
    outer loop
      vertex -20.9568 -6.57097 7
      vertex -22.1939 -8.07834 7
      vertex -22.1175 -8.14754 7
    endloop
  endfacet
  facet normal 0 0 1
    outer loop
      vertex -22.5552 -7.88521 7
      vertex -21.9891 -6.01918 7
      vertex -22.2747 -5.94764 7
    endloop
  endfacet
  facet normal 0 0 1
    outer loop
      vertex -21.1933 -6.39559 7
      vertex -22.2766 -8.01696 7
      vertex -22.1939 -8.07834 7
    endloop
  endfacet
  facet normal 0 0 1
    outer loop
      vertex -21.4458 -6.24424 7
      vertex -22.365 -7.96398 7
      vertex -22.2766 -8.01696 7
    endloop
  endfacet
  facet normal 0 0 1
    outer loop
      vertex -21.7119 -6.11836 7
      vertex -22.4582 -7.91993 7
      vertex -22.365 -7.96398 7
    endloop
  endfacet
  facet normal 0 0 1
    outer loop
      vertex -21.9891 -6.01918 7
      vertex -22.5552 -7.88521 7
      vertex -22.4582 -7.91993 7
    endloop
  endfacet
  facet normal 0 0 1
    outer loop
      vertex -22.6552 -7.86018 7
      vertex -22.2747 -5.94764 7
      vertex -22.5659 -5.90445 7
    endloop
  endfacet
  facet normal 0 0 1
    outer loop
      vertex -22.2747 -5.94764 7
      vertex -22.6552 -7.86018 7
      vertex -22.5552 -7.88521 7
    endloop
  endfacet
  facet normal 0 0 1
    outer loop
      vertex -22.5659 -5.90445 7
      vertex -22.7571 -7.84506 7
      vertex -22.6552 -7.86018 7
    endloop
  endfacet
  facet normal 0 0 1
    outer loop
      vertex -22.86 -5.89 7
      vertex -22.7571 -7.84506 7
      vertex -22.5659 -5.90445 7
    endloop
  endfacet
  facet normal 0 0 1
    outer loop
      vertex -22.86 -5.89 7
      vertex -22.86 -7.84 7
      vertex -22.7571 -7.84506 7
    endloop
  endfacet
  facet normal 0 0 1
    outer loop
      vertex -22.86 -5.89 7
      vertex -22.9629 -7.84506 7
      vertex -22.86 -7.84 7
    endloop
  endfacet
  facet normal -0 0 1
    outer loop
      vertex -23.1541 -5.90445 7
      vertex -22.9629 -7.84506 7
      vertex -22.86 -5.89 7
    endloop
  endfacet
  facet normal 0 0 1
    outer loop
      vertex -22.9629 -7.84506 7
      vertex -23.1541 -5.90445 7
      vertex -23.0648 -7.86018 7
    endloop
  endfacet
  facet normal -0 0 1
    outer loop
      vertex -23.4453 -5.94764 7
      vertex -23.0648 -7.86018 7
      vertex -23.1541 -5.90445 7
    endloop
  endfacet
  facet normal 0 0 1
    outer loop
      vertex -23.0648 -7.86018 7
      vertex -23.4453 -5.94764 7
      vertex -23.1648 -7.88521 7
    endloop
  endfacet
  facet normal -0 0 1
    outer loop
      vertex -23.7309 -6.01918 7
      vertex -23.1648 -7.88521 7
      vertex -23.4453 -5.94764 7
    endloop
  endfacet
  facet normal 0 0 1
    outer loop
      vertex -23.1648 -7.88521 7
      vertex -23.7309 -6.01918 7
      vertex -23.2618 -7.91993 7
    endloop
  endfacet
  facet normal -0 0 1
    outer loop
      vertex -24.008 -6.11836 7
      vertex -23.2618 -7.91993 7
      vertex -23.7309 -6.01918 7
    endloop
  endfacet
  facet normal 0 0 1
    outer loop
      vertex -23.2618 -7.91993 7
      vertex -24.008 -6.11836 7
      vertex -23.355 -7.96398 7
    endloop
  endfacet
  facet normal -0 0 1
    outer loop
      vertex -24.2742 -6.24424 7
      vertex -23.355 -7.96398 7
      vertex -24.008 -6.11836 7
    endloop
  endfacet
  facet normal 0 0 1
    outer loop
      vertex -23.355 -7.96398 7
      vertex -24.2742 -6.24424 7
      vertex -23.4433 -8.01696 7
    endloop
  endfacet
  facet normal -0 0 1
    outer loop
      vertex -24.5267 -6.39559 7
      vertex -23.4433 -8.01696 7
      vertex -24.2742 -6.24424 7
    endloop
  endfacet
  facet normal 0 0 1
    outer loop
      vertex -23.4433 -8.01696 7
      vertex -24.5267 -6.39559 7
      vertex -23.5261 -8.07834 7
    endloop
  endfacet
  facet normal -0 0 1
    outer loop
      vertex -24.7632 -6.57097 7
      vertex -23.5261 -8.07834 7
      vertex -24.5267 -6.39559 7
    endloop
  endfacet
  facet normal 0 0 1
    outer loop
      vertex -23.5261 -8.07834 7
      vertex -24.7632 -6.57097 7
      vertex -23.6025 -8.14754 7
    endloop
  endfacet
  facet normal -0 0 1
    outer loop
      vertex -24.9813 -6.76868 7
      vertex -23.6025 -8.14754 7
      vertex -24.7632 -6.57097 7
    endloop
  endfacet
  facet normal 0 0 1
    outer loop
      vertex -23.6025 -8.14754 7
      vertex -24.9813 -6.76868 7
      vertex -23.6717 -8.22389 7
    endloop
  endfacet
  facet normal -0 0 1
    outer loop
      vertex -25.179 -6.98682 7
      vertex -23.6717 -8.22389 7
      vertex -24.9813 -6.76868 7
    endloop
  endfacet
  facet normal -0 0 1
    outer loop
      vertex -25.3544 -7.22329 7
      vertex -23.733 -8.30665 7
      vertex -25.179 -6.98682 7
    endloop
  endfacet
  facet normal 0 0 1
    outer loop
      vertex -23.6717 -8.22389 7
      vertex -25.179 -6.98682 7
      vertex -23.733 -8.30665 7
    endloop
  endfacet
  facet normal 0 0 1
    outer loop
      vertex -20.3656 -10.5567 7
      vertex -21.987 -9.47335 7
      vertex -20.541 -10.7932 7
    endloop
  endfacet
  facet normal -0 0 1
    outer loop
      vertex -22.0483 -9.55611 7
      vertex -20.541 -10.7932 7
      vertex -21.987 -9.47335 7
    endloop
  endfacet
  facet normal 0 0 1
    outer loop
      vertex -20.541 -10.7932 7
      vertex -22.0483 -9.55611 7
      vertex -20.7387 -11.0113 7
    endloop
  endfacet
  facet normal -0 0 1
    outer loop
      vertex -22.1175 -9.63246 7
      vertex -20.7387 -11.0113 7
      vertex -22.0483 -9.55611 7
    endloop
  endfacet
  facet normal 0 0 1
    outer loop
      vertex -20.7387 -11.0113 7
      vertex -22.1175 -9.63246 7
      vertex -20.9568 -11.209 7
    endloop
  endfacet
  facet normal -0 0 1
    outer loop
      vertex -22.1939 -9.70166 7
      vertex -20.9568 -11.209 7
      vertex -22.1175 -9.63246 7
    endloop
  endfacet
  facet normal 0 0 1
    outer loop
      vertex -20.9568 -11.209 7
      vertex -22.1939 -9.70166 7
      vertex -21.1933 -11.3844 7
    endloop
  endfacet
  facet normal -0 0 1
    outer loop
      vertex -22.2766 -9.76304 7
      vertex -21.1933 -11.3844 7
      vertex -22.1939 -9.70166 7
    endloop
  endfacet
  facet normal 0 0 1
    outer loop
      vertex -21.1933 -11.3844 7
      vertex -22.2766 -9.76304 7
      vertex -21.4458 -11.5358 7
    endloop
  endfacet
  facet normal -0 0 1
    outer loop
      vertex -22.365 -9.81602 7
      vertex -21.4458 -11.5358 7
      vertex -22.2766 -9.76304 7
    endloop
  endfacet
  facet normal 0 0 1
    outer loop
      vertex -21.4458 -11.5358 7
      vertex -22.365 -9.81602 7
      vertex -21.7119 -11.6616 7
    endloop
  endfacet
  facet normal -0 0 1
    outer loop
      vertex -22.4582 -9.86007 7
      vertex -21.7119 -11.6616 7
      vertex -22.365 -9.81602 7
    endloop
  endfacet
  facet normal 0 0 1
    outer loop
      vertex -21.7119 -11.6616 7
      vertex -22.4582 -9.86007 7
      vertex -21.9891 -11.7608 7
    endloop
  endfacet
  facet normal -0 0 1
    outer loop
      vertex -22.5552 -9.89479 7
      vertex -21.9891 -11.7608 7
      vertex -22.4582 -9.86007 7
    endloop
  endfacet
  facet normal 0 0 1
    outer loop
      vertex -21.9891 -11.7608 7
      vertex -22.5552 -9.89479 7
      vertex -22.2747 -11.8324 7
    endloop
  endfacet
  facet normal -0 0 1
    outer loop
      vertex -22.6552 -9.91982 7
      vertex -22.2747 -11.8324 7
      vertex -22.5552 -9.89479 7
    endloop
  endfacet
  facet normal 0 0 1
    outer loop
      vertex -22.2747 -11.8324 7
      vertex -22.6552 -9.91982 7
      vertex -22.5659 -11.8756 7
    endloop
  endfacet
  facet normal -0 0 1
    outer loop
      vertex -22.7571 -9.93494 7
      vertex -22.5659 -11.8756 7
      vertex -22.6552 -9.91982 7
    endloop
  endfacet
  facet normal -0 0 1
    outer loop
      vertex -22.86 -9.94 7
      vertex -22.5659 -11.8756 7
      vertex -22.7571 -9.93494 7
    endloop
  endfacet
  facet normal 0 0 1
    outer loop
      vertex -22.86 -9.94 7
      vertex -22.86 -11.89 7
      vertex -22.5659 -11.8756 7
    endloop
  endfacet
  facet normal 0 0 1
    outer loop
      vertex -22.9629 -9.93494 7
      vertex -22.86 -11.89 7
      vertex -22.86 -9.94 7
    endloop
  endfacet
  facet normal 0 0 1
    outer loop
      vertex -23.1541 -11.8756 7
      vertex -22.9629 -9.93494 7
      vertex -23.0648 -9.91982 7
    endloop
  endfacet
  facet normal 0 0 1
    outer loop
      vertex -22.9629 -9.93494 7
      vertex -23.1541 -11.8756 7
      vertex -22.86 -11.89 7
    endloop
  endfacet
  facet normal 0 0 1
    outer loop
      vertex -23.4453 -11.8324 7
      vertex -23.0648 -9.91982 7
      vertex -23.1648 -9.89479 7
    endloop
  endfacet
  facet normal 0 0 1
    outer loop
      vertex -23.7309 -11.7608 7
      vertex -23.1648 -9.89479 7
      vertex -23.2618 -9.86007 7
    endloop
  endfacet
  facet normal 0 0 1
    outer loop
      vertex -24.008 -11.6616 7
      vertex -23.2618 -9.86007 7
      vertex -23.355 -9.81602 7
    endloop
  endfacet
  facet normal 0 0 1
    outer loop
      vertex -24.2742 -11.5358 7
      vertex -23.355 -9.81602 7
      vertex -23.4433 -9.76304 7
    endloop
  endfacet
  facet normal 0 0 1
    outer loop
      vertex -23.0648 -9.91982 7
      vertex -23.4453 -11.8324 7
      vertex -23.1541 -11.8756 7
    endloop
  endfacet
  facet normal 0 0 1
    outer loop
      vertex -24.5267 -11.3844 7
      vertex -23.4433 -9.76304 7
      vertex -23.5261 -9.70166 7
    endloop
  endfacet
  facet normal 0 0 1
    outer loop
      vertex -24.7632 -11.209 7
      vertex -23.5261 -9.70166 7
      vertex -23.6025 -9.63246 7
    endloop
  endfacet
  facet normal 0 0 1
    outer loop
      vertex -24.9813 -11.0113 7
      vertex -23.6025 -9.63246 7
      vertex -23.6717 -9.55611 7
    endloop
  endfacet
  facet normal 0 0 1
    outer loop
      vertex -23.1648 -9.89479 7
      vertex -23.7309 -11.7608 7
      vertex -23.4453 -11.8324 7
    endloop
  endfacet
  facet normal 0 0 1
    outer loop
      vertex -25.179 -10.7932 7
      vertex -23.6717 -9.55611 7
      vertex -23.733 -9.47335 7
    endloop
  endfacet
  facet normal 0 0 1
    outer loop
      vertex -25.3544 -10.5567 7
      vertex -23.733 -9.47335 7
      vertex -23.786 -9.38497 7
    endloop
  endfacet
  facet normal 0 0 1
    outer loop
      vertex -25.5058 -10.3042 7
      vertex -23.786 -9.38497 7
      vertex -23.8301 -9.29182 7
    endloop
  endfacet
  facet normal 0 0 1
    outer loop
      vertex -25.6316 -10.038 7
      vertex -23.8301 -9.29182 7
      vertex -23.8648 -9.1948 7
    endloop
  endfacet
  facet normal 0 0 1
    outer loop
      vertex -25.7308 -9.76085 7
      vertex -23.8648 -9.1948 7
      vertex -23.8898 -9.09484 7
    endloop
  endfacet
  facet normal 0 0 1
    outer loop
      vertex -25.8024 -9.47527 7
      vertex -23.8898 -9.09484 7
      vertex -23.9049 -8.99292 7
    endloop
  endfacet
  facet normal 0 0 1
    outer loop
      vertex -23.2618 -9.86007 7
      vertex -24.008 -11.6616 7
      vertex -23.7309 -11.7608 7
    endloop
  endfacet
  facet normal 0 0 1
    outer loop
      vertex -25.8456 -9.18405 7
      vertex -23.9049 -8.99292 7
      vertex -23.91 -8.89 7
    endloop
  endfacet
  facet normal 0 0 1
    outer loop
      vertex -23.733 -8.30665 7
      vertex -25.3544 -7.22329 7
      vertex -23.786 -8.39503 7
    endloop
  endfacet
  facet normal -0 0 1
    outer loop
      vertex -25.5058 -7.47581 7
      vertex -23.786 -8.39503 7
      vertex -25.3544 -7.22329 7
    endloop
  endfacet
  facet normal 0 0 1
    outer loop
      vertex -23.355 -9.81602 7
      vertex -24.2742 -11.5358 7
      vertex -24.008 -11.6616 7
    endloop
  endfacet
  facet normal 0 0 1
    outer loop
      vertex -23.786 -8.39503 7
      vertex -25.5058 -7.47581 7
      vertex -23.8301 -8.48818 7
    endloop
  endfacet
  facet normal 0 0 1
    outer loop
      vertex -23.4433 -9.76304 7
      vertex -24.5267 -11.3844 7
      vertex -24.2742 -11.5358 7
    endloop
  endfacet
  facet normal -0 0 1
    outer loop
      vertex -25.6316 -7.74195 7
      vertex -23.8301 -8.48818 7
      vertex -25.5058 -7.47581 7
    endloop
  endfacet
  facet normal 0 0 1
    outer loop
      vertex -23.5261 -9.70166 7
      vertex -24.7632 -11.209 7
      vertex -24.5267 -11.3844 7
    endloop
  endfacet
  facet normal 0 0 1
    outer loop
      vertex -23.8301 -8.48818 7
      vertex -25.6316 -7.74195 7
      vertex -23.8648 -8.5852 7
    endloop
  endfacet
  facet normal 0 0 1
    outer loop
      vertex -23.6025 -9.63246 7
      vertex -24.9813 -11.0113 7
      vertex -24.7632 -11.209 7
    endloop
  endfacet
  facet normal -0 0 1
    outer loop
      vertex -25.7308 -8.01915 7
      vertex -23.8648 -8.5852 7
      vertex -25.6316 -7.74195 7
    endloop
  endfacet
  facet normal 0 0 1
    outer loop
      vertex -23.6717 -9.55611 7
      vertex -25.179 -10.7932 7
      vertex -24.9813 -11.0113 7
    endloop
  endfacet
  facet normal 0 0 1
    outer loop
      vertex -23.8648 -8.5852 7
      vertex -25.7308 -8.01915 7
      vertex -23.8898 -8.68515 7
    endloop
  endfacet
  facet normal 0 0 1
    outer loop
      vertex -23.733 -9.47335 7
      vertex -25.3544 -10.5567 7
      vertex -25.179 -10.7932 7
    endloop
  endfacet
  facet normal -0 0 1
    outer loop
      vertex -25.8024 -8.30473 7
      vertex -23.8898 -8.68515 7
      vertex -25.7308 -8.01915 7
    endloop
  endfacet
  facet normal 0 0 1
    outer loop
      vertex -23.786 -9.38497 7
      vertex -25.5058 -10.3042 7
      vertex -25.3544 -10.5567 7
    endloop
  endfacet
  facet normal 0 0 1
    outer loop
      vertex -23.8898 -8.68515 7
      vertex -25.8024 -8.30473 7
      vertex -23.9049 -8.78708 7
    endloop
  endfacet
  facet normal 0 0 1
    outer loop
      vertex -23.8301 -9.29182 7
      vertex -25.6316 -10.038 7
      vertex -25.5058 -10.3042 7
    endloop
  endfacet
  facet normal -0 0 1
    outer loop
      vertex -25.8456 -8.59595 7
      vertex -23.9049 -8.78708 7
      vertex -25.8024 -8.30473 7
    endloop
  endfacet
  facet normal 0 0 1
    outer loop
      vertex -23.8648 -9.1948 7
      vertex -25.7308 -9.76085 7
      vertex -25.6316 -10.038 7
    endloop
  endfacet
  facet normal 0 0 1
    outer loop
      vertex -23.9049 -8.78708 7
      vertex -25.8456 -8.59595 7
      vertex -23.91 -8.89 7
    endloop
  endfacet
  facet normal 0 0 1
    outer loop
      vertex -23.8898 -9.09484 7
      vertex -25.8024 -9.47527 7
      vertex -25.7308 -9.76085 7
    endloop
  endfacet
  facet normal 0 0 1
    outer loop
      vertex -25.86 -8.89 7
      vertex -23.91 -8.89 7
      vertex -25.8456 -8.59595 7
    endloop
  endfacet
  facet normal 0 0 1
    outer loop
      vertex -23.9049 -8.99292 7
      vertex -25.8456 -9.18405 7
      vertex -25.8024 -9.47527 7
    endloop
  endfacet
  facet normal 0 0 1
    outer loop
      vertex -23.91 -8.89 7
      vertex -25.86 -8.89 7
      vertex -25.8456 -9.18405 7
    endloop
  endfacet
  facet normal -0.514121 0.857718 0
    outer loop
      vertex -24.2742 -6.24424 3
      vertex -24.5267 -6.39559 7
      vertex -24.2742 -6.24424 7
    endloop
  endfacet
  facet normal -0.514121 0.857718 0
    outer loop
      vertex -24.5267 -6.39559 7
      vertex -24.2742 -6.24424 3
      vertex -24.5267 -6.39559 3
    endloop
  endfacet
  facet normal 0.595655 0.803241 -0
    outer loop
      vertex -20.9568 -6.57097 3
      vertex -21.1933 -6.39559 7
      vertex -20.9568 -6.57097 7
    endloop
  endfacet
  facet normal 0.595655 0.803241 0
    outer loop
      vertex -21.1933 -6.39559 7
      vertex -20.9568 -6.57097 3
      vertex -21.1933 -6.39559 3
    endloop
  endfacet
  facet normal 0.4274 -0.904063 0
    outer loop
      vertex -21.7119 -11.6616 3
      vertex -21.4458 -11.5358 7
      vertex -21.7119 -11.6616 7
    endloop
  endfacet
  facet normal 0.4274 -0.904063 0
    outer loop
      vertex -21.4458 -11.5358 7
      vertex -21.7119 -11.6616 3
      vertex -21.4458 -11.5358 3
    endloop
  endfacet
  facet normal 0.941527 0.336939 0
    outer loop
      vertex -19.9892 -8.01915 7
      vertex -20.0884 -7.74195 3
      vertex -20.0884 -7.74195 7
    endloop
  endfacet
  facet normal 0.941527 0.336939 0
    outer loop
      vertex -20.0884 -7.74195 3
      vertex -19.9892 -8.01915 7
      vertex -19.9892 -8.01915 3
    endloop
  endfacet
  facet normal -0.857643 -0.514246 0
    outer loop
      vertex -25.3544 -10.5567 3
      vertex -25.5058 -10.3042 7
      vertex -25.5058 -10.3042 3
    endloop
  endfacet
  facet normal -0.857643 -0.514246 0
    outer loop
      vertex -25.5058 -10.3042 7
      vertex -25.3544 -10.5567 3
      vertex -25.3544 -10.5567 7
    endloop
  endfacet
  facet normal 0.904088 0.427347 0
    outer loop
      vertex -20.0884 -7.74195 7
      vertex -20.2142 -7.47581 3
      vertex -20.2142 -7.47581 7
    endloop
  endfacet
  facet normal 0.904088 0.427347 0
    outer loop
      vertex -20.2142 -7.47581 3
      vertex -20.0884 -7.74195 7
      vertex -20.0884 -7.74195 3
    endloop
  endfacet
  facet normal 0.969978 -0.243191 0
    outer loop
      vertex -19.9892 -9.76085 7
      vertex -19.9176 -9.47527 3
      vertex -19.9176 -9.47527 7
    endloop
  endfacet
  facet normal 0.969978 -0.243191 0
    outer loop
      vertex -19.9176 -9.47527 3
      vertex -19.9892 -9.76085 7
      vertex -19.9892 -9.76085 3
    endloop
  endfacet
  facet normal 0.671625 0.740891 -0
    outer loop
      vertex -20.7387 -6.76868 3
      vertex -20.9568 -6.57097 7
      vertex -20.7387 -6.76868 7
    endloop
  endfacet
  facet normal 0.671625 0.740891 0
    outer loop
      vertex -20.9568 -6.57097 7
      vertex -20.7387 -6.76868 3
      vertex -20.9568 -6.57097 3
    endloop
  endfacet
  facet normal -0.740969 0.671539 0
    outer loop
      vertex -25.179 -6.98682 3
      vertex -24.9813 -6.76868 7
      vertex -24.9813 -6.76868 3
    endloop
  endfacet
  facet normal -0.740969 0.671539 0
    outer loop
      vertex -24.9813 -6.76868 7
      vertex -25.179 -6.98682 3
      vertex -25.179 -6.98682 7
    endloop
  endfacet
  facet normal 0.595699 -0.803208 0
    outer loop
      vertex -21.1933 -11.3844 3
      vertex -20.9568 -11.209 7
      vertex -21.1933 -11.3844 7
    endloop
  endfacet
  facet normal 0.595699 -0.803208 0
    outer loop
      vertex -20.9568 -11.209 7
      vertex -21.1933 -11.3844 3
      vertex -20.9568 -11.209 3
    endloop
  endfacet
  facet normal -0.146712 0.989179 0
    outer loop
      vertex -23.1541 -5.90445 3
      vertex -23.4453 -5.94764 7
      vertex -23.1541 -5.90445 7
    endloop
  endfacet
  facet normal -0.146712 0.989179 0
    outer loop
      vertex -23.4453 -5.94764 7
      vertex -23.1541 -5.90445 3
      vertex -23.4453 -5.94764 3
    endloop
  endfacet
  facet normal -0.740908 -0.671607 0
    outer loop
      vertex -24.9813 -11.0113 3
      vertex -25.179 -10.7932 7
      vertex -25.179 -10.7932 3
    endloop
  endfacet
  facet normal -0.740908 -0.671607 0
    outer loop
      vertex -25.179 -10.7932 7
      vertex -24.9813 -11.0113 3
      vertex -24.9813 -11.0113 7
    endloop
  endfacet
  facet normal -0.0490738 0.998795 0
    outer loop
      vertex -22.86 -5.89 3
      vertex -23.1541 -5.90445 7
      vertex -22.86 -5.89 7
    endloop
  endfacet
  facet normal -0.0490738 0.998795 0
    outer loop
      vertex -23.1541 -5.90445 7
      vertex -22.86 -5.89 3
      vertex -23.1541 -5.90445 3
    endloop
  endfacet
  facet normal -0.242983 0.970031 0
    outer loop
      vertex -23.4453 -5.94764 3
      vertex -23.7309 -6.01918 7
      vertex -23.4453 -5.94764 7
    endloop
  endfacet
  facet normal -0.242983 0.970031 0
    outer loop
      vertex -23.7309 -6.01918 7
      vertex -23.4453 -5.94764 3
      vertex -23.7309 -6.01918 3
    endloop
  endfacet
  facet normal -0.941527 0.336939 0
    outer loop
      vertex -25.7308 -8.01915 3
      vertex -25.6316 -7.74195 7
      vertex -25.6316 -7.74195 3
    endloop
  endfacet
  facet normal -0.941527 0.336939 0
    outer loop
      vertex -25.6316 -7.74195 7
      vertex -25.7308 -8.01915 3
      vertex -25.7308 -8.01915 7
    endloop
  endfacet
  facet normal 0.336939 -0.941527 0
    outer loop
      vertex -21.9891 -11.7608 3
      vertex -21.7119 -11.6616 7
      vertex -21.9891 -11.7608 7
    endloop
  endfacet
  facet normal 0.336939 -0.941527 0
    outer loop
      vertex -21.7119 -11.6616 7
      vertex -21.9891 -11.7608 3
      vertex -21.7119 -11.6616 3
    endloop
  endfacet
  facet normal 0.242983 0.970031 -0
    outer loop
      vertex -21.9891 -6.01918 3
      vertex -22.2747 -5.94764 7
      vertex -21.9891 -6.01918 7
    endloop
  endfacet
  facet normal 0.242983 0.970031 0
    outer loop
      vertex -22.2747 -5.94764 7
      vertex -21.9891 -6.01918 3
      vertex -22.2747 -5.94764 3
    endloop
  endfacet
  facet normal 0.803208 -0.595699 0
    outer loop
      vertex -20.541 -10.7932 7
      vertex -20.3656 -10.5567 3
      vertex -20.3656 -10.5567 7
    endloop
  endfacet
  facet normal 0.803208 -0.595699 0
    outer loop
      vertex -20.3656 -10.5567 3
      vertex -20.541 -10.7932 7
      vertex -20.541 -10.7932 3
    endloop
  endfacet
  facet normal 0.0489044 -0.998803 0
    outer loop
      vertex -22.86 -11.89 3
      vertex -22.5659 -11.8756 7
      vertex -22.86 -11.89 7
    endloop
  endfacet
  facet normal 0.0489044 -0.998803 0
    outer loop
      vertex -22.5659 -11.8756 7
      vertex -22.86 -11.89 3
      vertex -22.5659 -11.8756 3
    endloop
  endfacet
  facet normal -0.427269 -0.904125 0
    outer loop
      vertex -24.2742 -11.5358 3
      vertex -24.008 -11.6616 7
      vertex -24.2742 -11.5358 7
    endloop
  endfacet
  facet normal -0.427269 -0.904125 -0
    outer loop
      vertex -24.008 -11.6616 7
      vertex -24.2742 -11.5358 3
      vertex -24.008 -11.6616 3
    endloop
  endfacet
  facet normal -0.803172 0.595747 0
    outer loop
      vertex -25.3544 -7.22329 3
      vertex -25.179 -6.98682 7
      vertex -25.179 -6.98682 3
    endloop
  endfacet
  facet normal -0.803172 0.595747 0
    outer loop
      vertex -25.179 -6.98682 7
      vertex -25.3544 -7.22329 3
      vertex -25.3544 -7.22329 7
    endloop
  endfacet
  facet normal -0.427491 0.90402 0
    outer loop
      vertex -24.008 -6.11836 3
      vertex -24.2742 -6.24424 7
      vertex -24.008 -6.11836 7
    endloop
  endfacet
  facet normal -0.427491 0.90402 0
    outer loop
      vertex -24.2742 -6.24424 7
      vertex -24.008 -6.11836 3
      vertex -24.2742 -6.24424 3
    endloop
  endfacet
  facet normal 0.514246 -0.857643 0
    outer loop
      vertex -21.4458 -11.5358 3
      vertex -21.1933 -11.3844 7
      vertex -21.4458 -11.5358 7
    endloop
  endfacet
  facet normal 0.514246 -0.857643 0
    outer loop
      vertex -21.1933 -11.3844 7
      vertex -21.4458 -11.5358 3
      vertex -21.1933 -11.3844 3
    endloop
  endfacet
  facet normal -0.989176 0.146736 0
    outer loop
      vertex -25.8456 -8.59595 3
      vertex -25.8024 -8.30473 7
      vertex -25.8024 -8.30473 3
    endloop
  endfacet
  facet normal -0.989176 0.146736 0
    outer loop
      vertex -25.8024 -8.30473 7
      vertex -25.8456 -8.59595 3
      vertex -25.8456 -8.59595 7
    endloop
  endfacet
  facet normal 0.336879 0.941548 -0
    outer loop
      vertex -21.7119 -6.11836 3
      vertex -21.9891 -6.01918 7
      vertex -21.7119 -6.11836 7
    endloop
  endfacet
  facet normal 0.336879 0.941548 0
    outer loop
      vertex -21.9891 -6.01918 7
      vertex -21.7119 -6.11836 3
      vertex -21.9891 -6.01918 3
    endloop
  endfacet
  facet normal 0.0490738 0.998795 -0
    outer loop
      vertex -22.5659 -5.90445 3
      vertex -22.86 -5.89 7
      vertex -22.5659 -5.90445 7
    endloop
  endfacet
  facet normal 0.0490738 0.998795 0
    outer loop
      vertex -22.86 -5.89 7
      vertex -22.5659 -5.90445 3
      vertex -22.86 -5.89 3
    endloop
  endfacet
  facet normal -0.998803 0.0489126 0
    outer loop
      vertex -25.86 -8.89 3
      vertex -25.8456 -8.59595 7
      vertex -25.8456 -8.59595 3
    endloop
  endfacet
  facet normal -0.998803 0.0489126 0
    outer loop
      vertex -25.8456 -8.59595 7
      vertex -25.86 -8.89 3
      vertex -25.86 -8.89 7
    endloop
  endfacet
  facet normal -0.243175 -0.969982 0
    outer loop
      vertex -23.7309 -11.7608 3
      vertex -23.4453 -11.8324 7
      vertex -23.7309 -11.7608 7
    endloop
  endfacet
  facet normal -0.243175 -0.969982 -0
    outer loop
      vertex -23.4453 -11.8324 7
      vertex -23.7309 -11.7608 3
      vertex -23.4453 -11.8324 3
    endloop
  endfacet
  facet normal -0.671607 -0.740908 0
    outer loop
      vertex -24.9813 -11.0113 3
      vertex -24.7632 -11.209 7
      vertex -24.9813 -11.0113 7
    endloop
  endfacet
  facet normal -0.671607 -0.740908 -0
    outer loop
      vertex -24.7632 -11.209 7
      vertex -24.9813 -11.0113 3
      vertex -24.7632 -11.209 3
    endloop
  endfacet
  facet normal -0.904125 -0.427269 0
    outer loop
      vertex -25.5058 -10.3042 3
      vertex -25.6316 -10.038 7
      vertex -25.6316 -10.038 3
    endloop
  endfacet
  facet normal -0.904125 -0.427269 0
    outer loop
      vertex -25.6316 -10.038 7
      vertex -25.5058 -10.3042 3
      vertex -25.5058 -10.3042 7
    endloop
  endfacet
  facet normal -0.857661 0.514216 0
    outer loop
      vertex -25.5058 -7.47581 3
      vertex -25.3544 -7.22329 7
      vertex -25.3544 -7.22329 3
    endloop
  endfacet
  facet normal -0.857661 0.514216 0
    outer loop
      vertex -25.3544 -7.22329 7
      vertex -25.5058 -7.47581 3
      vertex -25.5058 -7.47581 7
    endloop
  endfacet
  facet normal 0.989176 0.146736 0
    outer loop
      vertex -19.8744 9.18405 7
      vertex -19.9176 9.47527 3
      vertex -19.9176 9.47527 7
    endloop
  endfacet
  facet normal 0.989176 0.146736 0
    outer loop
      vertex -19.9176 9.47527 3
      vertex -19.8744 9.18405 7
      vertex -19.8744 9.18405 3
    endloop
  endfacet
  facet normal 0.998803 0.0489126 0
    outer loop
      vertex -19.86 8.89 7
      vertex -19.8744 9.18405 3
      vertex -19.8744 9.18405 7
    endloop
  endfacet
  facet normal 0.998803 0.0489126 0
    outer loop
      vertex -19.8744 9.18405 3
      vertex -19.86 8.89 7
      vertex -19.86 8.89 3
    endloop
  endfacet
  facet normal 0.969978 0.243191 0
    outer loop
      vertex -19.9176 9.47527 7
      vertex -19.9892 9.76085 3
      vertex -19.9892 9.76085 7
    endloop
  endfacet
  facet normal 0.969978 0.243191 0
    outer loop
      vertex -19.9892 9.76085 3
      vertex -19.9176 9.47527 7
      vertex -19.9176 9.47527 3
    endloop
  endfacet
  facet normal -0.989176 -0.146736 0
    outer loop
      vertex -25.8024 8.30473 3
      vertex -25.8456 8.59595 7
      vertex -25.8456 8.59595 3
    endloop
  endfacet
  facet normal -0.989176 -0.146736 0
    outer loop
      vertex -25.8456 8.59595 7
      vertex -25.8024 8.30473 3
      vertex -25.8024 8.30473 7
    endloop
  endfacet
  facet normal -0.904088 -0.427347 0
    outer loop
      vertex -25.5058 7.47581 3
      vertex -25.6316 7.74195 7
      vertex -25.6316 7.74195 3
    endloop
  endfacet
  facet normal -0.904088 -0.427347 0
    outer loop
      vertex -25.6316 7.74195 7
      vertex -25.5058 7.47581 3
      vertex -25.5058 7.47581 7
    endloop
  endfacet
  facet normal 0 0 1
    outer loop
      vertex -21.81 8.89 7
      vertex -19.86 8.89 7
      vertex -19.8744 9.18405 7
    endloop
  endfacet
  facet normal 0 0 1
    outer loop
      vertex -21.8151 8.99292 7
      vertex -19.8744 9.18405 7
      vertex -19.9176 9.47527 7
    endloop
  endfacet
  facet normal 0 0 1
    outer loop
      vertex -19.86 8.89 7
      vertex -21.81 8.89 7
      vertex -19.8744 8.59595 7
    endloop
  endfacet
  facet normal 0 0 1
    outer loop
      vertex -21.8302 9.09484 7
      vertex -19.9176 9.47527 7
      vertex -19.9892 9.76085 7
    endloop
  endfacet
  facet normal -0 0 1
    outer loop
      vertex -21.8151 8.78708 7
      vertex -19.8744 8.59595 7
      vertex -21.81 8.89 7
    endloop
  endfacet
  facet normal 0 0 1
    outer loop
      vertex -21.8552 9.1948 7
      vertex -19.9892 9.76085 7
      vertex -20.0884 10.038 7
    endloop
  endfacet
  facet normal 0 0 1
    outer loop
      vertex -19.8744 8.59595 7
      vertex -21.8151 8.78708 7
      vertex -19.9176 8.30473 7
    endloop
  endfacet
  facet normal 0 0 1
    outer loop
      vertex -21.8899 9.29182 7
      vertex -20.0884 10.038 7
      vertex -20.2142 10.3042 7
    endloop
  endfacet
  facet normal -0 0 1
    outer loop
      vertex -21.8302 8.68515 7
      vertex -19.9176 8.30473 7
      vertex -21.8151 8.78708 7
    endloop
  endfacet
  facet normal 0 0 1
    outer loop
      vertex -21.934 9.38497 7
      vertex -20.2142 10.3042 7
      vertex -20.3656 10.5567 7
    endloop
  endfacet
  facet normal 0 0 1
    outer loop
      vertex -19.9176 8.30473 7
      vertex -21.8302 8.68515 7
      vertex -19.9892 8.01915 7
    endloop
  endfacet
  facet normal 0 0 1
    outer loop
      vertex -21.987 9.47335 7
      vertex -20.3656 10.5567 7
      vertex -20.541 10.7932 7
    endloop
  endfacet
  facet normal -0 0 1
    outer loop
      vertex -21.8552 8.5852 7
      vertex -19.9892 8.01915 7
      vertex -21.8302 8.68515 7
    endloop
  endfacet
  facet normal 0 0 1
    outer loop
      vertex -22.0483 9.55611 7
      vertex -20.541 10.7932 7
      vertex -20.7387 11.0113 7
    endloop
  endfacet
  facet normal 0 0 1
    outer loop
      vertex -19.9892 8.01915 7
      vertex -21.8552 8.5852 7
      vertex -20.0884 7.74195 7
    endloop
  endfacet
  facet normal 0 0 1
    outer loop
      vertex -22.1175 9.63246 7
      vertex -20.7387 11.0113 7
      vertex -20.9568 11.209 7
    endloop
  endfacet
  facet normal -0 0 1
    outer loop
      vertex -21.8899 8.48818 7
      vertex -20.0884 7.74195 7
      vertex -21.8552 8.5852 7
    endloop
  endfacet
  facet normal 0 0 1
    outer loop
      vertex -22.1939 9.70166 7
      vertex -20.9568 11.209 7
      vertex -21.1933 11.3844 7
    endloop
  endfacet
  facet normal 0 0 1
    outer loop
      vertex -20.0884 7.74195 7
      vertex -21.8899 8.48818 7
      vertex -20.2142 7.47581 7
    endloop
  endfacet
  facet normal 0 0 1
    outer loop
      vertex -22.2766 9.76304 7
      vertex -21.1933 11.3844 7
      vertex -21.4458 11.5358 7
    endloop
  endfacet
  facet normal -0 0 1
    outer loop
      vertex -21.934 8.39503 7
      vertex -20.2142 7.47581 7
      vertex -21.8899 8.48818 7
    endloop
  endfacet
  facet normal 0 0 1
    outer loop
      vertex -22.365 9.81602 7
      vertex -21.4458 11.5358 7
      vertex -21.7119 11.6616 7
    endloop
  endfacet
  facet normal 0 0 1
    outer loop
      vertex -20.2142 7.47581 7
      vertex -21.934 8.39503 7
      vertex -20.3656 7.22329 7
    endloop
  endfacet
  facet normal -0 0 1
    outer loop
      vertex -21.987 8.30665 7
      vertex -20.3656 7.22329 7
      vertex -21.934 8.39503 7
    endloop
  endfacet
  facet normal 0 0 1
    outer loop
      vertex -19.8744 9.18405 7
      vertex -21.8151 8.99292 7
      vertex -21.81 8.89 7
    endloop
  endfacet
  facet normal 0 0 1
    outer loop
      vertex -19.9176 9.47527 7
      vertex -21.8302 9.09484 7
      vertex -21.8151 8.99292 7
    endloop
  endfacet
  facet normal 0 0 1
    outer loop
      vertex -19.9892 9.76085 7
      vertex -21.8552 9.1948 7
      vertex -21.8302 9.09484 7
    endloop
  endfacet
  facet normal 0 0 1
    outer loop
      vertex -20.0884 10.038 7
      vertex -21.8899 9.29182 7
      vertex -21.8552 9.1948 7
    endloop
  endfacet
  facet normal 0 0 1
    outer loop
      vertex -20.2142 10.3042 7
      vertex -21.934 9.38497 7
      vertex -21.8899 9.29182 7
    endloop
  endfacet
  facet normal 0 0 1
    outer loop
      vertex -20.3656 10.5567 7
      vertex -21.987 9.47335 7
      vertex -21.934 9.38497 7
    endloop
  endfacet
  facet normal 0 0 1
    outer loop
      vertex -22.4582 9.86007 7
      vertex -21.7119 11.6616 7
      vertex -21.9891 11.7608 7
    endloop
  endfacet
  facet normal 0 0 1
    outer loop
      vertex -20.541 10.7932 7
      vertex -22.0483 9.55611 7
      vertex -21.987 9.47335 7
    endloop
  endfacet
  facet normal 0 0 1
    outer loop
      vertex -20.7387 11.0113 7
      vertex -22.1175 9.63246 7
      vertex -22.0483 9.55611 7
    endloop
  endfacet
  facet normal 0 0 1
    outer loop
      vertex -20.9568 11.209 7
      vertex -22.1939 9.70166 7
      vertex -22.1175 9.63246 7
    endloop
  endfacet
  facet normal 0 0 1
    outer loop
      vertex -22.5552 9.89479 7
      vertex -21.9891 11.7608 7
      vertex -22.2747 11.8324 7
    endloop
  endfacet
  facet normal 0 0 1
    outer loop
      vertex -21.1933 11.3844 7
      vertex -22.2766 9.76304 7
      vertex -22.1939 9.70166 7
    endloop
  endfacet
  facet normal 0 0 1
    outer loop
      vertex -21.4458 11.5358 7
      vertex -22.365 9.81602 7
      vertex -22.2766 9.76304 7
    endloop
  endfacet
  facet normal 0 0 1
    outer loop
      vertex -21.7119 11.6616 7
      vertex -22.4582 9.86007 7
      vertex -22.365 9.81602 7
    endloop
  endfacet
  facet normal 0 0 1
    outer loop
      vertex -21.9891 11.7608 7
      vertex -22.5552 9.89479 7
      vertex -22.4582 9.86007 7
    endloop
  endfacet
  facet normal 0 0 1
    outer loop
      vertex -22.6552 9.91982 7
      vertex -22.2747 11.8324 7
      vertex -22.5659 11.8756 7
    endloop
  endfacet
  facet normal 0 0 1
    outer loop
      vertex -22.2747 11.8324 7
      vertex -22.6552 9.91982 7
      vertex -22.5552 9.89479 7
    endloop
  endfacet
  facet normal 0 0 1
    outer loop
      vertex -22.5659 11.8756 7
      vertex -22.7571 9.93494 7
      vertex -22.6552 9.91982 7
    endloop
  endfacet
  facet normal 0 0 1
    outer loop
      vertex -22.86 11.89 7
      vertex -22.7571 9.93494 7
      vertex -22.5659 11.8756 7
    endloop
  endfacet
  facet normal 0 0 1
    outer loop
      vertex -22.86 11.89 7
      vertex -22.86 9.94 7
      vertex -22.7571 9.93494 7
    endloop
  endfacet
  facet normal 0 0 1
    outer loop
      vertex -22.86 11.89 7
      vertex -22.9629 9.93494 7
      vertex -22.86 9.94 7
    endloop
  endfacet
  facet normal -0 0 1
    outer loop
      vertex -23.1541 11.8756 7
      vertex -22.9629 9.93494 7
      vertex -22.86 11.89 7
    endloop
  endfacet
  facet normal 0 0 1
    outer loop
      vertex -22.9629 9.93494 7
      vertex -23.1541 11.8756 7
      vertex -23.0648 9.91982 7
    endloop
  endfacet
  facet normal -0 0 1
    outer loop
      vertex -23.4453 11.8324 7
      vertex -23.0648 9.91982 7
      vertex -23.1541 11.8756 7
    endloop
  endfacet
  facet normal 0 0 1
    outer loop
      vertex -23.0648 9.91982 7
      vertex -23.4453 11.8324 7
      vertex -23.1648 9.89479 7
    endloop
  endfacet
  facet normal -0 0 1
    outer loop
      vertex -23.7309 11.7608 7
      vertex -23.1648 9.89479 7
      vertex -23.4453 11.8324 7
    endloop
  endfacet
  facet normal 0 0 1
    outer loop
      vertex -23.1648 9.89479 7
      vertex -23.7309 11.7608 7
      vertex -23.2618 9.86007 7
    endloop
  endfacet
  facet normal -0 0 1
    outer loop
      vertex -24.008 11.6616 7
      vertex -23.2618 9.86007 7
      vertex -23.7309 11.7608 7
    endloop
  endfacet
  facet normal 0 0 1
    outer loop
      vertex -23.2618 9.86007 7
      vertex -24.008 11.6616 7
      vertex -23.355 9.81602 7
    endloop
  endfacet
  facet normal -0 0 1
    outer loop
      vertex -24.2742 11.5358 7
      vertex -23.355 9.81602 7
      vertex -24.008 11.6616 7
    endloop
  endfacet
  facet normal 0 0 1
    outer loop
      vertex -23.355 9.81602 7
      vertex -24.2742 11.5358 7
      vertex -23.4433 9.76304 7
    endloop
  endfacet
  facet normal -0 0 1
    outer loop
      vertex -24.5267 11.3844 7
      vertex -23.4433 9.76304 7
      vertex -24.2742 11.5358 7
    endloop
  endfacet
  facet normal 0 0 1
    outer loop
      vertex -23.4433 9.76304 7
      vertex -24.5267 11.3844 7
      vertex -23.5261 9.70166 7
    endloop
  endfacet
  facet normal -0 0 1
    outer loop
      vertex -24.7632 11.209 7
      vertex -23.5261 9.70166 7
      vertex -24.5267 11.3844 7
    endloop
  endfacet
  facet normal 0 0 1
    outer loop
      vertex -23.5261 9.70166 7
      vertex -24.7632 11.209 7
      vertex -23.6025 9.63246 7
    endloop
  endfacet
  facet normal -0 0 1
    outer loop
      vertex -24.9813 11.0113 7
      vertex -23.6025 9.63246 7
      vertex -24.7632 11.209 7
    endloop
  endfacet
  facet normal 0 0 1
    outer loop
      vertex -23.6025 9.63246 7
      vertex -24.9813 11.0113 7
      vertex -23.6717 9.55611 7
    endloop
  endfacet
  facet normal -0 0 1
    outer loop
      vertex -25.179 10.7932 7
      vertex -23.6717 9.55611 7
      vertex -24.9813 11.0113 7
    endloop
  endfacet
  facet normal -0 0 1
    outer loop
      vertex -25.3544 10.5567 7
      vertex -23.733 9.47335 7
      vertex -25.179 10.7932 7
    endloop
  endfacet
  facet normal 0 0 1
    outer loop
      vertex -23.6717 9.55611 7
      vertex -25.179 10.7932 7
      vertex -23.733 9.47335 7
    endloop
  endfacet
  facet normal 0 0 1
    outer loop
      vertex -20.3656 7.22329 7
      vertex -21.987 8.30665 7
      vertex -20.541 6.98682 7
    endloop
  endfacet
  facet normal -0 0 1
    outer loop
      vertex -22.0483 8.22389 7
      vertex -20.541 6.98682 7
      vertex -21.987 8.30665 7
    endloop
  endfacet
  facet normal 0 0 1
    outer loop
      vertex -20.541 6.98682 7
      vertex -22.0483 8.22389 7
      vertex -20.7387 6.76868 7
    endloop
  endfacet
  facet normal -0 0 1
    outer loop
      vertex -22.1175 8.14754 7
      vertex -20.7387 6.76868 7
      vertex -22.0483 8.22389 7
    endloop
  endfacet
  facet normal 0 0 1
    outer loop
      vertex -20.7387 6.76868 7
      vertex -22.1175 8.14754 7
      vertex -20.9568 6.57097 7
    endloop
  endfacet
  facet normal -0 0 1
    outer loop
      vertex -22.1939 8.07834 7
      vertex -20.9568 6.57097 7
      vertex -22.1175 8.14754 7
    endloop
  endfacet
  facet normal 0 0 1
    outer loop
      vertex -20.9568 6.57097 7
      vertex -22.1939 8.07834 7
      vertex -21.1933 6.39559 7
    endloop
  endfacet
  facet normal -0 0 1
    outer loop
      vertex -22.2766 8.01696 7
      vertex -21.1933 6.39559 7
      vertex -22.1939 8.07834 7
    endloop
  endfacet
  facet normal 0 0 1
    outer loop
      vertex -21.1933 6.39559 7
      vertex -22.2766 8.01696 7
      vertex -21.4458 6.24424 7
    endloop
  endfacet
  facet normal -0 0 1
    outer loop
      vertex -22.365 7.96398 7
      vertex -21.4458 6.24424 7
      vertex -22.2766 8.01696 7
    endloop
  endfacet
  facet normal 0 0 1
    outer loop
      vertex -21.4458 6.24424 7
      vertex -22.365 7.96398 7
      vertex -21.7119 6.11836 7
    endloop
  endfacet
  facet normal -0 0 1
    outer loop
      vertex -22.4582 7.91993 7
      vertex -21.7119 6.11836 7
      vertex -22.365 7.96398 7
    endloop
  endfacet
  facet normal 0 0 1
    outer loop
      vertex -21.7119 6.11836 7
      vertex -22.4582 7.91993 7
      vertex -21.9891 6.01918 7
    endloop
  endfacet
  facet normal -0 0 1
    outer loop
      vertex -22.5552 7.88521 7
      vertex -21.9891 6.01918 7
      vertex -22.4582 7.91993 7
    endloop
  endfacet
  facet normal 0 0 1
    outer loop
      vertex -21.9891 6.01918 7
      vertex -22.5552 7.88521 7
      vertex -22.2747 5.94764 7
    endloop
  endfacet
  facet normal -0 0 1
    outer loop
      vertex -22.6552 7.86018 7
      vertex -22.2747 5.94764 7
      vertex -22.5552 7.88521 7
    endloop
  endfacet
  facet normal 0 0 1
    outer loop
      vertex -22.2747 5.94764 7
      vertex -22.6552 7.86018 7
      vertex -22.5659 5.90445 7
    endloop
  endfacet
  facet normal -0 0 1
    outer loop
      vertex -22.7571 7.84506 7
      vertex -22.5659 5.90445 7
      vertex -22.6552 7.86018 7
    endloop
  endfacet
  facet normal -0 0 1
    outer loop
      vertex -22.86 7.84 7
      vertex -22.5659 5.90445 7
      vertex -22.7571 7.84506 7
    endloop
  endfacet
  facet normal 0 0 1
    outer loop
      vertex -22.86 7.84 7
      vertex -22.86 5.89 7
      vertex -22.5659 5.90445 7
    endloop
  endfacet
  facet normal 0 0 1
    outer loop
      vertex -22.9629 7.84506 7
      vertex -22.86 5.89 7
      vertex -22.86 7.84 7
    endloop
  endfacet
  facet normal 0 0 1
    outer loop
      vertex -23.1541 5.90445 7
      vertex -22.9629 7.84506 7
      vertex -23.0648 7.86018 7
    endloop
  endfacet
  facet normal 0 0 1
    outer loop
      vertex -22.9629 7.84506 7
      vertex -23.1541 5.90445 7
      vertex -22.86 5.89 7
    endloop
  endfacet
  facet normal 0 0 1
    outer loop
      vertex -23.4453 5.94764 7
      vertex -23.0648 7.86018 7
      vertex -23.1648 7.88521 7
    endloop
  endfacet
  facet normal 0 0 1
    outer loop
      vertex -23.7309 6.01918 7
      vertex -23.1648 7.88521 7
      vertex -23.2618 7.91993 7
    endloop
  endfacet
  facet normal 0 0 1
    outer loop
      vertex -24.008 6.11836 7
      vertex -23.2618 7.91993 7
      vertex -23.355 7.96398 7
    endloop
  endfacet
  facet normal 0 0 1
    outer loop
      vertex -24.2742 6.24424 7
      vertex -23.355 7.96398 7
      vertex -23.4433 8.01696 7
    endloop
  endfacet
  facet normal 0 0 1
    outer loop
      vertex -23.0648 7.86018 7
      vertex -23.4453 5.94764 7
      vertex -23.1541 5.90445 7
    endloop
  endfacet
  facet normal 0 0 1
    outer loop
      vertex -24.5267 6.39559 7
      vertex -23.4433 8.01696 7
      vertex -23.5261 8.07834 7
    endloop
  endfacet
  facet normal 0 0 1
    outer loop
      vertex -24.7632 6.57097 7
      vertex -23.5261 8.07834 7
      vertex -23.6025 8.14754 7
    endloop
  endfacet
  facet normal 0 0 1
    outer loop
      vertex -24.9813 6.76868 7
      vertex -23.6025 8.14754 7
      vertex -23.6717 8.22389 7
    endloop
  endfacet
  facet normal 0 0 1
    outer loop
      vertex -23.1648 7.88521 7
      vertex -23.7309 6.01918 7
      vertex -23.4453 5.94764 7
    endloop
  endfacet
  facet normal 0 0 1
    outer loop
      vertex -25.179 6.98682 7
      vertex -23.6717 8.22389 7
      vertex -23.733 8.30665 7
    endloop
  endfacet
  facet normal 0 0 1
    outer loop
      vertex -25.3544 7.22329 7
      vertex -23.733 8.30665 7
      vertex -23.786 8.39503 7
    endloop
  endfacet
  facet normal 0 0 1
    outer loop
      vertex -25.5058 7.47581 7
      vertex -23.786 8.39503 7
      vertex -23.8301 8.48818 7
    endloop
  endfacet
  facet normal 0 0 1
    outer loop
      vertex -25.6316 7.74195 7
      vertex -23.8301 8.48818 7
      vertex -23.8648 8.5852 7
    endloop
  endfacet
  facet normal 0 0 1
    outer loop
      vertex -25.7308 8.01915 7
      vertex -23.8648 8.5852 7
      vertex -23.8898 8.68515 7
    endloop
  endfacet
  facet normal 0 0 1
    outer loop
      vertex -25.8024 8.30473 7
      vertex -23.8898 8.68515 7
      vertex -23.9049 8.78708 7
    endloop
  endfacet
  facet normal 0 0 1
    outer loop
      vertex -23.2618 7.91993 7
      vertex -24.008 6.11836 7
      vertex -23.7309 6.01918 7
    endloop
  endfacet
  facet normal 0 0 1
    outer loop
      vertex -25.8456 8.59595 7
      vertex -23.9049 8.78708 7
      vertex -23.91 8.89 7
    endloop
  endfacet
  facet normal 0 0 1
    outer loop
      vertex -23.733 9.47335 7
      vertex -25.3544 10.5567 7
      vertex -23.786 9.38497 7
    endloop
  endfacet
  facet normal -0 0 1
    outer loop
      vertex -25.5058 10.3042 7
      vertex -23.786 9.38497 7
      vertex -25.3544 10.5567 7
    endloop
  endfacet
  facet normal 0 0 1
    outer loop
      vertex -23.355 7.96398 7
      vertex -24.2742 6.24424 7
      vertex -24.008 6.11836 7
    endloop
  endfacet
  facet normal 0 0 1
    outer loop
      vertex -23.786 9.38497 7
      vertex -25.5058 10.3042 7
      vertex -23.8301 9.29182 7
    endloop
  endfacet
  facet normal 0 0 1
    outer loop
      vertex -23.4433 8.01696 7
      vertex -24.5267 6.39559 7
      vertex -24.2742 6.24424 7
    endloop
  endfacet
  facet normal -0 0 1
    outer loop
      vertex -25.6316 10.038 7
      vertex -23.8301 9.29182 7
      vertex -25.5058 10.3042 7
    endloop
  endfacet
  facet normal 0 0 1
    outer loop
      vertex -23.5261 8.07834 7
      vertex -24.7632 6.57097 7
      vertex -24.5267 6.39559 7
    endloop
  endfacet
  facet normal 0 0 1
    outer loop
      vertex -23.8301 9.29182 7
      vertex -25.6316 10.038 7
      vertex -23.8648 9.1948 7
    endloop
  endfacet
  facet normal 0 0 1
    outer loop
      vertex -23.6025 8.14754 7
      vertex -24.9813 6.76868 7
      vertex -24.7632 6.57097 7
    endloop
  endfacet
  facet normal -0 0 1
    outer loop
      vertex -25.7308 9.76085 7
      vertex -23.8648 9.1948 7
      vertex -25.6316 10.038 7
    endloop
  endfacet
  facet normal 0 0 1
    outer loop
      vertex -23.6717 8.22389 7
      vertex -25.179 6.98682 7
      vertex -24.9813 6.76868 7
    endloop
  endfacet
  facet normal 0 0 1
    outer loop
      vertex -23.8648 9.1948 7
      vertex -25.7308 9.76085 7
      vertex -23.8898 9.09484 7
    endloop
  endfacet
  facet normal 0 0 1
    outer loop
      vertex -23.733 8.30665 7
      vertex -25.3544 7.22329 7
      vertex -25.179 6.98682 7
    endloop
  endfacet
  facet normal -0 0 1
    outer loop
      vertex -25.8024 9.47527 7
      vertex -23.8898 9.09484 7
      vertex -25.7308 9.76085 7
    endloop
  endfacet
  facet normal 0 0 1
    outer loop
      vertex -23.786 8.39503 7
      vertex -25.5058 7.47581 7
      vertex -25.3544 7.22329 7
    endloop
  endfacet
  facet normal 0 0 1
    outer loop
      vertex -23.8898 9.09484 7
      vertex -25.8024 9.47527 7
      vertex -23.9049 8.99292 7
    endloop
  endfacet
  facet normal 0 0 1
    outer loop
      vertex -23.8301 8.48818 7
      vertex -25.6316 7.74195 7
      vertex -25.5058 7.47581 7
    endloop
  endfacet
  facet normal -0 0 1
    outer loop
      vertex -25.8456 9.18405 7
      vertex -23.9049 8.99292 7
      vertex -25.8024 9.47527 7
    endloop
  endfacet
  facet normal 0 0 1
    outer loop
      vertex -23.8648 8.5852 7
      vertex -25.7308 8.01915 7
      vertex -25.6316 7.74195 7
    endloop
  endfacet
  facet normal 0 0 1
    outer loop
      vertex -23.9049 8.99292 7
      vertex -25.8456 9.18405 7
      vertex -23.91 8.89 7
    endloop
  endfacet
  facet normal 0 0 1
    outer loop
      vertex -23.8898 8.68515 7
      vertex -25.8024 8.30473 7
      vertex -25.7308 8.01915 7
    endloop
  endfacet
  facet normal 0 0 1
    outer loop
      vertex -25.86 8.89 7
      vertex -23.91 8.89 7
      vertex -25.8456 9.18405 7
    endloop
  endfacet
  facet normal 0 0 1
    outer loop
      vertex -23.9049 8.78708 7
      vertex -25.8456 8.59595 7
      vertex -25.8024 8.30473 7
    endloop
  endfacet
  facet normal 0 0 1
    outer loop
      vertex -23.91 8.89 7
      vertex -25.86 8.89 7
      vertex -25.8456 8.59595 7
    endloop
  endfacet
  facet normal 0.427622 -0.903958 0
    outer loop
      vertex -21.7119 6.11836 3
      vertex -21.4458 6.24424 7
      vertex -21.7119 6.11836 7
    endloop
  endfacet
  facet normal 0.427622 -0.903958 0
    outer loop
      vertex -21.4458 6.24424 7
      vertex -21.7119 6.11836 3
      vertex -21.4458 6.24424 3
    endloop
  endfacet
  facet normal -0.857661 -0.514216 0
    outer loop
      vertex -25.3544 7.22329 3
      vertex -25.5058 7.47581 7
      vertex -25.5058 7.47581 3
    endloop
  endfacet
  facet normal -0.857661 -0.514216 0
    outer loop
      vertex -25.5058 7.47581 7
      vertex -25.3544 7.22329 3
      vertex -25.3544 7.22329 7
    endloop
  endfacet
  facet normal -0.427491 -0.90402 0
    outer loop
      vertex -24.2742 6.24424 3
      vertex -24.008 6.11836 7
      vertex -24.2742 6.24424 7
    endloop
  endfacet
  facet normal -0.427491 -0.90402 -0
    outer loop
      vertex -24.008 6.11836 7
      vertex -24.2742 6.24424 3
      vertex -24.008 6.11836 3
    endloop
  endfacet
  facet normal 0.146746 0.989174 -0
    outer loop
      vertex -22.2747 11.8324 3
      vertex -22.5659 11.8756 7
      vertex -22.2747 11.8324 7
    endloop
  endfacet
  facet normal 0.146746 0.989174 0
    outer loop
      vertex -22.5659 11.8756 7
      vertex -22.2747 11.8324 3
      vertex -22.5659 11.8756 3
    endloop
  endfacet
  facet normal 0.0490738 -0.998795 0
    outer loop
      vertex -22.86 5.89 3
      vertex -22.5659 5.90445 7
      vertex -22.86 5.89 7
    endloop
  endfacet
  facet normal 0.0490738 -0.998795 0
    outer loop
      vertex -22.5659 5.90445 7
      vertex -22.86 5.89 3
      vertex -22.5659 5.90445 3
    endloop
  endfacet
  facet normal 0.514121 -0.857718 0
    outer loop
      vertex -21.4458 6.24424 3
      vertex -21.1933 6.39559 7
      vertex -21.4458 6.24424 7
    endloop
  endfacet
  facet normal 0.514121 -0.857718 0
    outer loop
      vertex -21.1933 6.39559 7
      vertex -21.4458 6.24424 3
      vertex -21.1933 6.39559 3
    endloop
  endfacet
  facet normal 0.904125 0.427269 0
    outer loop
      vertex -20.0884 10.038 7
      vertex -20.2142 10.3042 3
      vertex -20.2142 10.3042 7
    endloop
  endfacet
  facet normal 0.904125 0.427269 0
    outer loop
      vertex -20.2142 10.3042 3
      vertex -20.0884 10.038 7
      vertex -20.0884 10.038 3
    endloop
  endfacet
  facet normal 0.969978 -0.243191 0
    outer loop
      vertex -19.9892 8.01915 7
      vertex -19.9176 8.30473 3
      vertex -19.9176 8.30473 7
    endloop
  endfacet
  facet normal 0.969978 -0.243191 0
    outer loop
      vertex -19.9176 8.30473 3
      vertex -19.9892 8.01915 7
      vertex -19.9892 8.01915 3
    endloop
  endfacet
  facet normal -0.941507 0.336993 0
    outer loop
      vertex -25.7308 9.76085 3
      vertex -25.6316 10.038 7
      vertex -25.6316 10.038 3
    endloop
  endfacet
  facet normal -0.941507 0.336993 0
    outer loop
      vertex -25.6316 10.038 7
      vertex -25.7308 9.76085 3
      vertex -25.7308 9.76085 7
    endloop
  endfacet
  facet normal -0.0489044 0.998803 0
    outer loop
      vertex -22.86 11.89 3
      vertex -23.1541 11.8756 7
      vertex -22.86 11.89 7
    endloop
  endfacet
  facet normal -0.0489044 0.998803 0
    outer loop
      vertex -23.1541 11.8756 7
      vertex -22.86 11.89 3
      vertex -23.1541 11.8756 3
    endloop
  endfacet
  facet normal -0.514246 0.857643 0
    outer loop
      vertex -24.2742 11.5358 3
      vertex -24.5267 11.3844 7
      vertex -24.2742 11.5358 7
    endloop
  endfacet
  facet normal -0.514246 0.857643 0
    outer loop
      vertex -24.5267 11.3844 7
      vertex -24.2742 11.5358 3
      vertex -24.5267 11.3844 3
    endloop
  endfacet
  facet normal 0.595699 0.803208 -0
    outer loop
      vertex -20.9568 11.209 3
      vertex -21.1933 11.3844 7
      vertex -20.9568 11.209 7
    endloop
  endfacet
  facet normal 0.595699 0.803208 0
    outer loop
      vertex -21.1933 11.3844 7
      vertex -20.9568 11.209 3
      vertex -21.1933 11.3844 3
    endloop
  endfacet
  facet normal -0.671625 -0.740891 0
    outer loop
      vertex -24.9813 6.76868 3
      vertex -24.7632 6.57097 7
      vertex -24.9813 6.76868 7
    endloop
  endfacet
  facet normal -0.671625 -0.740891 -0
    outer loop
      vertex -24.7632 6.57097 7
      vertex -24.9813 6.76868 3
      vertex -24.7632 6.57097 3
    endloop
  endfacet
  facet normal 0.989176 -0.146736 0
    outer loop
      vertex -19.9176 8.30473 7
      vertex -19.8744 8.59595 3
      vertex -19.8744 8.59595 7
    endloop
  endfacet
  facet normal 0.989176 -0.146736 0
    outer loop
      vertex -19.8744 8.59595 3
      vertex -19.9176 8.30473 7
      vertex -19.9176 8.30473 3
    endloop
  endfacet
  facet normal -0.242983 -0.970031 0
    outer loop
      vertex -23.7309 6.01918 3
      vertex -23.4453 5.94764 7
      vertex -23.7309 6.01918 7
    endloop
  endfacet
  facet normal -0.242983 -0.970031 -0
    outer loop
      vertex -23.4453 5.94764 7
      vertex -23.7309 6.01918 3
      vertex -23.4453 5.94764 3
    endloop
  endfacet
  facet normal -0.671607 0.740908 0
    outer loop
      vertex -24.7632 11.209 3
      vertex -24.9813 11.0113 7
      vertex -24.7632 11.209 7
    endloop
  endfacet
  facet normal -0.671607 0.740908 0
    outer loop
      vertex -24.9813 11.0113 7
      vertex -24.7632 11.209 3
      vertex -24.9813 11.0113 3
    endloop
  endfacet
  facet normal -0.998803 0.0489126 0
    outer loop
      vertex -25.86 8.89 3
      vertex -25.8456 9.18405 7
      vertex -25.8456 9.18405 3
    endloop
  endfacet
  facet normal -0.998803 0.0489126 0
    outer loop
      vertex -25.8456 9.18405 7
      vertex -25.86 8.89 3
      vertex -25.86 8.89 7
    endloop
  endfacet
  facet normal -0.969978 -0.243191 0
    outer loop
      vertex -25.7308 8.01915 3
      vertex -25.8024 8.30473 7
      vertex -25.8024 8.30473 3
    endloop
  endfacet
  facet normal -0.969978 -0.243191 0
    outer loop
      vertex -25.8024 8.30473 7
      vertex -25.7308 8.01915 3
      vertex -25.7308 8.01915 7
    endloop
  endfacet
  facet normal 0.803208 0.595699 0
    outer loop
      vertex -20.3656 10.5567 7
      vertex -20.541 10.7932 3
      vertex -20.541 10.7932 7
    endloop
  endfacet
  facet normal 0.803208 0.595699 0
    outer loop
      vertex -20.541 10.7932 3
      vertex -20.3656 10.5567 7
      vertex -20.3656 10.5567 3
    endloop
  endfacet
  facet normal -0.595699 0.803208 0
    outer loop
      vertex -24.5267 11.3844 3
      vertex -24.7632 11.209 7
      vertex -24.5267 11.3844 7
    endloop
  endfacet
  facet normal -0.595699 0.803208 0
    outer loop
      vertex -24.7632 11.209 7
      vertex -24.5267 11.3844 3
      vertex -24.7632 11.209 3
    endloop
  endfacet
  facet normal 0.941507 0.336993 0
    outer loop
      vertex -19.9892 9.76085 7
      vertex -20.0884 10.038 3
      vertex -20.0884 10.038 7
    endloop
  endfacet
  facet normal 0.941507 0.336993 0
    outer loop
      vertex -20.0884 10.038 3
      vertex -19.9892 9.76085 7
      vertex -19.9892 9.76085 3
    endloop
  endfacet
  facet normal 0.514246 0.857643 -0
    outer loop
      vertex -21.1933 11.3844 3
      vertex -21.4458 11.5358 7
      vertex -21.1933 11.3844 7
    endloop
  endfacet
  facet normal 0.514246 0.857643 0
    outer loop
      vertex -21.4458 11.5358 7
      vertex -21.1933 11.3844 3
      vertex -21.4458 11.5358 3
    endloop
  endfacet
  facet normal -0.146712 -0.989179 0
    outer loop
      vertex -23.4453 5.94764 3
      vertex -23.1541 5.90445 7
      vertex -23.4453 5.94764 7
    endloop
  endfacet
  facet normal -0.146712 -0.989179 -0
    outer loop
      vertex -23.1541 5.90445 7
      vertex -23.4453 5.94764 3
      vertex -23.1541 5.90445 3
    endloop
  endfacet
  facet normal 0.998803 -0.0489126 0
    outer loop
      vertex -19.8744 8.59595 7
      vertex -19.86 8.89 3
      vertex -19.86 8.89 7
    endloop
  endfacet
  facet normal 0.998803 -0.0489126 0
    outer loop
      vertex -19.86 8.89 3
      vertex -19.8744 8.59595 7
      vertex -19.8744 8.59595 3
    endloop
  endfacet
  facet normal -0.146746 0.989174 0
    outer loop
      vertex -23.1541 11.8756 3
      vertex -23.4453 11.8324 7
      vertex -23.1541 11.8756 7
    endloop
  endfacet
  facet normal -0.146746 0.989174 0
    outer loop
      vertex -23.4453 11.8324 7
      vertex -23.1541 11.8756 3
      vertex -23.4453 11.8324 3
    endloop
  endfacet
  facet normal 0.904088 -0.427347 0
    outer loop
      vertex -20.2142 7.47581 7
      vertex -20.0884 7.74195 3
      vertex -20.0884 7.74195 7
    endloop
  endfacet
  facet normal 0.904088 -0.427347 0
    outer loop
      vertex -20.0884 7.74195 3
      vertex -20.2142 7.47581 7
      vertex -20.2142 7.47581 3
    endloop
  endfacet
  facet normal 0.243175 0.969982 -0
    outer loop
      vertex -21.9891 11.7608 3
      vertex -22.2747 11.8324 7
      vertex -21.9891 11.7608 7
    endloop
  endfacet
  facet normal 0.243175 0.969982 0
    outer loop
      vertex -22.2747 11.8324 7
      vertex -21.9891 11.7608 3
      vertex -22.2747 11.8324 3
    endloop
  endfacet
  facet normal -0.337047 0.941488 0
    outer loop
      vertex -23.7309 11.7608 3
      vertex -24.008 11.6616 7
      vertex -23.7309 11.7608 7
    endloop
  endfacet
  facet normal -0.337047 0.941488 0
    outer loop
      vertex -24.008 11.6616 7
      vertex -23.7309 11.7608 3
      vertex -24.008 11.6616 3
    endloop
  endfacet
  facet normal -0.998803 -0.0489126 0
    outer loop
      vertex -25.8456 8.59595 3
      vertex -25.86 8.89 7
      vertex -25.86 8.89 3
    endloop
  endfacet
  facet normal -0.998803 -0.0489126 0
    outer loop
      vertex -25.86 8.89 7
      vertex -25.8456 8.59595 3
      vertex -25.8456 8.59595 7
    endloop
  endfacet
  facet normal 0.671625 -0.740891 0
    outer loop
      vertex -20.9568 6.57097 3
      vertex -20.7387 6.76868 7
      vertex -20.9568 6.57097 7
    endloop
  endfacet
  facet normal 0.671625 -0.740891 0
    outer loop
      vertex -20.7387 6.76868 7
      vertex -20.9568 6.57097 3
      vertex -20.7387 6.76868 3
    endloop
  endfacet
  facet normal 0.0489044 0.998803 -0
    outer loop
      vertex -22.5659 11.8756 3
      vertex -22.86 11.89 7
      vertex -22.5659 11.8756 7
    endloop
  endfacet
  facet normal 0.0489044 0.998803 0
    outer loop
      vertex -22.86 11.89 7
      vertex -22.5659 11.8756 3
      vertex -22.86 11.89 3
    endloop
  endfacet
  facet normal -0.904125 0.427269 0
    outer loop
      vertex -25.6316 10.038 3
      vertex -25.5058 10.3042 7
      vertex -25.5058 10.3042 3
    endloop
  endfacet
  facet normal -0.904125 0.427269 0
    outer loop
      vertex -25.5058 10.3042 7
      vertex -25.6316 10.038 3
      vertex -25.6316 10.038 7
    endloop
  endfacet
  facet normal -0.740908 0.671607 0
    outer loop
      vertex -25.179 10.7932 3
      vertex -24.9813 11.0113 7
      vertex -24.9813 11.0113 3
    endloop
  endfacet
  facet normal -0.740908 0.671607 0
    outer loop
      vertex -24.9813 11.0113 7
      vertex -25.179 10.7932 3
      vertex -25.179 10.7932 7
    endloop
  endfacet
  facet normal 0.740908 0.671607 0
    outer loop
      vertex -20.541 10.7932 7
      vertex -20.7387 11.0113 3
      vertex -20.7387 11.0113 7
    endloop
  endfacet
  facet normal 0.740908 0.671607 0
    outer loop
      vertex -20.7387 11.0113 3
      vertex -20.541 10.7932 7
      vertex -20.541 10.7932 3
    endloop
  endfacet
  facet normal -0.740969 -0.671539 0
    outer loop
      vertex -24.9813 6.76868 3
      vertex -25.179 6.98682 7
      vertex -25.179 6.98682 3
    endloop
  endfacet
  facet normal -0.740969 -0.671539 0
    outer loop
      vertex -25.179 6.98682 7
      vertex -24.9813 6.76868 3
      vertex -24.9813 6.76868 7
    endloop
  endfacet
  facet normal 0.336939 0.941527 -0
    outer loop
      vertex -21.7119 11.6616 3
      vertex -21.9891 11.7608 7
      vertex -21.7119 11.6616 7
    endloop
  endfacet
  facet normal 0.336939 0.941527 0
    outer loop
      vertex -21.9891 11.7608 7
      vertex -21.7119 11.6616 3
      vertex -21.9891 11.7608 3
    endloop
  endfacet
  facet normal 0.146712 -0.989179 0
    outer loop
      vertex -22.5659 5.90445 3
      vertex -22.2747 5.94764 7
      vertex -22.5659 5.90445 7
    endloop
  endfacet
  facet normal 0.146712 -0.989179 0
    outer loop
      vertex -22.2747 5.94764 7
      vertex -22.5659 5.90445 3
      vertex -22.2747 5.94764 3
    endloop
  endfacet
  facet normal 0.803172 -0.595747 0
    outer loop
      vertex -20.541 6.98682 7
      vertex -20.3656 7.22329 3
      vertex -20.3656 7.22329 7
    endloop
  endfacet
  facet normal 0.803172 -0.595747 0
    outer loop
      vertex -20.3656 7.22329 3
      vertex -20.541 6.98682 7
      vertex -20.541 6.98682 3
    endloop
  endfacet
  facet normal 0.857661 -0.514216 0
    outer loop
      vertex -20.3656 7.22329 7
      vertex -20.2142 7.47581 3
      vertex -20.2142 7.47581 7
    endloop
  endfacet
  facet normal 0.857661 -0.514216 0
    outer loop
      vertex -20.2142 7.47581 3
      vertex -20.3656 7.22329 7
      vertex -20.3656 7.22329 3
    endloop
  endfacet
  facet normal 0.4274 0.904063 -0
    outer loop
      vertex -21.4458 11.5358 3
      vertex -21.7119 11.6616 7
      vertex -21.4458 11.5358 7
    endloop
  endfacet
  facet normal 0.4274 0.904063 0
    outer loop
      vertex -21.7119 11.6616 7
      vertex -21.4458 11.5358 3
      vertex -21.7119 11.6616 3
    endloop
  endfacet
  facet normal -0.427269 0.904125 0
    outer loop
      vertex -24.008 11.6616 3
      vertex -24.2742 11.5358 7
      vertex -24.008 11.6616 7
    endloop
  endfacet
  facet normal -0.427269 0.904125 0
    outer loop
      vertex -24.2742 11.5358 7
      vertex -24.008 11.6616 3
      vertex -24.2742 11.5358 3
    endloop
  endfacet
  facet normal 0.857643 0.514246 0
    outer loop
      vertex -20.2142 10.3042 7
      vertex -20.3656 10.5567 3
      vertex -20.3656 10.5567 7
    endloop
  endfacet
  facet normal 0.857643 0.514246 0
    outer loop
      vertex -20.3656 10.5567 3
      vertex -20.2142 10.3042 7
      vertex -20.2142 10.3042 3
    endloop
  endfacet
  facet normal -0.857643 0.514246 0
    outer loop
      vertex -25.5058 10.3042 3
      vertex -25.3544 10.5567 7
      vertex -25.3544 10.5567 3
    endloop
  endfacet
  facet normal -0.857643 0.514246 0
    outer loop
      vertex -25.3544 10.5567 7
      vertex -25.5058 10.3042 3
      vertex -25.5058 10.3042 7
    endloop
  endfacet
  facet normal -0.941527 -0.336939 0
    outer loop
      vertex -25.6316 7.74195 3
      vertex -25.7308 8.01915 7
      vertex -25.7308 8.01915 3
    endloop
  endfacet
  facet normal -0.941527 -0.336939 0
    outer loop
      vertex -25.7308 8.01915 7
      vertex -25.6316 7.74195 3
      vertex -25.6316 7.74195 7
    endloop
  endfacet
  facet normal 0.671607 0.740908 -0
    outer loop
      vertex -20.7387 11.0113 3
      vertex -20.9568 11.209 7
      vertex -20.7387 11.0113 7
    endloop
  endfacet
  facet normal 0.671607 0.740908 0
    outer loop
      vertex -20.9568 11.209 7
      vertex -20.7387 11.0113 3
      vertex -20.9568 11.209 3
    endloop
  endfacet
  facet normal -0.243175 0.969982 0
    outer loop
      vertex -23.4453 11.8324 3
      vertex -23.7309 11.7608 7
      vertex -23.4453 11.8324 7
    endloop
  endfacet
  facet normal -0.243175 0.969982 0
    outer loop
      vertex -23.7309 11.7608 7
      vertex -23.4453 11.8324 3
      vertex -23.7309 11.7608 3
    endloop
  endfacet
  facet normal 0.336879 -0.941548 0
    outer loop
      vertex -21.9891 6.01918 3
      vertex -21.7119 6.11836 7
      vertex -21.9891 6.01918 7
    endloop
  endfacet
  facet normal 0.336879 -0.941548 0
    outer loop
      vertex -21.7119 6.11836 7
      vertex -21.9891 6.01918 3
      vertex -21.7119 6.11836 3
    endloop
  endfacet
  facet normal 0.740969 -0.671539 0
    outer loop
      vertex -20.7387 6.76868 7
      vertex -20.541 6.98682 3
      vertex -20.541 6.98682 7
    endloop
  endfacet
  facet normal 0.740969 -0.671539 0
    outer loop
      vertex -20.541 6.98682 3
      vertex -20.7387 6.76868 7
      vertex -20.7387 6.76868 3
    endloop
  endfacet
  facet normal 0.595655 -0.803241 0
    outer loop
      vertex -21.1933 6.39559 3
      vertex -20.9568 6.57097 7
      vertex -21.1933 6.39559 7
    endloop
  endfacet
  facet normal 0.595655 -0.803241 0
    outer loop
      vertex -20.9568 6.57097 7
      vertex -21.1933 6.39559 3
      vertex -20.9568 6.57097 3
    endloop
  endfacet
  facet normal 0.242983 -0.970031 0
    outer loop
      vertex -22.2747 5.94764 3
      vertex -21.9891 6.01918 7
      vertex -22.2747 5.94764 7
    endloop
  endfacet
  facet normal 0.242983 -0.970031 0
    outer loop
      vertex -21.9891 6.01918 7
      vertex -22.2747 5.94764 3
      vertex -21.9891 6.01918 3
    endloop
  endfacet
  facet normal -0.969978 0.243191 0
    outer loop
      vertex -25.8024 9.47527 3
      vertex -25.7308 9.76085 7
      vertex -25.7308 9.76085 3
    endloop
  endfacet
  facet normal -0.969978 0.243191 0
    outer loop
      vertex -25.7308 9.76085 7
      vertex -25.8024 9.47527 3
      vertex -25.8024 9.47527 7
    endloop
  endfacet
  facet normal -0.803172 -0.595747 0
    outer loop
      vertex -25.179 6.98682 3
      vertex -25.3544 7.22329 7
      vertex -25.3544 7.22329 3
    endloop
  endfacet
  facet normal -0.803172 -0.595747 0
    outer loop
      vertex -25.3544 7.22329 7
      vertex -25.179 6.98682 3
      vertex -25.179 6.98682 7
    endloop
  endfacet
  facet normal -0.595655 -0.803241 0
    outer loop
      vertex -24.7632 6.57097 3
      vertex -24.5267 6.39559 7
      vertex -24.7632 6.57097 7
    endloop
  endfacet
  facet normal -0.595655 -0.803241 -0
    outer loop
      vertex -24.5267 6.39559 7
      vertex -24.7632 6.57097 3
      vertex -24.5267 6.39559 3
    endloop
  endfacet
  facet normal 0.941527 -0.336939 0
    outer loop
      vertex -20.0884 7.74195 7
      vertex -19.9892 8.01915 3
      vertex -19.9892 8.01915 7
    endloop
  endfacet
  facet normal 0.941527 -0.336939 0
    outer loop
      vertex -19.9892 8.01915 3
      vertex -20.0884 7.74195 7
      vertex -20.0884 7.74195 3
    endloop
  endfacet
  facet normal -0.803208 0.595699 0
    outer loop
      vertex -25.3544 10.5567 3
      vertex -25.179 10.7932 7
      vertex -25.179 10.7932 3
    endloop
  endfacet
  facet normal -0.803208 0.595699 0
    outer loop
      vertex -25.179 10.7932 7
      vertex -25.3544 10.5567 3
      vertex -25.3544 10.5567 7
    endloop
  endfacet
  facet normal -0.514121 -0.857718 0
    outer loop
      vertex -24.5267 6.39559 3
      vertex -24.2742 6.24424 7
      vertex -24.5267 6.39559 7
    endloop
  endfacet
  facet normal -0.514121 -0.857718 -0
    outer loop
      vertex -24.2742 6.24424 7
      vertex -24.5267 6.39559 3
      vertex -24.2742 6.24424 3
    endloop
  endfacet
  facet normal -0.0490738 -0.998795 0
    outer loop
      vertex -23.1541 5.90445 3
      vertex -22.86 5.89 7
      vertex -23.1541 5.90445 7
    endloop
  endfacet
  facet normal -0.0490738 -0.998795 -0
    outer loop
      vertex -22.86 5.89 7
      vertex -23.1541 5.90445 3
      vertex -22.86 5.89 3
    endloop
  endfacet
  facet normal -0.989176 0.146736 0
    outer loop
      vertex -25.8456 9.18405 3
      vertex -25.8024 9.47527 7
      vertex -25.8024 9.47527 3
    endloop
  endfacet
  facet normal -0.989176 0.146736 0
    outer loop
      vertex -25.8024 9.47527 7
      vertex -25.8456 9.18405 3
      vertex -25.8456 9.18405 7
    endloop
  endfacet
  facet normal -0.336986 -0.94151 0
    outer loop
      vertex -24.008 6.11836 3
      vertex -23.7309 6.01918 7
      vertex -24.008 6.11836 7
    endloop
  endfacet
  facet normal -0.336986 -0.94151 -0
    outer loop
      vertex -23.7309 6.01918 7
      vertex -24.008 6.11836 3
      vertex -23.7309 6.01918 3
    endloop
  endfacet
  facet normal 0.989176 0.146736 0
    outer loop
      vertex 25.8456 -8.59595 7
      vertex 25.8024 -8.30473 3
      vertex 25.8024 -8.30473 7
    endloop
  endfacet
  facet normal 0.989176 0.146736 0
    outer loop
      vertex 25.8024 -8.30473 3
      vertex 25.8456 -8.59595 7
      vertex 25.8456 -8.59595 3
    endloop
  endfacet
  facet normal 0.998803 0.0489126 0
    outer loop
      vertex 25.86 -8.89 7
      vertex 25.8456 -8.59595 3
      vertex 25.8456 -8.59595 7
    endloop
  endfacet
  facet normal 0.998803 0.0489126 0
    outer loop
      vertex 25.8456 -8.59595 3
      vertex 25.86 -8.89 7
      vertex 25.86 -8.89 3
    endloop
  endfacet
  facet normal 0.969978 0.243191 0
    outer loop
      vertex 25.8024 -8.30473 7
      vertex 25.7308 -8.01915 3
      vertex 25.7308 -8.01915 7
    endloop
  endfacet
  facet normal 0.969978 0.243191 0
    outer loop
      vertex 25.7308 -8.01915 3
      vertex 25.8024 -8.30473 7
      vertex 25.8024 -8.30473 3
    endloop
  endfacet
  facet normal -0.242983 0.970031 0
    outer loop
      vertex 22.2747 -5.94764 3
      vertex 21.9891 -6.01918 7
      vertex 22.2747 -5.94764 7
    endloop
  endfacet
  facet normal -0.242983 0.970031 0
    outer loop
      vertex 21.9891 -6.01918 7
      vertex 22.2747 -5.94764 3
      vertex 21.9891 -6.01918 3
    endloop
  endfacet
  facet normal -0.904125 -0.427269 0
    outer loop
      vertex 20.2142 -10.3042 3
      vertex 20.0884 -10.038 7
      vertex 20.0884 -10.038 3
    endloop
  endfacet
  facet normal -0.904125 -0.427269 0
    outer loop
      vertex 20.0884 -10.038 7
      vertex 20.2142 -10.3042 3
      vertex 20.2142 -10.3042 7
    endloop
  endfacet
  facet normal 0.514121 0.857718 -0
    outer loop
      vertex 24.5267 -6.39559 3
      vertex 24.2742 -6.24424 7
      vertex 24.5267 -6.39559 7
    endloop
  endfacet
  facet normal 0.514121 0.857718 0
    outer loop
      vertex 24.2742 -6.24424 7
      vertex 24.5267 -6.39559 3
      vertex 24.2742 -6.24424 3
    endloop
  endfacet
  facet normal 0.514246 -0.857643 0
    outer loop
      vertex 24.2742 -11.5358 3
      vertex 24.5267 -11.3844 7
      vertex 24.2742 -11.5358 7
    endloop
  endfacet
  facet normal 0.514246 -0.857643 0
    outer loop
      vertex 24.5267 -11.3844 7
      vertex 24.2742 -11.5358 3
      vertex 24.5267 -11.3844 3
    endloop
  endfacet
  facet normal 0 0 1
    outer loop
      vertex 23.91 -8.89 7
      vertex 25.86 -8.89 7
      vertex 25.8456 -8.59595 7
    endloop
  endfacet
  facet normal 0 0 1
    outer loop
      vertex 23.9049 -8.78708 7
      vertex 25.8456 -8.59595 7
      vertex 25.8024 -8.30473 7
    endloop
  endfacet
  facet normal 0 0 1
    outer loop
      vertex 25.86 -8.89 7
      vertex 23.91 -8.89 7
      vertex 25.8456 -9.18405 7
    endloop
  endfacet
  facet normal 0 0 1
    outer loop
      vertex 23.8898 -8.68515 7
      vertex 25.8024 -8.30473 7
      vertex 25.7308 -8.01915 7
    endloop
  endfacet
  facet normal -0 0 1
    outer loop
      vertex 23.9049 -8.99292 7
      vertex 25.8456 -9.18405 7
      vertex 23.91 -8.89 7
    endloop
  endfacet
  facet normal 0 0 1
    outer loop
      vertex 23.8648 -8.5852 7
      vertex 25.7308 -8.01915 7
      vertex 25.6316 -7.74195 7
    endloop
  endfacet
  facet normal 0 0 1
    outer loop
      vertex 25.8456 -9.18405 7
      vertex 23.9049 -8.99292 7
      vertex 25.8024 -9.47527 7
    endloop
  endfacet
  facet normal 0 0 1
    outer loop
      vertex 23.8301 -8.48818 7
      vertex 25.6316 -7.74195 7
      vertex 25.5058 -7.47581 7
    endloop
  endfacet
  facet normal -0 0 1
    outer loop
      vertex 23.8898 -9.09484 7
      vertex 25.8024 -9.47527 7
      vertex 23.9049 -8.99292 7
    endloop
  endfacet
  facet normal 0 0 1
    outer loop
      vertex 23.786 -8.39503 7
      vertex 25.5058 -7.47581 7
      vertex 25.3544 -7.22329 7
    endloop
  endfacet
  facet normal 0 0 1
    outer loop
      vertex 25.8024 -9.47527 7
      vertex 23.8898 -9.09484 7
      vertex 25.7308 -9.76085 7
    endloop
  endfacet
  facet normal 0 0 1
    outer loop
      vertex 23.733 -8.30665 7
      vertex 25.3544 -7.22329 7
      vertex 25.179 -6.98682 7
    endloop
  endfacet
  facet normal -0 0 1
    outer loop
      vertex 23.8648 -9.1948 7
      vertex 25.7308 -9.76085 7
      vertex 23.8898 -9.09484 7
    endloop
  endfacet
  facet normal 0 0 1
    outer loop
      vertex 23.6717 -8.22389 7
      vertex 25.179 -6.98682 7
      vertex 24.9813 -6.76868 7
    endloop
  endfacet
  facet normal 0 0 1
    outer loop
      vertex 25.7308 -9.76085 7
      vertex 23.8648 -9.1948 7
      vertex 25.6316 -10.038 7
    endloop
  endfacet
  facet normal 0 0 1
    outer loop
      vertex 23.6025 -8.14754 7
      vertex 24.9813 -6.76868 7
      vertex 24.7632 -6.57097 7
    endloop
  endfacet
  facet normal -0 0 1
    outer loop
      vertex 23.8301 -9.29182 7
      vertex 25.6316 -10.038 7
      vertex 23.8648 -9.1948 7
    endloop
  endfacet
  facet normal 0 0 1
    outer loop
      vertex 23.5261 -8.07834 7
      vertex 24.7632 -6.57097 7
      vertex 24.5267 -6.39559 7
    endloop
  endfacet
  facet normal 0 0 1
    outer loop
      vertex 25.6316 -10.038 7
      vertex 23.8301 -9.29182 7
      vertex 25.5058 -10.3042 7
    endloop
  endfacet
  facet normal 0 0 1
    outer loop
      vertex 23.4433 -8.01696 7
      vertex 24.5267 -6.39559 7
      vertex 24.2742 -6.24424 7
    endloop
  endfacet
  facet normal -0 0 1
    outer loop
      vertex 23.786 -9.38497 7
      vertex 25.5058 -10.3042 7
      vertex 23.8301 -9.29182 7
    endloop
  endfacet
  facet normal 0 0 1
    outer loop
      vertex 23.355 -7.96398 7
      vertex 24.2742 -6.24424 7
      vertex 24.008 -6.11836 7
    endloop
  endfacet
  facet normal 0 0 1
    outer loop
      vertex 25.5058 -10.3042 7
      vertex 23.786 -9.38497 7
      vertex 25.3544 -10.5567 7
    endloop
  endfacet
  facet normal -0 0 1
    outer loop
      vertex 23.733 -9.47335 7
      vertex 25.3544 -10.5567 7
      vertex 23.786 -9.38497 7
    endloop
  endfacet
  facet normal 0 0 1
    outer loop
      vertex 25.8456 -8.59595 7
      vertex 23.9049 -8.78708 7
      vertex 23.91 -8.89 7
    endloop
  endfacet
  facet normal 0 0 1
    outer loop
      vertex 25.8024 -8.30473 7
      vertex 23.8898 -8.68515 7
      vertex 23.9049 -8.78708 7
    endloop
  endfacet
  facet normal 0 0 1
    outer loop
      vertex 25.7308 -8.01915 7
      vertex 23.8648 -8.5852 7
      vertex 23.8898 -8.68515 7
    endloop
  endfacet
  facet normal 0 0 1
    outer loop
      vertex 25.6316 -7.74195 7
      vertex 23.8301 -8.48818 7
      vertex 23.8648 -8.5852 7
    endloop
  endfacet
  facet normal 0 0 1
    outer loop
      vertex 25.5058 -7.47581 7
      vertex 23.786 -8.39503 7
      vertex 23.8301 -8.48818 7
    endloop
  endfacet
  facet normal 0 0 1
    outer loop
      vertex 25.3544 -7.22329 7
      vertex 23.733 -8.30665 7
      vertex 23.786 -8.39503 7
    endloop
  endfacet
  facet normal 0 0 1
    outer loop
      vertex 23.2618 -7.91993 7
      vertex 24.008 -6.11836 7
      vertex 23.7309 -6.01918 7
    endloop
  endfacet
  facet normal 0 0 1
    outer loop
      vertex 25.179 -6.98682 7
      vertex 23.6717 -8.22389 7
      vertex 23.733 -8.30665 7
    endloop
  endfacet
  facet normal 0 0 1
    outer loop
      vertex 24.9813 -6.76868 7
      vertex 23.6025 -8.14754 7
      vertex 23.6717 -8.22389 7
    endloop
  endfacet
  facet normal 0 0 1
    outer loop
      vertex 24.7632 -6.57097 7
      vertex 23.5261 -8.07834 7
      vertex 23.6025 -8.14754 7
    endloop
  endfacet
  facet normal 0 0 1
    outer loop
      vertex 23.1648 -7.88521 7
      vertex 23.7309 -6.01918 7
      vertex 23.4453 -5.94764 7
    endloop
  endfacet
  facet normal 0 0 1
    outer loop
      vertex 24.5267 -6.39559 7
      vertex 23.4433 -8.01696 7
      vertex 23.5261 -8.07834 7
    endloop
  endfacet
  facet normal 0 0 1
    outer loop
      vertex 24.2742 -6.24424 7
      vertex 23.355 -7.96398 7
      vertex 23.4433 -8.01696 7
    endloop
  endfacet
  facet normal 0 0 1
    outer loop
      vertex 24.008 -6.11836 7
      vertex 23.2618 -7.91993 7
      vertex 23.355 -7.96398 7
    endloop
  endfacet
  facet normal 0 0 1
    outer loop
      vertex 23.7309 -6.01918 7
      vertex 23.1648 -7.88521 7
      vertex 23.2618 -7.91993 7
    endloop
  endfacet
  facet normal 0 0 1
    outer loop
      vertex 23.0648 -7.86018 7
      vertex 23.4453 -5.94764 7
      vertex 23.1541 -5.90445 7
    endloop
  endfacet
  facet normal 0 0 1
    outer loop
      vertex 23.4453 -5.94764 7
      vertex 23.0648 -7.86018 7
      vertex 23.1648 -7.88521 7
    endloop
  endfacet
  facet normal 0 0 1
    outer loop
      vertex 23.1541 -5.90445 7
      vertex 22.9629 -7.84506 7
      vertex 23.0648 -7.86018 7
    endloop
  endfacet
  facet normal 0 0 1
    outer loop
      vertex 22.86 -5.89 7
      vertex 22.9629 -7.84506 7
      vertex 23.1541 -5.90445 7
    endloop
  endfacet
  facet normal 0 0 1
    outer loop
      vertex 22.86 -5.89 7
      vertex 22.86 -7.84 7
      vertex 22.9629 -7.84506 7
    endloop
  endfacet
  facet normal 0 0 1
    outer loop
      vertex 22.86 -5.89 7
      vertex 22.7571 -7.84506 7
      vertex 22.86 -7.84 7
    endloop
  endfacet
  facet normal -0 0 1
    outer loop
      vertex 22.5659 -5.90445 7
      vertex 22.7571 -7.84506 7
      vertex 22.86 -5.89 7
    endloop
  endfacet
  facet normal 0 0 1
    outer loop
      vertex 22.7571 -7.84506 7
      vertex 22.5659 -5.90445 7
      vertex 22.6552 -7.86018 7
    endloop
  endfacet
  facet normal -0 0 1
    outer loop
      vertex 22.2747 -5.94764 7
      vertex 22.6552 -7.86018 7
      vertex 22.5659 -5.90445 7
    endloop
  endfacet
  facet normal 0 0 1
    outer loop
      vertex 22.6552 -7.86018 7
      vertex 22.2747 -5.94764 7
      vertex 22.5552 -7.88521 7
    endloop
  endfacet
  facet normal -0 0 1
    outer loop
      vertex 21.9891 -6.01918 7
      vertex 22.5552 -7.88521 7
      vertex 22.2747 -5.94764 7
    endloop
  endfacet
  facet normal 0 0 1
    outer loop
      vertex 22.5552 -7.88521 7
      vertex 21.9891 -6.01918 7
      vertex 22.4582 -7.91993 7
    endloop
  endfacet
  facet normal -0 0 1
    outer loop
      vertex 21.7119 -6.11836 7
      vertex 22.4582 -7.91993 7
      vertex 21.9891 -6.01918 7
    endloop
  endfacet
  facet normal 0 0 1
    outer loop
      vertex 22.4582 -7.91993 7
      vertex 21.7119 -6.11836 7
      vertex 22.365 -7.96398 7
    endloop
  endfacet
  facet normal -0 0 1
    outer loop
      vertex 21.4458 -6.24424 7
      vertex 22.365 -7.96398 7
      vertex 21.7119 -6.11836 7
    endloop
  endfacet
  facet normal 0 0 1
    outer loop
      vertex 22.365 -7.96398 7
      vertex 21.4458 -6.24424 7
      vertex 22.2766 -8.01696 7
    endloop
  endfacet
  facet normal -0 0 1
    outer loop
      vertex 21.1933 -6.39559 7
      vertex 22.2766 -8.01696 7
      vertex 21.4458 -6.24424 7
    endloop
  endfacet
  facet normal 0 0 1
    outer loop
      vertex 22.2766 -8.01696 7
      vertex 21.1933 -6.39559 7
      vertex 22.1939 -8.07834 7
    endloop
  endfacet
  facet normal -0 0 1
    outer loop
      vertex 20.9568 -6.57097 7
      vertex 22.1939 -8.07834 7
      vertex 21.1933 -6.39559 7
    endloop
  endfacet
  facet normal 0 0 1
    outer loop
      vertex 22.1939 -8.07834 7
      vertex 20.9568 -6.57097 7
      vertex 22.1175 -8.14754 7
    endloop
  endfacet
  facet normal -0 0 1
    outer loop
      vertex 20.7387 -6.76868 7
      vertex 22.1175 -8.14754 7
      vertex 20.9568 -6.57097 7
    endloop
  endfacet
  facet normal 0 0 1
    outer loop
      vertex 22.1175 -8.14754 7
      vertex 20.7387 -6.76868 7
      vertex 22.0483 -8.22389 7
    endloop
  endfacet
  facet normal -0 0 1
    outer loop
      vertex 20.541 -6.98682 7
      vertex 22.0483 -8.22389 7
      vertex 20.7387 -6.76868 7
    endloop
  endfacet
  facet normal -0 0 1
    outer loop
      vertex 20.3656 -7.22329 7
      vertex 21.987 -8.30665 7
      vertex 20.541 -6.98682 7
    endloop
  endfacet
  facet normal 0 0 1
    outer loop
      vertex 22.0483 -8.22389 7
      vertex 20.541 -6.98682 7
      vertex 21.987 -8.30665 7
    endloop
  endfacet
  facet normal 0 0 1
    outer loop
      vertex 25.3544 -10.5567 7
      vertex 23.733 -9.47335 7
      vertex 25.179 -10.7932 7
    endloop
  endfacet
  facet normal -0 0 1
    outer loop
      vertex 23.6717 -9.55611 7
      vertex 25.179 -10.7932 7
      vertex 23.733 -9.47335 7
    endloop
  endfacet
  facet normal 0 0 1
    outer loop
      vertex 25.179 -10.7932 7
      vertex 23.6717 -9.55611 7
      vertex 24.9813 -11.0113 7
    endloop
  endfacet
  facet normal -0 0 1
    outer loop
      vertex 23.6025 -9.63246 7
      vertex 24.9813 -11.0113 7
      vertex 23.6717 -9.55611 7
    endloop
  endfacet
  facet normal 0 0 1
    outer loop
      vertex 24.9813 -11.0113 7
      vertex 23.6025 -9.63246 7
      vertex 24.7632 -11.209 7
    endloop
  endfacet
  facet normal -0 0 1
    outer loop
      vertex 23.5261 -9.70166 7
      vertex 24.7632 -11.209 7
      vertex 23.6025 -9.63246 7
    endloop
  endfacet
  facet normal 0 0 1
    outer loop
      vertex 24.7632 -11.209 7
      vertex 23.5261 -9.70166 7
      vertex 24.5267 -11.3844 7
    endloop
  endfacet
  facet normal -0 0 1
    outer loop
      vertex 23.4433 -9.76304 7
      vertex 24.5267 -11.3844 7
      vertex 23.5261 -9.70166 7
    endloop
  endfacet
  facet normal 0 0 1
    outer loop
      vertex 24.5267 -11.3844 7
      vertex 23.4433 -9.76304 7
      vertex 24.2742 -11.5358 7
    endloop
  endfacet
  facet normal -0 0 1
    outer loop
      vertex 23.355 -9.81602 7
      vertex 24.2742 -11.5358 7
      vertex 23.4433 -9.76304 7
    endloop
  endfacet
  facet normal 0 0 1
    outer loop
      vertex 24.2742 -11.5358 7
      vertex 23.355 -9.81602 7
      vertex 24.008 -11.6616 7
    endloop
  endfacet
  facet normal -0 0 1
    outer loop
      vertex 23.2618 -9.86007 7
      vertex 24.008 -11.6616 7
      vertex 23.355 -9.81602 7
    endloop
  endfacet
  facet normal 0 0 1
    outer loop
      vertex 24.008 -11.6616 7
      vertex 23.2618 -9.86007 7
      vertex 23.7309 -11.7608 7
    endloop
  endfacet
  facet normal -0 0 1
    outer loop
      vertex 23.1648 -9.89479 7
      vertex 23.7309 -11.7608 7
      vertex 23.2618 -9.86007 7
    endloop
  endfacet
  facet normal 0 0 1
    outer loop
      vertex 23.7309 -11.7608 7
      vertex 23.1648 -9.89479 7
      vertex 23.4453 -11.8324 7
    endloop
  endfacet
  facet normal -0 0 1
    outer loop
      vertex 23.0648 -9.91982 7
      vertex 23.4453 -11.8324 7
      vertex 23.1648 -9.89479 7
    endloop
  endfacet
  facet normal 0 0 1
    outer loop
      vertex 23.4453 -11.8324 7
      vertex 23.0648 -9.91982 7
      vertex 23.1541 -11.8756 7
    endloop
  endfacet
  facet normal -0 0 1
    outer loop
      vertex 22.9629 -9.93494 7
      vertex 23.1541 -11.8756 7
      vertex 23.0648 -9.91982 7
    endloop
  endfacet
  facet normal -0 0 1
    outer loop
      vertex 22.86 -9.94 7
      vertex 23.1541 -11.8756 7
      vertex 22.9629 -9.93494 7
    endloop
  endfacet
  facet normal 0 0 1
    outer loop
      vertex 22.86 -9.94 7
      vertex 22.86 -11.89 7
      vertex 23.1541 -11.8756 7
    endloop
  endfacet
  facet normal 0 0 1
    outer loop
      vertex 22.7571 -9.93494 7
      vertex 22.86 -11.89 7
      vertex 22.86 -9.94 7
    endloop
  endfacet
  facet normal 0 0 1
    outer loop
      vertex 22.5659 -11.8756 7
      vertex 22.7571 -9.93494 7
      vertex 22.6552 -9.91982 7
    endloop
  endfacet
  facet normal 0 0 1
    outer loop
      vertex 22.7571 -9.93494 7
      vertex 22.5659 -11.8756 7
      vertex 22.86 -11.89 7
    endloop
  endfacet
  facet normal 0 0 1
    outer loop
      vertex 22.2747 -11.8324 7
      vertex 22.6552 -9.91982 7
      vertex 22.5552 -9.89479 7
    endloop
  endfacet
  facet normal 0 0 1
    outer loop
      vertex 21.9891 -11.7608 7
      vertex 22.5552 -9.89479 7
      vertex 22.4582 -9.86007 7
    endloop
  endfacet
  facet normal 0 0 1
    outer loop
      vertex 21.7119 -11.6616 7
      vertex 22.4582 -9.86007 7
      vertex 22.365 -9.81602 7
    endloop
  endfacet
  facet normal 0 0 1
    outer loop
      vertex 21.4458 -11.5358 7
      vertex 22.365 -9.81602 7
      vertex 22.2766 -9.76304 7
    endloop
  endfacet
  facet normal 0 0 1
    outer loop
      vertex 22.6552 -9.91982 7
      vertex 22.2747 -11.8324 7
      vertex 22.5659 -11.8756 7
    endloop
  endfacet
  facet normal 0 0 1
    outer loop
      vertex 21.1933 -11.3844 7
      vertex 22.2766 -9.76304 7
      vertex 22.1939 -9.70166 7
    endloop
  endfacet
  facet normal 0 0 1
    outer loop
      vertex 20.9568 -11.209 7
      vertex 22.1939 -9.70166 7
      vertex 22.1175 -9.63246 7
    endloop
  endfacet
  facet normal 0 0 1
    outer loop
      vertex 20.7387 -11.0113 7
      vertex 22.1175 -9.63246 7
      vertex 22.0483 -9.55611 7
    endloop
  endfacet
  facet normal 0 0 1
    outer loop
      vertex 22.5552 -9.89479 7
      vertex 21.9891 -11.7608 7
      vertex 22.2747 -11.8324 7
    endloop
  endfacet
  facet normal 0 0 1
    outer loop
      vertex 20.541 -10.7932 7
      vertex 22.0483 -9.55611 7
      vertex 21.987 -9.47335 7
    endloop
  endfacet
  facet normal 0 0 1
    outer loop
      vertex 20.3656 -10.5567 7
      vertex 21.987 -9.47335 7
      vertex 21.934 -9.38497 7
    endloop
  endfacet
  facet normal 0 0 1
    outer loop
      vertex 20.2142 -10.3042 7
      vertex 21.934 -9.38497 7
      vertex 21.8899 -9.29182 7
    endloop
  endfacet
  facet normal 0 0 1
    outer loop
      vertex 20.0884 -10.038 7
      vertex 21.8899 -9.29182 7
      vertex 21.8552 -9.1948 7
    endloop
  endfacet
  facet normal 0 0 1
    outer loop
      vertex 19.9892 -9.76085 7
      vertex 21.8552 -9.1948 7
      vertex 21.8302 -9.09484 7
    endloop
  endfacet
  facet normal 0 0 1
    outer loop
      vertex 19.9176 -9.47527 7
      vertex 21.8302 -9.09484 7
      vertex 21.8151 -8.99292 7
    endloop
  endfacet
  facet normal 0 0 1
    outer loop
      vertex 22.4582 -9.86007 7
      vertex 21.7119 -11.6616 7
      vertex 21.9891 -11.7608 7
    endloop
  endfacet
  facet normal 0 0 1
    outer loop
      vertex 19.8744 -9.18405 7
      vertex 21.8151 -8.99292 7
      vertex 21.81 -8.89 7
    endloop
  endfacet
  facet normal 0 0 1
    outer loop
      vertex 21.987 -8.30665 7
      vertex 20.3656 -7.22329 7
      vertex 21.934 -8.39503 7
    endloop
  endfacet
  facet normal -0 0 1
    outer loop
      vertex 20.2142 -7.47581 7
      vertex 21.934 -8.39503 7
      vertex 20.3656 -7.22329 7
    endloop
  endfacet
  facet normal 0 0 1
    outer loop
      vertex 22.365 -9.81602 7
      vertex 21.4458 -11.5358 7
      vertex 21.7119 -11.6616 7
    endloop
  endfacet
  facet normal 0 0 1
    outer loop
      vertex 21.934 -8.39503 7
      vertex 20.2142 -7.47581 7
      vertex 21.8899 -8.48818 7
    endloop
  endfacet
  facet normal 0 0 1
    outer loop
      vertex 22.2766 -9.76304 7
      vertex 21.1933 -11.3844 7
      vertex 21.4458 -11.5358 7
    endloop
  endfacet
  facet normal -0 0 1
    outer loop
      vertex 20.0884 -7.74195 7
      vertex 21.8899 -8.48818 7
      vertex 20.2142 -7.47581 7
    endloop
  endfacet
  facet normal 0 0 1
    outer loop
      vertex 22.1939 -9.70166 7
      vertex 20.9568 -11.209 7
      vertex 21.1933 -11.3844 7
    endloop
  endfacet
  facet normal 0 0 1
    outer loop
      vertex 21.8899 -8.48818 7
      vertex 20.0884 -7.74195 7
      vertex 21.8552 -8.5852 7
    endloop
  endfacet
  facet normal 0 0 1
    outer loop
      vertex 22.1175 -9.63246 7
      vertex 20.7387 -11.0113 7
      vertex 20.9568 -11.209 7
    endloop
  endfacet
  facet normal -0 0 1
    outer loop
      vertex 19.9892 -8.01915 7
      vertex 21.8552 -8.5852 7
      vertex 20.0884 -7.74195 7
    endloop
  endfacet
  facet normal 0 0 1
    outer loop
      vertex 22.0483 -9.55611 7
      vertex 20.541 -10.7932 7
      vertex 20.7387 -11.0113 7
    endloop
  endfacet
  facet normal 0 0 1
    outer loop
      vertex 21.8552 -8.5852 7
      vertex 19.9892 -8.01915 7
      vertex 21.8302 -8.68515 7
    endloop
  endfacet
  facet normal 0 0 1
    outer loop
      vertex 21.987 -9.47335 7
      vertex 20.3656 -10.5567 7
      vertex 20.541 -10.7932 7
    endloop
  endfacet
  facet normal -0 0 1
    outer loop
      vertex 19.9176 -8.30473 7
      vertex 21.8302 -8.68515 7
      vertex 19.9892 -8.01915 7
    endloop
  endfacet
  facet normal 0 0 1
    outer loop
      vertex 21.934 -9.38497 7
      vertex 20.2142 -10.3042 7
      vertex 20.3656 -10.5567 7
    endloop
  endfacet
  facet normal 0 0 1
    outer loop
      vertex 21.8302 -8.68515 7
      vertex 19.9176 -8.30473 7
      vertex 21.8151 -8.78708 7
    endloop
  endfacet
  facet normal 0 0 1
    outer loop
      vertex 21.8899 -9.29182 7
      vertex 20.0884 -10.038 7
      vertex 20.2142 -10.3042 7
    endloop
  endfacet
  facet normal -0 0 1
    outer loop
      vertex 19.8744 -8.59595 7
      vertex 21.8151 -8.78708 7
      vertex 19.9176 -8.30473 7
    endloop
  endfacet
  facet normal 0 0 1
    outer loop
      vertex 21.8552 -9.1948 7
      vertex 19.9892 -9.76085 7
      vertex 20.0884 -10.038 7
    endloop
  endfacet
  facet normal 0 0 1
    outer loop
      vertex 21.8151 -8.78708 7
      vertex 19.8744 -8.59595 7
      vertex 21.81 -8.89 7
    endloop
  endfacet
  facet normal 0 0 1
    outer loop
      vertex 21.8302 -9.09484 7
      vertex 19.9176 -9.47527 7
      vertex 19.9892 -9.76085 7
    endloop
  endfacet
  facet normal 0 0 1
    outer loop
      vertex 19.86 -8.89 7
      vertex 21.81 -8.89 7
      vertex 19.8744 -8.59595 7
    endloop
  endfacet
  facet normal 0 0 1
    outer loop
      vertex 21.8151 -8.99292 7
      vertex 19.8744 -9.18405 7
      vertex 19.9176 -9.47527 7
    endloop
  endfacet
  facet normal 0 0 1
    outer loop
      vertex 21.81 -8.89 7
      vertex 19.86 -8.89 7
      vertex 19.8744 -9.18405 7
    endloop
  endfacet
  facet normal 0.337047 -0.941488 0
    outer loop
      vertex 23.7309 -11.7608 3
      vertex 24.008 -11.6616 7
      vertex 23.7309 -11.7608 7
    endloop
  endfacet
  facet normal 0.337047 -0.941488 0
    outer loop
      vertex 24.008 -11.6616 7
      vertex 23.7309 -11.7608 3
      vertex 24.008 -11.6616 3
    endloop
  endfacet
  facet normal -0.969978 0.243191 0
    outer loop
      vertex 19.9176 -8.30473 3
      vertex 19.9892 -8.01915 7
      vertex 19.9892 -8.01915 3
    endloop
  endfacet
  facet normal -0.969978 0.243191 0
    outer loop
      vertex 19.9892 -8.01915 7
      vertex 19.9176 -8.30473 3
      vertex 19.9176 -8.30473 7
    endloop
  endfacet
  facet normal -0.671625 0.740891 0
    outer loop
      vertex 20.9568 -6.57097 3
      vertex 20.7387 -6.76868 7
      vertex 20.9568 -6.57097 7
    endloop
  endfacet
  facet normal -0.671625 0.740891 0
    outer loop
      vertex 20.7387 -6.76868 7
      vertex 20.9568 -6.57097 3
      vertex 20.7387 -6.76868 3
    endloop
  endfacet
  facet normal -0.514121 0.857718 0
    outer loop
      vertex 21.4458 -6.24424 3
      vertex 21.1933 -6.39559 7
      vertex 21.4458 -6.24424 7
    endloop
  endfacet
  facet normal -0.514121 0.857718 0
    outer loop
      vertex 21.1933 -6.39559 7
      vertex 21.4458 -6.24424 3
      vertex 21.1933 -6.39559 3
    endloop
  endfacet
  facet normal 0.146746 -0.989174 0
    outer loop
      vertex 23.1541 -11.8756 3
      vertex 23.4453 -11.8324 7
      vertex 23.1541 -11.8756 7
    endloop
  endfacet
  facet normal 0.146746 -0.989174 0
    outer loop
      vertex 23.4453 -11.8324 7
      vertex 23.1541 -11.8756 3
      vertex 23.4453 -11.8324 3
    endloop
  endfacet
  facet normal -0.803172 0.595747 0
    outer loop
      vertex 20.3656 -7.22329 3
      vertex 20.541 -6.98682 7
      vertex 20.541 -6.98682 3
    endloop
  endfacet
  facet normal -0.803172 0.595747 0
    outer loop
      vertex 20.541 -6.98682 7
      vertex 20.3656 -7.22329 3
      vertex 20.3656 -7.22329 7
    endloop
  endfacet
  facet normal 0.904088 0.427347 0
    outer loop
      vertex 25.6316 -7.74195 7
      vertex 25.5058 -7.47581 3
      vertex 25.5058 -7.47581 7
    endloop
  endfacet
  facet normal 0.904088 0.427347 0
    outer loop
      vertex 25.5058 -7.47581 3
      vertex 25.6316 -7.74195 7
      vertex 25.6316 -7.74195 3
    endloop
  endfacet
  facet normal -0.941527 0.336939 0
    outer loop
      vertex 19.9892 -8.01915 3
      vertex 20.0884 -7.74195 7
      vertex 20.0884 -7.74195 3
    endloop
  endfacet
  facet normal -0.941527 0.336939 0
    outer loop
      vertex 20.0884 -7.74195 7
      vertex 19.9892 -8.01915 3
      vertex 19.9892 -8.01915 7
    endloop
  endfacet
  facet normal -0.336939 -0.941527 0
    outer loop
      vertex 21.7119 -11.6616 3
      vertex 21.9891 -11.7608 7
      vertex 21.7119 -11.6616 7
    endloop
  endfacet
  facet normal -0.336939 -0.941527 -0
    outer loop
      vertex 21.9891 -11.7608 7
      vertex 21.7119 -11.6616 3
      vertex 21.9891 -11.7608 3
    endloop
  endfacet
  facet normal 0.595655 0.803241 -0
    outer loop
      vertex 24.7632 -6.57097 3
      vertex 24.5267 -6.39559 7
      vertex 24.7632 -6.57097 7
    endloop
  endfacet
  facet normal 0.595655 0.803241 0
    outer loop
      vertex 24.5267 -6.39559 7
      vertex 24.7632 -6.57097 3
      vertex 24.5267 -6.39559 3
    endloop
  endfacet
  facet normal -0.904088 0.427347 0
    outer loop
      vertex 20.0884 -7.74195 3
      vertex 20.2142 -7.47581 7
      vertex 20.2142 -7.47581 3
    endloop
  endfacet
  facet normal -0.904088 0.427347 0
    outer loop
      vertex 20.2142 -7.47581 7
      vertex 20.0884 -7.74195 3
      vertex 20.0884 -7.74195 7
    endloop
  endfacet
  facet normal 0.803208 -0.595699 0
    outer loop
      vertex 25.179 -10.7932 7
      vertex 25.3544 -10.5567 3
      vertex 25.3544 -10.5567 7
    endloop
  endfacet
  facet normal 0.803208 -0.595699 0
    outer loop
      vertex 25.3544 -10.5567 3
      vertex 25.179 -10.7932 7
      vertex 25.179 -10.7932 3
    endloop
  endfacet
  facet normal 0.146712 0.989179 -0
    outer loop
      vertex 23.4453 -5.94764 3
      vertex 23.1541 -5.90445 7
      vertex 23.4453 -5.94764 7
    endloop
  endfacet
  facet normal 0.146712 0.989179 0
    outer loop
      vertex 23.1541 -5.90445 7
      vertex 23.4453 -5.94764 3
      vertex 23.1541 -5.90445 3
    endloop
  endfacet
  facet normal -0.989176 0.146736 0
    outer loop
      vertex 19.8744 -8.59595 3
      vertex 19.9176 -8.30473 7
      vertex 19.9176 -8.30473 3
    endloop
  endfacet
  facet normal -0.989176 0.146736 0
    outer loop
      vertex 19.9176 -8.30473 7
      vertex 19.8744 -8.59595 3
      vertex 19.8744 -8.59595 7
    endloop
  endfacet
  facet normal 0.803172 0.595747 0
    outer loop
      vertex 25.3544 -7.22329 7
      vertex 25.179 -6.98682 3
      vertex 25.179 -6.98682 7
    endloop
  endfacet
  facet normal 0.803172 0.595747 0
    outer loop
      vertex 25.179 -6.98682 3
      vertex 25.3544 -7.22329 7
      vertex 25.3544 -7.22329 3
    endloop
  endfacet
  facet normal 0.0490738 0.998795 -0
    outer loop
      vertex 23.1541 -5.90445 3
      vertex 22.86 -5.89 7
      vertex 23.1541 -5.90445 7
    endloop
  endfacet
  facet normal 0.0490738 0.998795 0
    outer loop
      vertex 22.86 -5.89 7
      vertex 23.1541 -5.90445 3
      vertex 22.86 -5.89 3
    endloop
  endfacet
  facet normal -0.857643 -0.514246 0
    outer loop
      vertex 20.3656 -10.5567 3
      vertex 20.2142 -10.3042 7
      vertex 20.2142 -10.3042 3
    endloop
  endfacet
  facet normal -0.857643 -0.514246 0
    outer loop
      vertex 20.2142 -10.3042 7
      vertex 20.3656 -10.5567 3
      vertex 20.3656 -10.5567 7
    endloop
  endfacet
  facet normal -0.941507 -0.336993 0
    outer loop
      vertex 20.0884 -10.038 3
      vertex 19.9892 -9.76085 7
      vertex 19.9892 -9.76085 3
    endloop
  endfacet
  facet normal -0.941507 -0.336993 0
    outer loop
      vertex 19.9892 -9.76085 7
      vertex 20.0884 -10.038 3
      vertex 20.0884 -10.038 7
    endloop
  endfacet
  facet normal -0.427622 0.903958 0
    outer loop
      vertex 21.7119 -6.11836 3
      vertex 21.4458 -6.24424 7
      vertex 21.7119 -6.11836 7
    endloop
  endfacet
  facet normal -0.427622 0.903958 0
    outer loop
      vertex 21.4458 -6.24424 7
      vertex 21.7119 -6.11836 3
      vertex 21.4458 -6.24424 3
    endloop
  endfacet
  facet normal 0.904125 -0.427269 0
    outer loop
      vertex 25.5058 -10.3042 7
      vertex 25.6316 -10.038 3
      vertex 25.6316 -10.038 7
    endloop
  endfacet
  facet normal 0.904125 -0.427269 0
    outer loop
      vertex 25.6316 -10.038 3
      vertex 25.5058 -10.3042 7
      vertex 25.5058 -10.3042 3
    endloop
  endfacet
  facet normal -0.595699 -0.803208 0
    outer loop
      vertex 20.9568 -11.209 3
      vertex 21.1933 -11.3844 7
      vertex 20.9568 -11.209 7
    endloop
  endfacet
  facet normal -0.595699 -0.803208 -0
    outer loop
      vertex 21.1933 -11.3844 7
      vertex 20.9568 -11.209 3
      vertex 21.1933 -11.3844 3
    endloop
  endfacet
  facet normal -0.857661 0.514216 0
    outer loop
      vertex 20.2142 -7.47581 3
      vertex 20.3656 -7.22329 7
      vertex 20.3656 -7.22329 3
    endloop
  endfacet
  facet normal -0.857661 0.514216 0
    outer loop
      vertex 20.3656 -7.22329 7
      vertex 20.2142 -7.47581 3
      vertex 20.2142 -7.47581 7
    endloop
  endfacet
  facet normal 0.998803 -0.0489126 0
    outer loop
      vertex 25.8456 -9.18405 7
      vertex 25.86 -8.89 3
      vertex 25.86 -8.89 7
    endloop
  endfacet
  facet normal 0.998803 -0.0489126 0
    outer loop
      vertex 25.86 -8.89 3
      vertex 25.8456 -9.18405 7
      vertex 25.8456 -9.18405 3
    endloop
  endfacet
  facet normal 0.941507 -0.336993 0
    outer loop
      vertex 25.6316 -10.038 7
      vertex 25.7308 -9.76085 3
      vertex 25.7308 -9.76085 7
    endloop
  endfacet
  facet normal 0.941507 -0.336993 0
    outer loop
      vertex 25.7308 -9.76085 3
      vertex 25.6316 -10.038 7
      vertex 25.6316 -10.038 3
    endloop
  endfacet
  facet normal 0.243175 -0.969982 0
    outer loop
      vertex 23.4453 -11.8324 3
      vertex 23.7309 -11.7608 7
      vertex 23.4453 -11.8324 7
    endloop
  endfacet
  facet normal 0.243175 -0.969982 0
    outer loop
      vertex 23.7309 -11.7608 7
      vertex 23.4453 -11.8324 3
      vertex 23.7309 -11.7608 3
    endloop
  endfacet
  facet normal 0.857661 0.514216 0
    outer loop
      vertex 25.5058 -7.47581 7
      vertex 25.3544 -7.22329 3
      vertex 25.3544 -7.22329 7
    endloop
  endfacet
  facet normal 0.857661 0.514216 0
    outer loop
      vertex 25.3544 -7.22329 3
      vertex 25.5058 -7.47581 7
      vertex 25.5058 -7.47581 3
    endloop
  endfacet
  facet normal 0.941527 0.336939 0
    outer loop
      vertex 25.7308 -8.01915 7
      vertex 25.6316 -7.74195 3
      vertex 25.6316 -7.74195 7
    endloop
  endfacet
  facet normal 0.941527 0.336939 0
    outer loop
      vertex 25.6316 -7.74195 3
      vertex 25.7308 -8.01915 7
      vertex 25.7308 -8.01915 3
    endloop
  endfacet
  facet normal -0.998803 -0.0489126 0
    outer loop
      vertex 19.8744 -9.18405 3
      vertex 19.86 -8.89 7
      vertex 19.86 -8.89 3
    endloop
  endfacet
  facet normal -0.998803 -0.0489126 0
    outer loop
      vertex 19.86 -8.89 7
      vertex 19.8744 -9.18405 3
      vertex 19.8744 -9.18405 7
    endloop
  endfacet
  facet normal 0.989176 -0.146736 0
    outer loop
      vertex 25.8024 -9.47527 7
      vertex 25.8456 -9.18405 3
      vertex 25.8456 -9.18405 7
    endloop
  endfacet
  facet normal 0.989176 -0.146736 0
    outer loop
      vertex 25.8456 -9.18405 3
      vertex 25.8024 -9.47527 7
      vertex 25.8024 -9.47527 3
    endloop
  endfacet
  facet normal -0.671607 -0.740908 0
    outer loop
      vertex 20.7387 -11.0113 3
      vertex 20.9568 -11.209 7
      vertex 20.7387 -11.0113 7
    endloop
  endfacet
  facet normal -0.671607 -0.740908 -0
    outer loop
      vertex 20.9568 -11.209 7
      vertex 20.7387 -11.0113 3
      vertex 20.9568 -11.209 3
    endloop
  endfacet
  facet normal 0.969978 -0.243191 0
    outer loop
      vertex 25.7308 -9.76085 7
      vertex 25.8024 -9.47527 3
      vertex 25.8024 -9.47527 7
    endloop
  endfacet
  facet normal 0.969978 -0.243191 0
    outer loop
      vertex 25.8024 -9.47527 3
      vertex 25.7308 -9.76085 7
      vertex 25.7308 -9.76085 3
    endloop
  endfacet
  facet normal 0.671625 0.740891 -0
    outer loop
      vertex 24.9813 -6.76868 3
      vertex 24.7632 -6.57097 7
      vertex 24.9813 -6.76868 7
    endloop
  endfacet
  facet normal 0.671625 0.740891 0
    outer loop
      vertex 24.7632 -6.57097 7
      vertex 24.9813 -6.76868 3
      vertex 24.7632 -6.57097 3
    endloop
  endfacet
  facet normal 0.336986 0.94151 -0
    outer loop
      vertex 24.008 -6.11836 3
      vertex 23.7309 -6.01918 7
      vertex 24.008 -6.11836 7
    endloop
  endfacet
  facet normal 0.336986 0.94151 0
    outer loop
      vertex 23.7309 -6.01918 7
      vertex 24.008 -6.11836 3
      vertex 23.7309 -6.01918 3
    endloop
  endfacet
  facet normal -0.336879 0.941548 0
    outer loop
      vertex 21.9891 -6.01918 3
      vertex 21.7119 -6.11836 7
      vertex 21.9891 -6.01918 7
    endloop
  endfacet
  facet normal -0.336879 0.941548 0
    outer loop
      vertex 21.7119 -6.11836 7
      vertex 21.9891 -6.01918 3
      vertex 21.7119 -6.11836 3
    endloop
  endfacet
  facet normal -0.514246 -0.857643 0
    outer loop
      vertex 21.1933 -11.3844 3
      vertex 21.4458 -11.5358 7
      vertex 21.1933 -11.3844 7
    endloop
  endfacet
  facet normal -0.514246 -0.857643 -0
    outer loop
      vertex 21.4458 -11.5358 7
      vertex 21.1933 -11.3844 3
      vertex 21.4458 -11.5358 3
    endloop
  endfacet
  facet normal 0.857643 -0.514246 0
    outer loop
      vertex 25.3544 -10.5567 7
      vertex 25.5058 -10.3042 3
      vertex 25.5058 -10.3042 7
    endloop
  endfacet
  facet normal 0.857643 -0.514246 0
    outer loop
      vertex 25.5058 -10.3042 3
      vertex 25.3544 -10.5567 7
      vertex 25.3544 -10.5567 3
    endloop
  endfacet
  facet normal 0.427491 0.90402 -0
    outer loop
      vertex 24.2742 -6.24424 3
      vertex 24.008 -6.11836 7
      vertex 24.2742 -6.24424 7
    endloop
  endfacet
  facet normal 0.427491 0.90402 0
    outer loop
      vertex 24.008 -6.11836 7
      vertex 24.2742 -6.24424 3
      vertex 24.008 -6.11836 3
    endloop
  endfacet
  facet normal -0.146746 -0.989174 0
    outer loop
      vertex 22.2747 -11.8324 3
      vertex 22.5659 -11.8756 7
      vertex 22.2747 -11.8324 7
    endloop
  endfacet
  facet normal -0.146746 -0.989174 -0
    outer loop
      vertex 22.5659 -11.8756 7
      vertex 22.2747 -11.8324 3
      vertex 22.5659 -11.8756 3
    endloop
  endfacet
  facet normal -0.595655 0.803241 0
    outer loop
      vertex 21.1933 -6.39559 3
      vertex 20.9568 -6.57097 7
      vertex 21.1933 -6.39559 7
    endloop
  endfacet
  facet normal -0.595655 0.803241 0
    outer loop
      vertex 20.9568 -6.57097 7
      vertex 21.1933 -6.39559 3
      vertex 20.9568 -6.57097 3
    endloop
  endfacet
  facet normal -0.0489044 -0.998803 0
    outer loop
      vertex 22.5659 -11.8756 3
      vertex 22.86 -11.89 7
      vertex 22.5659 -11.8756 7
    endloop
  endfacet
  facet normal -0.0489044 -0.998803 -0
    outer loop
      vertex 22.86 -11.89 7
      vertex 22.5659 -11.8756 3
      vertex 22.86 -11.89 3
    endloop
  endfacet
  facet normal -0.740969 0.671539 0
    outer loop
      vertex 20.541 -6.98682 3
      vertex 20.7387 -6.76868 7
      vertex 20.7387 -6.76868 3
    endloop
  endfacet
  facet normal -0.740969 0.671539 0
    outer loop
      vertex 20.7387 -6.76868 7
      vertex 20.541 -6.98682 3
      vertex 20.541 -6.98682 7
    endloop
  endfacet
  facet normal 0.0489044 -0.998803 0
    outer loop
      vertex 22.86 -11.89 3
      vertex 23.1541 -11.8756 7
      vertex 22.86 -11.89 7
    endloop
  endfacet
  facet normal 0.0489044 -0.998803 0
    outer loop
      vertex 23.1541 -11.8756 7
      vertex 22.86 -11.89 3
      vertex 23.1541 -11.8756 3
    endloop
  endfacet
  facet normal -0.146712 0.989179 0
    outer loop
      vertex 22.5659 -5.90445 3
      vertex 22.2747 -5.94764 7
      vertex 22.5659 -5.90445 7
    endloop
  endfacet
  facet normal -0.146712 0.989179 0
    outer loop
      vertex 22.2747 -5.94764 7
      vertex 22.5659 -5.90445 3
      vertex 22.2747 -5.94764 3
    endloop
  endfacet
  facet normal -0.243175 -0.969982 0
    outer loop
      vertex 21.9891 -11.7608 3
      vertex 22.2747 -11.8324 7
      vertex 21.9891 -11.7608 7
    endloop
  endfacet
  facet normal -0.243175 -0.969982 -0
    outer loop
      vertex 22.2747 -11.8324 7
      vertex 21.9891 -11.7608 3
      vertex 22.2747 -11.8324 3
    endloop
  endfacet
  facet normal 0.671607 -0.740908 0
    outer loop
      vertex 24.7632 -11.209 3
      vertex 24.9813 -11.0113 7
      vertex 24.7632 -11.209 7
    endloop
  endfacet
  facet normal 0.671607 -0.740908 0
    outer loop
      vertex 24.9813 -11.0113 7
      vertex 24.7632 -11.209 3
      vertex 24.9813 -11.0113 3
    endloop
  endfacet
  facet normal 0.242983 0.970031 -0
    outer loop
      vertex 23.7309 -6.01918 3
      vertex 23.4453 -5.94764 7
      vertex 23.7309 -6.01918 7
    endloop
  endfacet
  facet normal 0.242983 0.970031 0
    outer loop
      vertex 23.4453 -5.94764 7
      vertex 23.7309 -6.01918 3
      vertex 23.4453 -5.94764 3
    endloop
  endfacet
  facet normal -0.969978 -0.243191 0
    outer loop
      vertex 19.9892 -9.76085 3
      vertex 19.9176 -9.47527 7
      vertex 19.9176 -9.47527 3
    endloop
  endfacet
  facet normal -0.969978 -0.243191 0
    outer loop
      vertex 19.9176 -9.47527 7
      vertex 19.9892 -9.76085 3
      vertex 19.9892 -9.76085 7
    endloop
  endfacet
  facet normal -0.4274 -0.904063 0
    outer loop
      vertex 21.4458 -11.5358 3
      vertex 21.7119 -11.6616 7
      vertex 21.4458 -11.5358 7
    endloop
  endfacet
  facet normal -0.4274 -0.904063 -0
    outer loop
      vertex 21.7119 -11.6616 7
      vertex 21.4458 -11.5358 3
      vertex 21.7119 -11.6616 3
    endloop
  endfacet
  facet normal -0.740908 -0.671607 0
    outer loop
      vertex 20.7387 -11.0113 3
      vertex 20.541 -10.7932 7
      vertex 20.541 -10.7932 3
    endloop
  endfacet
  facet normal -0.740908 -0.671607 0
    outer loop
      vertex 20.541 -10.7932 7
      vertex 20.7387 -11.0113 3
      vertex 20.7387 -11.0113 7
    endloop
  endfacet
  facet normal 0.427269 -0.904125 0
    outer loop
      vertex 24.008 -11.6616 3
      vertex 24.2742 -11.5358 7
      vertex 24.008 -11.6616 7
    endloop
  endfacet
  facet normal 0.427269 -0.904125 0
    outer loop
      vertex 24.2742 -11.5358 7
      vertex 24.008 -11.6616 3
      vertex 24.2742 -11.5358 3
    endloop
  endfacet
  facet normal -0.0490738 0.998795 0
    outer loop
      vertex 22.86 -5.89 3
      vertex 22.5659 -5.90445 7
      vertex 22.86 -5.89 7
    endloop
  endfacet
  facet normal -0.0490738 0.998795 0
    outer loop
      vertex 22.5659 -5.90445 7
      vertex 22.86 -5.89 3
      vertex 22.5659 -5.90445 3
    endloop
  endfacet
  facet normal -0.989176 -0.146736 0
    outer loop
      vertex 19.9176 -9.47527 3
      vertex 19.8744 -9.18405 7
      vertex 19.8744 -9.18405 3
    endloop
  endfacet
  facet normal -0.989176 -0.146736 0
    outer loop
      vertex 19.8744 -9.18405 7
      vertex 19.9176 -9.47527 3
      vertex 19.9176 -9.47527 7
    endloop
  endfacet
  facet normal 0.740969 0.671539 0
    outer loop
      vertex 25.179 -6.98682 7
      vertex 24.9813 -6.76868 3
      vertex 24.9813 -6.76868 7
    endloop
  endfacet
  facet normal 0.740969 0.671539 0
    outer loop
      vertex 24.9813 -6.76868 3
      vertex 25.179 -6.98682 7
      vertex 25.179 -6.98682 3
    endloop
  endfacet
  facet normal 0.595699 -0.803208 0
    outer loop
      vertex 24.5267 -11.3844 3
      vertex 24.7632 -11.209 7
      vertex 24.5267 -11.3844 7
    endloop
  endfacet
  facet normal 0.595699 -0.803208 0
    outer loop
      vertex 24.7632 -11.209 7
      vertex 24.5267 -11.3844 3
      vertex 24.7632 -11.209 3
    endloop
  endfacet
  facet normal -0.803208 -0.595699 0
    outer loop
      vertex 20.541 -10.7932 3
      vertex 20.3656 -10.5567 7
      vertex 20.3656 -10.5567 3
    endloop
  endfacet
  facet normal -0.803208 -0.595699 0
    outer loop
      vertex 20.3656 -10.5567 7
      vertex 20.541 -10.7932 3
      vertex 20.541 -10.7932 7
    endloop
  endfacet
  facet normal -0.998803 0.0489126 0
    outer loop
      vertex 19.86 -8.89 3
      vertex 19.8744 -8.59595 7
      vertex 19.8744 -8.59595 3
    endloop
  endfacet
  facet normal -0.998803 0.0489126 0
    outer loop
      vertex 19.8744 -8.59595 7
      vertex 19.86 -8.89 3
      vertex 19.86 -8.89 7
    endloop
  endfacet
  facet normal 0.740908 -0.671607 0
    outer loop
      vertex 24.9813 -11.0113 7
      vertex 25.179 -10.7932 3
      vertex 25.179 -10.7932 7
    endloop
  endfacet
  facet normal 0.740908 -0.671607 0
    outer loop
      vertex 25.179 -10.7932 3
      vertex 24.9813 -11.0113 7
      vertex 24.9813 -11.0113 3
    endloop
  endfacet
  facet normal -0.146746 0.989174 0
    outer loop
      vertex 22.5659 11.8756 3
      vertex 22.2747 11.8324 7
      vertex 22.5659 11.8756 7
    endloop
  endfacet
  facet normal -0.146746 0.989174 0
    outer loop
      vertex 22.2747 11.8324 7
      vertex 22.5659 11.8756 3
      vertex 22.2747 11.8324 3
    endloop
  endfacet
  facet normal 0.989176 0.146736 0
    outer loop
      vertex 25.8456 9.18405 7
      vertex 25.8024 9.47527 3
      vertex 25.8024 9.47527 7
    endloop
  endfacet
  facet normal 0.989176 0.146736 0
    outer loop
      vertex 25.8024 9.47527 3
      vertex 25.8456 9.18405 7
      vertex 25.8456 9.18405 3
    endloop
  endfacet
  facet normal 0.998803 0.0489126 0
    outer loop
      vertex 25.86 8.89 7
      vertex 25.8456 9.18405 3
      vertex 25.8456 9.18405 7
    endloop
  endfacet
  facet normal 0.998803 0.0489126 0
    outer loop
      vertex 25.8456 9.18405 3
      vertex 25.86 8.89 7
      vertex 25.86 8.89 3
    endloop
  endfacet
  facet normal 0.969978 0.243191 0
    outer loop
      vertex 25.8024 9.47527 7
      vertex 25.7308 9.76085 3
      vertex 25.7308 9.76085 7
    endloop
  endfacet
  facet normal 0.969978 0.243191 0
    outer loop
      vertex 25.7308 9.76085 3
      vertex 25.8024 9.47527 7
      vertex 25.8024 9.47527 3
    endloop
  endfacet
  facet normal 0.998803 -0.0489126 0
    outer loop
      vertex 25.8456 8.59595 7
      vertex 25.86 8.89 3
      vertex 25.86 8.89 7
    endloop
  endfacet
  facet normal 0.998803 -0.0489126 0
    outer loop
      vertex 25.86 8.89 3
      vertex 25.8456 8.59595 7
      vertex 25.8456 8.59595 3
    endloop
  endfacet
  facet normal 0.427269 0.904125 -0
    outer loop
      vertex 24.2742 11.5358 3
      vertex 24.008 11.6616 7
      vertex 24.2742 11.5358 7
    endloop
  endfacet
  facet normal 0.427269 0.904125 0
    outer loop
      vertex 24.008 11.6616 7
      vertex 24.2742 11.5358 3
      vertex 24.008 11.6616 3
    endloop
  endfacet
  facet normal 0.941527 -0.336939 0
    outer loop
      vertex 25.6316 7.74195 7
      vertex 25.7308 8.01915 3
      vertex 25.7308 8.01915 7
    endloop
  endfacet
  facet normal 0.941527 -0.336939 0
    outer loop
      vertex 25.7308 8.01915 3
      vertex 25.6316 7.74195 7
      vertex 25.6316 7.74195 3
    endloop
  endfacet
  facet normal 0.0489044 0.998803 -0
    outer loop
      vertex 23.1541 11.8756 3
      vertex 22.86 11.89 7
      vertex 23.1541 11.8756 7
    endloop
  endfacet
  facet normal 0.0489044 0.998803 0
    outer loop
      vertex 22.86 11.89 7
      vertex 23.1541 11.8756 3
      vertex 22.86 11.89 3
    endloop
  endfacet
  facet normal -0.514246 0.857643 0
    outer loop
      vertex 21.4458 11.5358 3
      vertex 21.1933 11.3844 7
      vertex 21.4458 11.5358 7
    endloop
  endfacet
  facet normal -0.514246 0.857643 0
    outer loop
      vertex 21.1933 11.3844 7
      vertex 21.4458 11.5358 3
      vertex 21.1933 11.3844 3
    endloop
  endfacet
  facet normal 0.337047 0.941488 -0
    outer loop
      vertex 24.008 11.6616 3
      vertex 23.7309 11.7608 7
      vertex 24.008 11.6616 7
    endloop
  endfacet
  facet normal 0.337047 0.941488 0
    outer loop
      vertex 23.7309 11.7608 7
      vertex 24.008 11.6616 3
      vertex 23.7309 11.7608 3
    endloop
  endfacet
  facet normal 0.803208 0.595699 0
    outer loop
      vertex 25.3544 10.5567 7
      vertex 25.179 10.7932 3
      vertex 25.179 10.7932 7
    endloop
  endfacet
  facet normal 0.803208 0.595699 0
    outer loop
      vertex 25.179 10.7932 3
      vertex 25.3544 10.5567 7
      vertex 25.3544 10.5567 3
    endloop
  endfacet
  facet normal 0.514246 0.857643 -0
    outer loop
      vertex 24.5267 11.3844 3
      vertex 24.2742 11.5358 7
      vertex 24.5267 11.3844 7
    endloop
  endfacet
  facet normal 0.514246 0.857643 0
    outer loop
      vertex 24.2742 11.5358 7
      vertex 24.5267 11.3844 3
      vertex 24.2742 11.5358 3
    endloop
  endfacet
  facet normal -0.989176 0.146736 0
    outer loop
      vertex 19.8744 9.18405 3
      vertex 19.9176 9.47527 7
      vertex 19.9176 9.47527 3
    endloop
  endfacet
  facet normal -0.989176 0.146736 0
    outer loop
      vertex 19.9176 9.47527 7
      vertex 19.8744 9.18405 3
      vertex 19.8744 9.18405 7
    endloop
  endfacet
  facet normal -0.740969 -0.671539 0
    outer loop
      vertex 20.7387 6.76868 3
      vertex 20.541 6.98682 7
      vertex 20.541 6.98682 3
    endloop
  endfacet
  facet normal -0.740969 -0.671539 0
    outer loop
      vertex 20.541 6.98682 7
      vertex 20.7387 6.76868 3
      vertex 20.7387 6.76868 7
    endloop
  endfacet
  facet normal 0.740908 0.671607 0
    outer loop
      vertex 25.179 10.7932 7
      vertex 24.9813 11.0113 3
      vertex 24.9813 11.0113 7
    endloop
  endfacet
  facet normal 0.740908 0.671607 0
    outer loop
      vertex 24.9813 11.0113 3
      vertex 25.179 10.7932 7
      vertex 25.179 10.7932 3
    endloop
  endfacet
  facet normal -0.243175 0.969982 0
    outer loop
      vertex 22.2747 11.8324 3
      vertex 21.9891 11.7608 7
      vertex 22.2747 11.8324 7
    endloop
  endfacet
  facet normal -0.243175 0.969982 0
    outer loop
      vertex 21.9891 11.7608 7
      vertex 22.2747 11.8324 3
      vertex 21.9891 11.7608 3
    endloop
  endfacet
  facet normal 0.595655 -0.803241 0
    outer loop
      vertex 24.5267 6.39559 3
      vertex 24.7632 6.57097 7
      vertex 24.5267 6.39559 7
    endloop
  endfacet
  facet normal 0.595655 -0.803241 0
    outer loop
      vertex 24.7632 6.57097 7
      vertex 24.5267 6.39559 3
      vertex 24.7632 6.57097 3
    endloop
  endfacet
  facet normal 0.243175 0.969982 -0
    outer loop
      vertex 23.7309 11.7608 3
      vertex 23.4453 11.8324 7
      vertex 23.7309 11.7608 7
    endloop
  endfacet
  facet normal 0.243175 0.969982 0
    outer loop
      vertex 23.4453 11.8324 7
      vertex 23.7309 11.7608 3
      vertex 23.4453 11.8324 3
    endloop
  endfacet
  facet normal -0.336939 0.941527 0
    outer loop
      vertex 21.9891 11.7608 3
      vertex 21.7119 11.6616 7
      vertex 21.9891 11.7608 7
    endloop
  endfacet
  facet normal -0.336939 0.941527 0
    outer loop
      vertex 21.7119 11.6616 7
      vertex 21.9891 11.7608 3
      vertex 21.7119 11.6616 3
    endloop
  endfacet
  facet normal 0.595699 0.803208 -0
    outer loop
      vertex 24.7632 11.209 3
      vertex 24.5267 11.3844 7
      vertex 24.7632 11.209 7
    endloop
  endfacet
  facet normal 0.595699 0.803208 0
    outer loop
      vertex 24.5267 11.3844 7
      vertex 24.7632 11.209 3
      vertex 24.5267 11.3844 3
    endloop
  endfacet
  facet normal -0.0490738 -0.998795 0
    outer loop
      vertex 22.5659 5.90445 3
      vertex 22.86 5.89 7
      vertex 22.5659 5.90445 7
    endloop
  endfacet
  facet normal -0.0490738 -0.998795 -0
    outer loop
      vertex 22.86 5.89 7
      vertex 22.5659 5.90445 3
      vertex 22.86 5.89 3
    endloop
  endfacet
  facet normal 0.904088 -0.427347 0
    outer loop
      vertex 25.5058 7.47581 7
      vertex 25.6316 7.74195 3
      vertex 25.6316 7.74195 7
    endloop
  endfacet
  facet normal 0.904088 -0.427347 0
    outer loop
      vertex 25.6316 7.74195 3
      vertex 25.5058 7.47581 7
      vertex 25.5058 7.47581 3
    endloop
  endfacet
  facet normal -0.0489044 0.998803 0
    outer loop
      vertex 22.86 11.89 3
      vertex 22.5659 11.8756 7
      vertex 22.86 11.89 7
    endloop
  endfacet
  facet normal -0.0489044 0.998803 0
    outer loop
      vertex 22.5659 11.8756 7
      vertex 22.86 11.89 3
      vertex 22.5659 11.8756 3
    endloop
  endfacet
  facet normal 0.989176 -0.146736 0
    outer loop
      vertex 25.8024 8.30473 7
      vertex 25.8456 8.59595 3
      vertex 25.8456 8.59595 7
    endloop
  endfacet
  facet normal 0.989176 -0.146736 0
    outer loop
      vertex 25.8456 8.59595 3
      vertex 25.8024 8.30473 7
      vertex 25.8024 8.30473 3
    endloop
  endfacet
  facet normal -0.989176 -0.146736 0
    outer loop
      vertex 19.9176 8.30473 3
      vertex 19.8744 8.59595 7
      vertex 19.8744 8.59595 3
    endloop
  endfacet
  facet normal -0.989176 -0.146736 0
    outer loop
      vertex 19.8744 8.59595 7
      vertex 19.9176 8.30473 3
      vertex 19.9176 8.30473 7
    endloop
  endfacet
  facet normal 0.857661 -0.514216 0
    outer loop
      vertex 25.3544 7.22329 7
      vertex 25.5058 7.47581 3
      vertex 25.5058 7.47581 7
    endloop
  endfacet
  facet normal 0.857661 -0.514216 0
    outer loop
      vertex 25.5058 7.47581 3
      vertex 25.3544 7.22329 7
      vertex 25.3544 7.22329 3
    endloop
  endfacet
  facet normal 0 0 1
    outer loop
      vertex 23.91 8.89 7
      vertex 25.86 8.89 7
      vertex 25.8456 9.18405 7
    endloop
  endfacet
  facet normal 0 0 1
    outer loop
      vertex 23.9049 8.99292 7
      vertex 25.8456 9.18405 7
      vertex 25.8024 9.47527 7
    endloop
  endfacet
  facet normal 0 0 1
    outer loop
      vertex 25.86 8.89 7
      vertex 23.91 8.89 7
      vertex 25.8456 8.59595 7
    endloop
  endfacet
  facet normal 0 0 1
    outer loop
      vertex 23.8898 9.09484 7
      vertex 25.8024 9.47527 7
      vertex 25.7308 9.76085 7
    endloop
  endfacet
  facet normal -0 0 1
    outer loop
      vertex 23.9049 8.78708 7
      vertex 25.8456 8.59595 7
      vertex 23.91 8.89 7
    endloop
  endfacet
  facet normal 0 0 1
    outer loop
      vertex 23.8648 9.1948 7
      vertex 25.7308 9.76085 7
      vertex 25.6316 10.038 7
    endloop
  endfacet
  facet normal 0 0 1
    outer loop
      vertex 25.8456 8.59595 7
      vertex 23.9049 8.78708 7
      vertex 25.8024 8.30473 7
    endloop
  endfacet
  facet normal 0 0 1
    outer loop
      vertex 23.8301 9.29182 7
      vertex 25.6316 10.038 7
      vertex 25.5058 10.3042 7
    endloop
  endfacet
  facet normal -0 0 1
    outer loop
      vertex 23.8898 8.68515 7
      vertex 25.8024 8.30473 7
      vertex 23.9049 8.78708 7
    endloop
  endfacet
  facet normal 0 0 1
    outer loop
      vertex 23.786 9.38497 7
      vertex 25.5058 10.3042 7
      vertex 25.3544 10.5567 7
    endloop
  endfacet
  facet normal 0 0 1
    outer loop
      vertex 25.8024 8.30473 7
      vertex 23.8898 8.68515 7
      vertex 25.7308 8.01915 7
    endloop
  endfacet
  facet normal 0 0 1
    outer loop
      vertex 23.733 9.47335 7
      vertex 25.3544 10.5567 7
      vertex 25.179 10.7932 7
    endloop
  endfacet
  facet normal -0 0 1
    outer loop
      vertex 23.8648 8.5852 7
      vertex 25.7308 8.01915 7
      vertex 23.8898 8.68515 7
    endloop
  endfacet
  facet normal 0 0 1
    outer loop
      vertex 23.6717 9.55611 7
      vertex 25.179 10.7932 7
      vertex 24.9813 11.0113 7
    endloop
  endfacet
  facet normal 0 0 1
    outer loop
      vertex 25.7308 8.01915 7
      vertex 23.8648 8.5852 7
      vertex 25.6316 7.74195 7
    endloop
  endfacet
  facet normal 0 0 1
    outer loop
      vertex 23.6025 9.63246 7
      vertex 24.9813 11.0113 7
      vertex 24.7632 11.209 7
    endloop
  endfacet
  facet normal -0 0 1
    outer loop
      vertex 23.8301 8.48818 7
      vertex 25.6316 7.74195 7
      vertex 23.8648 8.5852 7
    endloop
  endfacet
  facet normal 0 0 1
    outer loop
      vertex 23.5261 9.70166 7
      vertex 24.7632 11.209 7
      vertex 24.5267 11.3844 7
    endloop
  endfacet
  facet normal 0 0 1
    outer loop
      vertex 25.6316 7.74195 7
      vertex 23.8301 8.48818 7
      vertex 25.5058 7.47581 7
    endloop
  endfacet
  facet normal 0 0 1
    outer loop
      vertex 23.4433 9.76304 7
      vertex 24.5267 11.3844 7
      vertex 24.2742 11.5358 7
    endloop
  endfacet
  facet normal -0 0 1
    outer loop
      vertex 23.786 8.39503 7
      vertex 25.5058 7.47581 7
      vertex 23.8301 8.48818 7
    endloop
  endfacet
  facet normal 0 0 1
    outer loop
      vertex 23.355 9.81602 7
      vertex 24.2742 11.5358 7
      vertex 24.008 11.6616 7
    endloop
  endfacet
  facet normal 0 0 1
    outer loop
      vertex 25.5058 7.47581 7
      vertex 23.786 8.39503 7
      vertex 25.3544 7.22329 7
    endloop
  endfacet
  facet normal -0 0 1
    outer loop
      vertex 23.733 8.30665 7
      vertex 25.3544 7.22329 7
      vertex 23.786 8.39503 7
    endloop
  endfacet
  facet normal 0 0 1
    outer loop
      vertex 25.8456 9.18405 7
      vertex 23.9049 8.99292 7
      vertex 23.91 8.89 7
    endloop
  endfacet
  facet normal 0 0 1
    outer loop
      vertex 25.8024 9.47527 7
      vertex 23.8898 9.09484 7
      vertex 23.9049 8.99292 7
    endloop
  endfacet
  facet normal 0 0 1
    outer loop
      vertex 25.7308 9.76085 7
      vertex 23.8648 9.1948 7
      vertex 23.8898 9.09484 7
    endloop
  endfacet
  facet normal 0 0 1
    outer loop
      vertex 25.6316 10.038 7
      vertex 23.8301 9.29182 7
      vertex 23.8648 9.1948 7
    endloop
  endfacet
  facet normal 0 0 1
    outer loop
      vertex 25.5058 10.3042 7
      vertex 23.786 9.38497 7
      vertex 23.8301 9.29182 7
    endloop
  endfacet
  facet normal 0 0 1
    outer loop
      vertex 25.3544 10.5567 7
      vertex 23.733 9.47335 7
      vertex 23.786 9.38497 7
    endloop
  endfacet
  facet normal 0 0 1
    outer loop
      vertex 23.2618 9.86007 7
      vertex 24.008 11.6616 7
      vertex 23.7309 11.7608 7
    endloop
  endfacet
  facet normal 0 0 1
    outer loop
      vertex 25.179 10.7932 7
      vertex 23.6717 9.55611 7
      vertex 23.733 9.47335 7
    endloop
  endfacet
  facet normal 0 0 1
    outer loop
      vertex 24.9813 11.0113 7
      vertex 23.6025 9.63246 7
      vertex 23.6717 9.55611 7
    endloop
  endfacet
  facet normal 0 0 1
    outer loop
      vertex 24.7632 11.209 7
      vertex 23.5261 9.70166 7
      vertex 23.6025 9.63246 7
    endloop
  endfacet
  facet normal 0 0 1
    outer loop
      vertex 23.1648 9.89479 7
      vertex 23.7309 11.7608 7
      vertex 23.4453 11.8324 7
    endloop
  endfacet
  facet normal 0 0 1
    outer loop
      vertex 24.5267 11.3844 7
      vertex 23.4433 9.76304 7
      vertex 23.5261 9.70166 7
    endloop
  endfacet
  facet normal 0 0 1
    outer loop
      vertex 24.2742 11.5358 7
      vertex 23.355 9.81602 7
      vertex 23.4433 9.76304 7
    endloop
  endfacet
  facet normal 0 0 1
    outer loop
      vertex 24.008 11.6616 7
      vertex 23.2618 9.86007 7
      vertex 23.355 9.81602 7
    endloop
  endfacet
  facet normal 0 0 1
    outer loop
      vertex 23.7309 11.7608 7
      vertex 23.1648 9.89479 7
      vertex 23.2618 9.86007 7
    endloop
  endfacet
  facet normal 0 0 1
    outer loop
      vertex 23.0648 9.91982 7
      vertex 23.4453 11.8324 7
      vertex 23.1541 11.8756 7
    endloop
  endfacet
  facet normal 0 0 1
    outer loop
      vertex 23.4453 11.8324 7
      vertex 23.0648 9.91982 7
      vertex 23.1648 9.89479 7
    endloop
  endfacet
  facet normal 0 0 1
    outer loop
      vertex 23.1541 11.8756 7
      vertex 22.9629 9.93494 7
      vertex 23.0648 9.91982 7
    endloop
  endfacet
  facet normal 0 0 1
    outer loop
      vertex 22.86 11.89 7
      vertex 22.9629 9.93494 7
      vertex 23.1541 11.8756 7
    endloop
  endfacet
  facet normal 0 0 1
    outer loop
      vertex 22.86 11.89 7
      vertex 22.86 9.94 7
      vertex 22.9629 9.93494 7
    endloop
  endfacet
  facet normal 0 0 1
    outer loop
      vertex 22.86 11.89 7
      vertex 22.7571 9.93494 7
      vertex 22.86 9.94 7
    endloop
  endfacet
  facet normal -0 0 1
    outer loop
      vertex 22.5659 11.8756 7
      vertex 22.7571 9.93494 7
      vertex 22.86 11.89 7
    endloop
  endfacet
  facet normal 0 0 1
    outer loop
      vertex 22.7571 9.93494 7
      vertex 22.5659 11.8756 7
      vertex 22.6552 9.91982 7
    endloop
  endfacet
  facet normal -0 0 1
    outer loop
      vertex 22.2747 11.8324 7
      vertex 22.6552 9.91982 7
      vertex 22.5659 11.8756 7
    endloop
  endfacet
  facet normal 0 0 1
    outer loop
      vertex 22.6552 9.91982 7
      vertex 22.2747 11.8324 7
      vertex 22.5552 9.89479 7
    endloop
  endfacet
  facet normal -0 0 1
    outer loop
      vertex 21.9891 11.7608 7
      vertex 22.5552 9.89479 7
      vertex 22.2747 11.8324 7
    endloop
  endfacet
  facet normal 0 0 1
    outer loop
      vertex 22.5552 9.89479 7
      vertex 21.9891 11.7608 7
      vertex 22.4582 9.86007 7
    endloop
  endfacet
  facet normal -0 0 1
    outer loop
      vertex 21.7119 11.6616 7
      vertex 22.4582 9.86007 7
      vertex 21.9891 11.7608 7
    endloop
  endfacet
  facet normal 0 0 1
    outer loop
      vertex 22.4582 9.86007 7
      vertex 21.7119 11.6616 7
      vertex 22.365 9.81602 7
    endloop
  endfacet
  facet normal -0 0 1
    outer loop
      vertex 21.4458 11.5358 7
      vertex 22.365 9.81602 7
      vertex 21.7119 11.6616 7
    endloop
  endfacet
  facet normal 0 0 1
    outer loop
      vertex 22.365 9.81602 7
      vertex 21.4458 11.5358 7
      vertex 22.2766 9.76304 7
    endloop
  endfacet
  facet normal -0 0 1
    outer loop
      vertex 21.1933 11.3844 7
      vertex 22.2766 9.76304 7
      vertex 21.4458 11.5358 7
    endloop
  endfacet
  facet normal 0 0 1
    outer loop
      vertex 22.2766 9.76304 7
      vertex 21.1933 11.3844 7
      vertex 22.1939 9.70166 7
    endloop
  endfacet
  facet normal -0 0 1
    outer loop
      vertex 20.9568 11.209 7
      vertex 22.1939 9.70166 7
      vertex 21.1933 11.3844 7
    endloop
  endfacet
  facet normal 0 0 1
    outer loop
      vertex 22.1939 9.70166 7
      vertex 20.9568 11.209 7
      vertex 22.1175 9.63246 7
    endloop
  endfacet
  facet normal -0 0 1
    outer loop
      vertex 20.7387 11.0113 7
      vertex 22.1175 9.63246 7
      vertex 20.9568 11.209 7
    endloop
  endfacet
  facet normal 0 0 1
    outer loop
      vertex 22.1175 9.63246 7
      vertex 20.7387 11.0113 7
      vertex 22.0483 9.55611 7
    endloop
  endfacet
  facet normal -0 0 1
    outer loop
      vertex 20.541 10.7932 7
      vertex 22.0483 9.55611 7
      vertex 20.7387 11.0113 7
    endloop
  endfacet
  facet normal -0 0 1
    outer loop
      vertex 20.3656 10.5567 7
      vertex 21.987 9.47335 7
      vertex 20.541 10.7932 7
    endloop
  endfacet
  facet normal 0 0 1
    outer loop
      vertex 22.0483 9.55611 7
      vertex 20.541 10.7932 7
      vertex 21.987 9.47335 7
    endloop
  endfacet
  facet normal 0 0 1
    outer loop
      vertex 25.3544 7.22329 7
      vertex 23.733 8.30665 7
      vertex 25.179 6.98682 7
    endloop
  endfacet
  facet normal -0 0 1
    outer loop
      vertex 23.6717 8.22389 7
      vertex 25.179 6.98682 7
      vertex 23.733 8.30665 7
    endloop
  endfacet
  facet normal 0 0 1
    outer loop
      vertex 25.179 6.98682 7
      vertex 23.6717 8.22389 7
      vertex 24.9813 6.76868 7
    endloop
  endfacet
  facet normal -0 0 1
    outer loop
      vertex 23.6025 8.14754 7
      vertex 24.9813 6.76868 7
      vertex 23.6717 8.22389 7
    endloop
  endfacet
  facet normal 0 0 1
    outer loop
      vertex 24.9813 6.76868 7
      vertex 23.6025 8.14754 7
      vertex 24.7632 6.57097 7
    endloop
  endfacet
  facet normal -0 0 1
    outer loop
      vertex 23.5261 8.07834 7
      vertex 24.7632 6.57097 7
      vertex 23.6025 8.14754 7
    endloop
  endfacet
  facet normal 0 0 1
    outer loop
      vertex 24.7632 6.57097 7
      vertex 23.5261 8.07834 7
      vertex 24.5267 6.39559 7
    endloop
  endfacet
  facet normal -0 0 1
    outer loop
      vertex 23.4433 8.01696 7
      vertex 24.5267 6.39559 7
      vertex 23.5261 8.07834 7
    endloop
  endfacet
  facet normal 0 0 1
    outer loop
      vertex 24.5267 6.39559 7
      vertex 23.4433 8.01696 7
      vertex 24.2742 6.24424 7
    endloop
  endfacet
  facet normal -0 0 1
    outer loop
      vertex 23.355 7.96398 7
      vertex 24.2742 6.24424 7
      vertex 23.4433 8.01696 7
    endloop
  endfacet
  facet normal 0 0 1
    outer loop
      vertex 24.2742 6.24424 7
      vertex 23.355 7.96398 7
      vertex 24.008 6.11836 7
    endloop
  endfacet
  facet normal -0 0 1
    outer loop
      vertex 23.2618 7.91993 7
      vertex 24.008 6.11836 7
      vertex 23.355 7.96398 7
    endloop
  endfacet
  facet normal 0 0 1
    outer loop
      vertex 24.008 6.11836 7
      vertex 23.2618 7.91993 7
      vertex 23.7309 6.01918 7
    endloop
  endfacet
  facet normal -0 0 1
    outer loop
      vertex 23.1648 7.88521 7
      vertex 23.7309 6.01918 7
      vertex 23.2618 7.91993 7
    endloop
  endfacet
  facet normal 0 0 1
    outer loop
      vertex 23.7309 6.01918 7
      vertex 23.1648 7.88521 7
      vertex 23.4453 5.94764 7
    endloop
  endfacet
  facet normal -0 0 1
    outer loop
      vertex 23.0648 7.86018 7
      vertex 23.4453 5.94764 7
      vertex 23.1648 7.88521 7
    endloop
  endfacet
  facet normal 0 0 1
    outer loop
      vertex 23.4453 5.94764 7
      vertex 23.0648 7.86018 7
      vertex 23.1541 5.90445 7
    endloop
  endfacet
  facet normal -0 0 1
    outer loop
      vertex 22.9629 7.84506 7
      vertex 23.1541 5.90445 7
      vertex 23.0648 7.86018 7
    endloop
  endfacet
  facet normal -0 0 1
    outer loop
      vertex 22.86 7.84 7
      vertex 23.1541 5.90445 7
      vertex 22.9629 7.84506 7
    endloop
  endfacet
  facet normal 0 0 1
    outer loop
      vertex 22.86 7.84 7
      vertex 22.86 5.89 7
      vertex 23.1541 5.90445 7
    endloop
  endfacet
  facet normal 0 0 1
    outer loop
      vertex 22.7571 7.84506 7
      vertex 22.86 5.89 7
      vertex 22.86 7.84 7
    endloop
  endfacet
  facet normal 0 0 1
    outer loop
      vertex 22.5659 5.90445 7
      vertex 22.7571 7.84506 7
      vertex 22.6552 7.86018 7
    endloop
  endfacet
  facet normal 0 0 1
    outer loop
      vertex 22.7571 7.84506 7
      vertex 22.5659 5.90445 7
      vertex 22.86 5.89 7
    endloop
  endfacet
  facet normal 0 0 1
    outer loop
      vertex 22.2747 5.94764 7
      vertex 22.6552 7.86018 7
      vertex 22.5552 7.88521 7
    endloop
  endfacet
  facet normal 0 0 1
    outer loop
      vertex 21.9891 6.01918 7
      vertex 22.5552 7.88521 7
      vertex 22.4582 7.91993 7
    endloop
  endfacet
  facet normal 0 0 1
    outer loop
      vertex 21.7119 6.11836 7
      vertex 22.4582 7.91993 7
      vertex 22.365 7.96398 7
    endloop
  endfacet
  facet normal 0 0 1
    outer loop
      vertex 21.4458 6.24424 7
      vertex 22.365 7.96398 7
      vertex 22.2766 8.01696 7
    endloop
  endfacet
  facet normal 0 0 1
    outer loop
      vertex 22.6552 7.86018 7
      vertex 22.2747 5.94764 7
      vertex 22.5659 5.90445 7
    endloop
  endfacet
  facet normal 0 0 1
    outer loop
      vertex 21.1933 6.39559 7
      vertex 22.2766 8.01696 7
      vertex 22.1939 8.07834 7
    endloop
  endfacet
  facet normal 0 0 1
    outer loop
      vertex 20.9568 6.57097 7
      vertex 22.1939 8.07834 7
      vertex 22.1175 8.14754 7
    endloop
  endfacet
  facet normal 0 0 1
    outer loop
      vertex 20.7387 6.76868 7
      vertex 22.1175 8.14754 7
      vertex 22.0483 8.22389 7
    endloop
  endfacet
  facet normal 0 0 1
    outer loop
      vertex 22.5552 7.88521 7
      vertex 21.9891 6.01918 7
      vertex 22.2747 5.94764 7
    endloop
  endfacet
  facet normal 0 0 1
    outer loop
      vertex 20.541 6.98682 7
      vertex 22.0483 8.22389 7
      vertex 21.987 8.30665 7
    endloop
  endfacet
  facet normal 0 0 1
    outer loop
      vertex 20.3656 7.22329 7
      vertex 21.987 8.30665 7
      vertex 21.934 8.39503 7
    endloop
  endfacet
  facet normal 0 0 1
    outer loop
      vertex 20.2142 7.47581 7
      vertex 21.934 8.39503 7
      vertex 21.8899 8.48818 7
    endloop
  endfacet
  facet normal 0 0 1
    outer loop
      vertex 20.0884 7.74195 7
      vertex 21.8899 8.48818 7
      vertex 21.8552 8.5852 7
    endloop
  endfacet
  facet normal 0 0 1
    outer loop
      vertex 19.9892 8.01915 7
      vertex 21.8552 8.5852 7
      vertex 21.8302 8.68515 7
    endloop
  endfacet
  facet normal 0 0 1
    outer loop
      vertex 19.9176 8.30473 7
      vertex 21.8302 8.68515 7
      vertex 21.8151 8.78708 7
    endloop
  endfacet
  facet normal 0 0 1
    outer loop
      vertex 22.4582 7.91993 7
      vertex 21.7119 6.11836 7
      vertex 21.9891 6.01918 7
    endloop
  endfacet
  facet normal 0 0 1
    outer loop
      vertex 19.8744 8.59595 7
      vertex 21.8151 8.78708 7
      vertex 21.81 8.89 7
    endloop
  endfacet
  facet normal 0 0 1
    outer loop
      vertex 21.987 9.47335 7
      vertex 20.3656 10.5567 7
      vertex 21.934 9.38497 7
    endloop
  endfacet
  facet normal -0 0 1
    outer loop
      vertex 20.2142 10.3042 7
      vertex 21.934 9.38497 7
      vertex 20.3656 10.5567 7
    endloop
  endfacet
  facet normal 0 0 1
    outer loop
      vertex 22.365 7.96398 7
      vertex 21.4458 6.24424 7
      vertex 21.7119 6.11836 7
    endloop
  endfacet
  facet normal 0 0 1
    outer loop
      vertex 21.934 9.38497 7
      vertex 20.2142 10.3042 7
      vertex 21.8899 9.29182 7
    endloop
  endfacet
  facet normal 0 0 1
    outer loop
      vertex 22.2766 8.01696 7
      vertex 21.1933 6.39559 7
      vertex 21.4458 6.24424 7
    endloop
  endfacet
  facet normal -0 0 1
    outer loop
      vertex 20.0884 10.038 7
      vertex 21.8899 9.29182 7
      vertex 20.2142 10.3042 7
    endloop
  endfacet
  facet normal 0 0 1
    outer loop
      vertex 22.1939 8.07834 7
      vertex 20.9568 6.57097 7
      vertex 21.1933 6.39559 7
    endloop
  endfacet
  facet normal 0 0 1
    outer loop
      vertex 21.8899 9.29182 7
      vertex 20.0884 10.038 7
      vertex 21.8552 9.1948 7
    endloop
  endfacet
  facet normal 0 0 1
    outer loop
      vertex 22.1175 8.14754 7
      vertex 20.7387 6.76868 7
      vertex 20.9568 6.57097 7
    endloop
  endfacet
  facet normal -0 0 1
    outer loop
      vertex 19.9892 9.76085 7
      vertex 21.8552 9.1948 7
      vertex 20.0884 10.038 7
    endloop
  endfacet
  facet normal 0 0 1
    outer loop
      vertex 22.0483 8.22389 7
      vertex 20.541 6.98682 7
      vertex 20.7387 6.76868 7
    endloop
  endfacet
  facet normal 0 0 1
    outer loop
      vertex 21.8552 9.1948 7
      vertex 19.9892 9.76085 7
      vertex 21.8302 9.09484 7
    endloop
  endfacet
  facet normal 0 0 1
    outer loop
      vertex 21.987 8.30665 7
      vertex 20.3656 7.22329 7
      vertex 20.541 6.98682 7
    endloop
  endfacet
  facet normal -0 0 1
    outer loop
      vertex 19.9176 9.47527 7
      vertex 21.8302 9.09484 7
      vertex 19.9892 9.76085 7
    endloop
  endfacet
  facet normal 0 0 1
    outer loop
      vertex 21.934 8.39503 7
      vertex 20.2142 7.47581 7
      vertex 20.3656 7.22329 7
    endloop
  endfacet
  facet normal 0 0 1
    outer loop
      vertex 21.8302 9.09484 7
      vertex 19.9176 9.47527 7
      vertex 21.8151 8.99292 7
    endloop
  endfacet
  facet normal 0 0 1
    outer loop
      vertex 21.8899 8.48818 7
      vertex 20.0884 7.74195 7
      vertex 20.2142 7.47581 7
    endloop
  endfacet
  facet normal -0 0 1
    outer loop
      vertex 19.8744 9.18405 7
      vertex 21.8151 8.99292 7
      vertex 19.9176 9.47527 7
    endloop
  endfacet
  facet normal 0 0 1
    outer loop
      vertex 21.8552 8.5852 7
      vertex 19.9892 8.01915 7
      vertex 20.0884 7.74195 7
    endloop
  endfacet
  facet normal 0 0 1
    outer loop
      vertex 21.8151 8.99292 7
      vertex 19.8744 9.18405 7
      vertex 21.81 8.89 7
    endloop
  endfacet
  facet normal 0 0 1
    outer loop
      vertex 21.8302 8.68515 7
      vertex 19.9176 8.30473 7
      vertex 19.9892 8.01915 7
    endloop
  endfacet
  facet normal 0 0 1
    outer loop
      vertex 19.86 8.89 7
      vertex 21.81 8.89 7
      vertex 19.8744 9.18405 7
    endloop
  endfacet
  facet normal 0 0 1
    outer loop
      vertex 21.8151 8.78708 7
      vertex 19.8744 8.59595 7
      vertex 19.9176 8.30473 7
    endloop
  endfacet
  facet normal 0 0 1
    outer loop
      vertex 21.81 8.89 7
      vertex 19.86 8.89 7
      vertex 19.8744 8.59595 7
    endloop
  endfacet
  facet normal 0.146712 -0.989179 0
    outer loop
      vertex 23.1541 5.90445 3
      vertex 23.4453 5.94764 7
      vertex 23.1541 5.90445 7
    endloop
  endfacet
  facet normal 0.146712 -0.989179 0
    outer loop
      vertex 23.4453 5.94764 7
      vertex 23.1541 5.90445 3
      vertex 23.4453 5.94764 3
    endloop
  endfacet
  facet normal -0.427622 -0.903958 0
    outer loop
      vertex 21.4458 6.24424 3
      vertex 21.7119 6.11836 7
      vertex 21.4458 6.24424 7
    endloop
  endfacet
  facet normal -0.427622 -0.903958 -0
    outer loop
      vertex 21.7119 6.11836 7
      vertex 21.4458 6.24424 3
      vertex 21.7119 6.11836 3
    endloop
  endfacet
  facet normal 0.671625 -0.740891 0
    outer loop
      vertex 24.7632 6.57097 3
      vertex 24.9813 6.76868 7
      vertex 24.7632 6.57097 7
    endloop
  endfacet
  facet normal 0.671625 -0.740891 0
    outer loop
      vertex 24.9813 6.76868 7
      vertex 24.7632 6.57097 3
      vertex 24.9813 6.76868 3
    endloop
  endfacet
  facet normal -0.595655 -0.803241 0
    outer loop
      vertex 20.9568 6.57097 3
      vertex 21.1933 6.39559 7
      vertex 20.9568 6.57097 7
    endloop
  endfacet
  facet normal -0.595655 -0.803241 -0
    outer loop
      vertex 21.1933 6.39559 7
      vertex 20.9568 6.57097 3
      vertex 21.1933 6.39559 3
    endloop
  endfacet
  facet normal -0.904088 -0.427347 0
    outer loop
      vertex 20.2142 7.47581 3
      vertex 20.0884 7.74195 7
      vertex 20.0884 7.74195 3
    endloop
  endfacet
  facet normal -0.904088 -0.427347 0
    outer loop
      vertex 20.0884 7.74195 7
      vertex 20.2142 7.47581 3
      vertex 20.2142 7.47581 7
    endloop
  endfacet
  facet normal 0.242983 -0.970031 0
    outer loop
      vertex 23.4453 5.94764 3
      vertex 23.7309 6.01918 7
      vertex 23.4453 5.94764 7
    endloop
  endfacet
  facet normal 0.242983 -0.970031 0
    outer loop
      vertex 23.7309 6.01918 7
      vertex 23.4453 5.94764 3
      vertex 23.7309 6.01918 3
    endloop
  endfacet
  facet normal -0.857643 0.514246 0
    outer loop
      vertex 20.2142 10.3042 3
      vertex 20.3656 10.5567 7
      vertex 20.3656 10.5567 3
    endloop
  endfacet
  facet normal -0.857643 0.514246 0
    outer loop
      vertex 20.3656 10.5567 7
      vertex 20.2142 10.3042 3
      vertex 20.2142 10.3042 7
    endloop
  endfacet
  facet normal -0.4274 0.904063 0
    outer loop
      vertex 21.7119 11.6616 3
      vertex 21.4458 11.5358 7
      vertex 21.7119 11.6616 7
    endloop
  endfacet
  facet normal -0.4274 0.904063 0
    outer loop
      vertex 21.4458 11.5358 7
      vertex 21.7119 11.6616 3
      vertex 21.4458 11.5358 3
    endloop
  endfacet
  facet normal -0.969978 -0.243191 0
    outer loop
      vertex 19.9892 8.01915 3
      vertex 19.9176 8.30473 7
      vertex 19.9176 8.30473 3
    endloop
  endfacet
  facet normal -0.969978 -0.243191 0
    outer loop
      vertex 19.9176 8.30473 7
      vertex 19.9892 8.01915 3
      vertex 19.9892 8.01915 7
    endloop
  endfacet
  facet normal -0.969978 0.243191 0
    outer loop
      vertex 19.9176 9.47527 3
      vertex 19.9892 9.76085 7
      vertex 19.9892 9.76085 3
    endloop
  endfacet
  facet normal -0.969978 0.243191 0
    outer loop
      vertex 19.9892 9.76085 7
      vertex 19.9176 9.47527 3
      vertex 19.9176 9.47527 7
    endloop
  endfacet
  facet normal 0.740969 -0.671539 0
    outer loop
      vertex 24.9813 6.76868 7
      vertex 25.179 6.98682 3
      vertex 25.179 6.98682 7
    endloop
  endfacet
  facet normal 0.740969 -0.671539 0
    outer loop
      vertex 25.179 6.98682 3
      vertex 24.9813 6.76868 7
      vertex 24.9813 6.76868 3
    endloop
  endfacet
  facet normal 0.514121 -0.857718 0
    outer loop
      vertex 24.2742 6.24424 3
      vertex 24.5267 6.39559 7
      vertex 24.2742 6.24424 7
    endloop
  endfacet
  facet normal 0.514121 -0.857718 0
    outer loop
      vertex 24.5267 6.39559 7
      vertex 24.2742 6.24424 3
      vertex 24.5267 6.39559 3
    endloop
  endfacet
  facet normal 0.803172 -0.595747 0
    outer loop
      vertex 25.179 6.98682 7
      vertex 25.3544 7.22329 3
      vertex 25.3544 7.22329 7
    endloop
  endfacet
  facet normal 0.803172 -0.595747 0
    outer loop
      vertex 25.3544 7.22329 3
      vertex 25.179 6.98682 7
      vertex 25.179 6.98682 3
    endloop
  endfacet
  facet normal 0.427491 -0.90402 0
    outer loop
      vertex 24.008 6.11836 3
      vertex 24.2742 6.24424 7
      vertex 24.008 6.11836 7
    endloop
  endfacet
  facet normal 0.427491 -0.90402 0
    outer loop
      vertex 24.2742 6.24424 7
      vertex 24.008 6.11836 3
      vertex 24.2742 6.24424 3
    endloop
  endfacet
  facet normal 0.941507 0.336993 0
    outer loop
      vertex 25.7308 9.76085 7
      vertex 25.6316 10.038 3
      vertex 25.6316 10.038 7
    endloop
  endfacet
  facet normal 0.941507 0.336993 0
    outer loop
      vertex 25.6316 10.038 3
      vertex 25.7308 9.76085 7
      vertex 25.7308 9.76085 3
    endloop
  endfacet
  facet normal -0.671607 0.740908 0
    outer loop
      vertex 20.9568 11.209 3
      vertex 20.7387 11.0113 7
      vertex 20.9568 11.209 7
    endloop
  endfacet
  facet normal -0.671607 0.740908 0
    outer loop
      vertex 20.7387 11.0113 7
      vertex 20.9568 11.209 3
      vertex 20.7387 11.0113 3
    endloop
  endfacet
  facet normal -0.857661 -0.514216 0
    outer loop
      vertex 20.3656 7.22329 3
      vertex 20.2142 7.47581 7
      vertex 20.2142 7.47581 3
    endloop
  endfacet
  facet normal -0.857661 -0.514216 0
    outer loop
      vertex 20.2142 7.47581 7
      vertex 20.3656 7.22329 3
      vertex 20.3656 7.22329 7
    endloop
  endfacet
  facet normal 0.904125 0.427269 0
    outer loop
      vertex 25.6316 10.038 7
      vertex 25.5058 10.3042 3
      vertex 25.5058 10.3042 7
    endloop
  endfacet
  facet normal 0.904125 0.427269 0
    outer loop
      vertex 25.5058 10.3042 3
      vertex 25.6316 10.038 7
      vertex 25.6316 10.038 3
    endloop
  endfacet
  facet normal 0.969978 -0.243191 0
    outer loop
      vertex 25.7308 8.01915 7
      vertex 25.8024 8.30473 3
      vertex 25.8024 8.30473 7
    endloop
  endfacet
  facet normal 0.969978 -0.243191 0
    outer loop
      vertex 25.8024 8.30473 3
      vertex 25.7308 8.01915 7
      vertex 25.7308 8.01915 3
    endloop
  endfacet
  facet normal -0.671625 -0.740891 0
    outer loop
      vertex 20.7387 6.76868 3
      vertex 20.9568 6.57097 7
      vertex 20.7387 6.76868 7
    endloop
  endfacet
  facet normal -0.671625 -0.740891 -0
    outer loop
      vertex 20.9568 6.57097 7
      vertex 20.7387 6.76868 3
      vertex 20.9568 6.57097 3
    endloop
  endfacet
  facet normal 0.857643 0.514246 0
    outer loop
      vertex 25.5058 10.3042 7
      vertex 25.3544 10.5567 3
      vertex 25.3544 10.5567 7
    endloop
  endfacet
  facet normal 0.857643 0.514246 0
    outer loop
      vertex 25.3544 10.5567 3
      vertex 25.5058 10.3042 7
      vertex 25.5058 10.3042 3
    endloop
  endfacet
  facet normal -0.146712 -0.989179 0
    outer loop
      vertex 22.2747 5.94764 3
      vertex 22.5659 5.90445 7
      vertex 22.2747 5.94764 7
    endloop
  endfacet
  facet normal -0.146712 -0.989179 -0
    outer loop
      vertex 22.5659 5.90445 7
      vertex 22.2747 5.94764 3
      vertex 22.5659 5.90445 3
    endloop
  endfacet
  facet normal -0.803208 0.595699 0
    outer loop
      vertex 20.3656 10.5567 3
      vertex 20.541 10.7932 7
      vertex 20.541 10.7932 3
    endloop
  endfacet
  facet normal -0.803208 0.595699 0
    outer loop
      vertex 20.541 10.7932 7
      vertex 20.3656 10.5567 3
      vertex 20.3656 10.5567 7
    endloop
  endfacet
  facet normal -0.998803 0.0489126 0
    outer loop
      vertex 19.86 8.89 3
      vertex 19.8744 9.18405 7
      vertex 19.8744 9.18405 3
    endloop
  endfacet
  facet normal -0.998803 0.0489126 0
    outer loop
      vertex 19.8744 9.18405 7
      vertex 19.86 8.89 3
      vertex 19.86 8.89 7
    endloop
  endfacet
  facet normal -0.998803 -0.0489126 0
    outer loop
      vertex 19.8744 8.59595 3
      vertex 19.86 8.89 7
      vertex 19.86 8.89 3
    endloop
  endfacet
  facet normal -0.998803 -0.0489126 0
    outer loop
      vertex 19.86 8.89 7
      vertex 19.8744 8.59595 3
      vertex 19.8744 8.59595 7
    endloop
  endfacet
  facet normal -0.242983 -0.970031 0
    outer loop
      vertex 21.9891 6.01918 3
      vertex 22.2747 5.94764 7
      vertex 21.9891 6.01918 7
    endloop
  endfacet
  facet normal -0.242983 -0.970031 -0
    outer loop
      vertex 22.2747 5.94764 7
      vertex 21.9891 6.01918 3
      vertex 22.2747 5.94764 3
    endloop
  endfacet
  facet normal -0.740908 0.671607 0
    outer loop
      vertex 20.541 10.7932 3
      vertex 20.7387 11.0113 7
      vertex 20.7387 11.0113 3
    endloop
  endfacet
  facet normal -0.740908 0.671607 0
    outer loop
      vertex 20.7387 11.0113 7
      vertex 20.541 10.7932 3
      vertex 20.541 10.7932 7
    endloop
  endfacet
  facet normal -0.941527 -0.336939 0
    outer loop
      vertex 20.0884 7.74195 3
      vertex 19.9892 8.01915 7
      vertex 19.9892 8.01915 3
    endloop
  endfacet
  facet normal -0.941527 -0.336939 0
    outer loop
      vertex 19.9892 8.01915 7
      vertex 20.0884 7.74195 3
      vertex 20.0884 7.74195 7
    endloop
  endfacet
  facet normal 0.0490738 -0.998795 0
    outer loop
      vertex 22.86 5.89 3
      vertex 23.1541 5.90445 7
      vertex 22.86 5.89 7
    endloop
  endfacet
  facet normal 0.0490738 -0.998795 0
    outer loop
      vertex 23.1541 5.90445 7
      vertex 22.86 5.89 3
      vertex 23.1541 5.90445 3
    endloop
  endfacet
  facet normal 0.671607 0.740908 -0
    outer loop
      vertex 24.9813 11.0113 3
      vertex 24.7632 11.209 7
      vertex 24.9813 11.0113 7
    endloop
  endfacet
  facet normal 0.671607 0.740908 0
    outer loop
      vertex 24.7632 11.209 7
      vertex 24.9813 11.0113 3
      vertex 24.7632 11.209 3
    endloop
  endfacet
  facet normal 0.336986 -0.94151 0
    outer loop
      vertex 23.7309 6.01918 3
      vertex 24.008 6.11836 7
      vertex 23.7309 6.01918 7
    endloop
  endfacet
  facet normal 0.336986 -0.94151 0
    outer loop
      vertex 24.008 6.11836 7
      vertex 23.7309 6.01918 3
      vertex 24.008 6.11836 3
    endloop
  endfacet
  facet normal 0.146746 0.989174 -0
    outer loop
      vertex 23.4453 11.8324 3
      vertex 23.1541 11.8756 7
      vertex 23.4453 11.8324 7
    endloop
  endfacet
  facet normal 0.146746 0.989174 0
    outer loop
      vertex 23.1541 11.8756 7
      vertex 23.4453 11.8324 3
      vertex 23.1541 11.8756 3
    endloop
  endfacet
  facet normal -0.514121 -0.857718 0
    outer loop
      vertex 21.1933 6.39559 3
      vertex 21.4458 6.24424 7
      vertex 21.1933 6.39559 7
    endloop
  endfacet
  facet normal -0.514121 -0.857718 -0
    outer loop
      vertex 21.4458 6.24424 7
      vertex 21.1933 6.39559 3
      vertex 21.4458 6.24424 3
    endloop
  endfacet
  facet normal -0.595699 0.803208 0
    outer loop
      vertex 21.1933 11.3844 3
      vertex 20.9568 11.209 7
      vertex 21.1933 11.3844 7
    endloop
  endfacet
  facet normal -0.595699 0.803208 0
    outer loop
      vertex 20.9568 11.209 7
      vertex 21.1933 11.3844 3
      vertex 20.9568 11.209 3
    endloop
  endfacet
  facet normal -0.803172 -0.595747 0
    outer loop
      vertex 20.541 6.98682 3
      vertex 20.3656 7.22329 7
      vertex 20.3656 7.22329 3
    endloop
  endfacet
  facet normal -0.803172 -0.595747 0
    outer loop
      vertex 20.3656 7.22329 7
      vertex 20.541 6.98682 3
      vertex 20.541 6.98682 7
    endloop
  endfacet
  facet normal -0.336879 -0.941548 0
    outer loop
      vertex 21.7119 6.11836 3
      vertex 21.9891 6.01918 7
      vertex 21.7119 6.11836 7
    endloop
  endfacet
  facet normal -0.336879 -0.941548 -0
    outer loop
      vertex 21.9891 6.01918 7
      vertex 21.7119 6.11836 3
      vertex 21.9891 6.01918 3
    endloop
  endfacet
  facet normal -0.941507 0.336993 0
    outer loop
      vertex 19.9892 9.76085 3
      vertex 20.0884 10.038 7
      vertex 20.0884 10.038 3
    endloop
  endfacet
  facet normal -0.941507 0.336993 0
    outer loop
      vertex 20.0884 10.038 7
      vertex 19.9892 9.76085 3
      vertex 19.9892 9.76085 7
    endloop
  endfacet
  facet normal -0.904125 0.427269 0
    outer loop
      vertex 20.0884 10.038 3
      vertex 20.2142 10.3042 7
      vertex 20.2142 10.3042 3
    endloop
  endfacet
  facet normal -0.904125 0.427269 0
    outer loop
      vertex 20.2142 10.3042 7
      vertex 20.0884 10.038 3
      vertex 20.0884 10.038 7
    endloop
  endfacet
  facet normal 1 0 0
    outer loop
      vertex 24.86 17.7 -1.6
      vertex 24.86 20.2 0
      vertex 24.86 17.7 0
    endloop
  endfacet
  facet normal 1 0 0
    outer loop
      vertex 24.86 20.2 0
      vertex 24.86 17.7 -1.6
      vertex 24.86 20.2 -3.4
    endloop
  endfacet
  facet normal 1 0 0
    outer loop
      vertex 24.86 15.5 -3.4
      vertex 24.86 17.7 -1.6
      vertex 24.86 15.5 -1.6
    endloop
  endfacet
  facet normal 1 0 0
    outer loop
      vertex 24.86 17.7 -1.6
      vertex 24.86 15.5 -3.4
      vertex 24.86 20.2 -3.4
    endloop
  endfacet
  facet normal 0 0 -1
    outer loop
      vertex 21.8552 -8.5852 0
      vertex -21.8552 -8.5852 0
      vertex 21.8899 -8.48818 0
    endloop
  endfacet
  facet normal 0 0 -1
    outer loop
      vertex 21.8899 8.48818 0
      vertex -21.8151 8.78708 0
      vertex -21.81 8.89 0
    endloop
  endfacet
  facet normal 0 0 -1
    outer loop
      vertex -21.8899 -8.48818 0
      vertex 21.8899 -8.48818 0
      vertex -21.8552 -8.5852 0
    endloop
  endfacet
  facet normal 0 0 -1
    outer loop
      vertex 21.8899 8.48818 0
      vertex -21.8302 8.68515 0
      vertex -21.8151 8.78708 0
    endloop
  endfacet
  facet normal 0 0 -1
    outer loop
      vertex 21.8899 -8.48818 0
      vertex -21.8899 -8.48818 0
      vertex 21.8899 8.48818 0
    endloop
  endfacet
  facet normal 0 0 -1
    outer loop
      vertex 21.8899 8.48818 0
      vertex -21.8552 8.5852 0
      vertex -21.8302 8.68515 0
    endloop
  endfacet
  facet normal 0 0 -1
    outer loop
      vertex -21.8899 8.48818 0
      vertex 21.8899 8.48818 0
      vertex -21.8899 -8.48818 0
    endloop
  endfacet
  facet normal 0 0 -1
    outer loop
      vertex 21.8899 8.48818 0
      vertex -21.8899 8.48818 0
      vertex -21.8552 8.5852 0
    endloop
  endfacet
  facet normal 0 0 -1
    outer loop
      vertex -21.934 -8.39503 0
      vertex -21.8899 8.48818 0
      vertex -21.8899 -8.48818 0
    endloop
  endfacet
  facet normal 0 0 -1
    outer loop
      vertex -21.934 -8.39503 0
      vertex -21.934 8.39503 0
      vertex -21.8899 8.48818 0
    endloop
  endfacet
  facet normal 0 0 -1
    outer loop
      vertex -21.987 -8.30665 0
      vertex -21.934 8.39503 0
      vertex -21.934 -8.39503 0
    endloop
  endfacet
  facet normal 0 0 -1
    outer loop
      vertex -21.987 -8.30665 0
      vertex -21.987 8.30665 0
      vertex -21.934 8.39503 0
    endloop
  endfacet
  facet normal 0 0 -1
    outer loop
      vertex -22.0483 -8.22389 0
      vertex -21.987 8.30665 0
      vertex -21.987 -8.30665 0
    endloop
  endfacet
  facet normal 0 0 -1
    outer loop
      vertex -22.0483 -8.22389 0
      vertex -22.0483 8.22389 0
      vertex -21.987 8.30665 0
    endloop
  endfacet
  facet normal 0 0 -1
    outer loop
      vertex -22.1175 -8.14754 0
      vertex -22.0483 8.22389 0
      vertex -22.0483 -8.22389 0
    endloop
  endfacet
  facet normal 0 0 -1
    outer loop
      vertex -22.1175 -8.14754 0
      vertex -22.1175 8.14754 0
      vertex -22.0483 8.22389 0
    endloop
  endfacet
  facet normal 0 0 -1
    outer loop
      vertex -22.1939 -8.07834 0
      vertex -22.1175 8.14754 0
      vertex -22.1175 -8.14754 0
    endloop
  endfacet
  facet normal 0 0 -1
    outer loop
      vertex -22.1939 -8.07834 0
      vertex -22.1939 8.07834 0
      vertex -22.1175 8.14754 0
    endloop
  endfacet
  facet normal 0 0 -1
    outer loop
      vertex -22.2766 -8.01696 0
      vertex -22.1939 8.07834 0
      vertex -22.1939 -8.07834 0
    endloop
  endfacet
  facet normal 0 0 -1
    outer loop
      vertex -22.2766 -8.01696 0
      vertex -22.2766 8.01696 0
      vertex -22.1939 8.07834 0
    endloop
  endfacet
  facet normal 0 0 -1
    outer loop
      vertex -22.365 -7.96398 0
      vertex -22.2766 8.01696 0
      vertex -22.2766 -8.01696 0
    endloop
  endfacet
  facet normal 0 0 -1
    outer loop
      vertex -22.365 -7.96398 0
      vertex -22.365 7.96398 0
      vertex -22.2766 8.01696 0
    endloop
  endfacet
  facet normal 0 0 -1
    outer loop
      vertex -22.4582 -7.91993 0
      vertex -22.365 7.96398 0
      vertex -22.365 -7.96398 0
    endloop
  endfacet
  facet normal 0 0 -1
    outer loop
      vertex -22.4582 -7.91993 0
      vertex -22.4582 7.91993 0
      vertex -22.365 7.96398 0
    endloop
  endfacet
  facet normal 0 0 -1
    outer loop
      vertex -22.5552 -7.88521 0
      vertex -22.4582 7.91993 0
      vertex -22.4582 -7.91993 0
    endloop
  endfacet
  facet normal 0 0 -1
    outer loop
      vertex -22.5552 -7.88521 0
      vertex -22.5552 7.88521 0
      vertex -22.4582 7.91993 0
    endloop
  endfacet
  facet normal 0 0 -1
    outer loop
      vertex -22.6552 -7.86018 0
      vertex -22.5552 7.88521 0
      vertex -22.5552 -7.88521 0
    endloop
  endfacet
  facet normal 0 0 -1
    outer loop
      vertex -22.6552 -7.86018 0
      vertex -22.6552 7.86018 0
      vertex -22.5552 7.88521 0
    endloop
  endfacet
  facet normal 0 0 -1
    outer loop
      vertex -22.7571 -7.84506 0
      vertex -22.6552 7.86018 0
      vertex -22.6552 -7.86018 0
    endloop
  endfacet
  facet normal 0 0 -1
    outer loop
      vertex -22.7571 -7.84506 0
      vertex -22.7571 7.84506 0
      vertex -22.6552 7.86018 0
    endloop
  endfacet
  facet normal 0 0 -1
    outer loop
      vertex -22.86 -7.84 0
      vertex -22.7571 7.84506 0
      vertex -22.7571 -7.84506 0
    endloop
  endfacet
  facet normal 0 0 -1
    outer loop
      vertex -22.86 -7.84 0
      vertex -22.86 7.84 0
      vertex -22.7571 7.84506 0
    endloop
  endfacet
  facet normal 0 0 -1
    outer loop
      vertex -22.9629 -7.84506 0
      vertex -22.86 7.84 0
      vertex -22.86 -7.84 0
    endloop
  endfacet
  facet normal 0 0 -1
    outer loop
      vertex -22.9629 -7.84506 0
      vertex -22.9629 7.84506 0
      vertex -22.86 7.84 0
    endloop
  endfacet
  facet normal 0 0 -1
    outer loop
      vertex -23.0648 -7.86018 0
      vertex -22.9629 7.84506 0
      vertex -22.9629 -7.84506 0
    endloop
  endfacet
  facet normal 0 0 -1
    outer loop
      vertex -23.0648 -7.86018 0
      vertex -23.0648 7.86018 0
      vertex -22.9629 7.84506 0
    endloop
  endfacet
  facet normal 0 0 -1
    outer loop
      vertex -23.1648 -7.88521 0
      vertex -23.0648 7.86018 0
      vertex -23.0648 -7.86018 0
    endloop
  endfacet
  facet normal 0 0 -1
    outer loop
      vertex -23.1648 -7.88521 0
      vertex -23.1648 7.88521 0
      vertex -23.0648 7.86018 0
    endloop
  endfacet
  facet normal 0 0 -1
    outer loop
      vertex -23.2618 -7.91993 0
      vertex -23.1648 7.88521 0
      vertex -23.1648 -7.88521 0
    endloop
  endfacet
  facet normal 0 0 -1
    outer loop
      vertex -23.2618 -7.91993 0
      vertex -23.2618 7.91993 0
      vertex -23.1648 7.88521 0
    endloop
  endfacet
  facet normal 0 0 -1
    outer loop
      vertex -23.355 -7.96398 0
      vertex -23.2618 7.91993 0
      vertex -23.2618 -7.91993 0
    endloop
  endfacet
  facet normal 0 0 -1
    outer loop
      vertex -23.355 -7.96398 0
      vertex -23.355 7.96398 0
      vertex -23.2618 7.91993 0
    endloop
  endfacet
  facet normal 0 0 -1
    outer loop
      vertex -23.4433 -8.01696 0
      vertex -23.355 7.96398 0
      vertex -23.355 -7.96398 0
    endloop
  endfacet
  facet normal 0 0 -1
    outer loop
      vertex -23.4433 -8.01696 0
      vertex -23.4433 8.01696 0
      vertex -23.355 7.96398 0
    endloop
  endfacet
  facet normal 0 0 -1
    outer loop
      vertex -23.5261 -8.07834 0
      vertex -23.4433 8.01696 0
      vertex -23.4433 -8.01696 0
    endloop
  endfacet
  facet normal 0 0 -1
    outer loop
      vertex -23.5261 -8.07834 0
      vertex -23.5261 8.07834 0
      vertex -23.4433 8.01696 0
    endloop
  endfacet
  facet normal 0 0 -1
    outer loop
      vertex -23.6025 -8.14754 0
      vertex -23.5261 8.07834 0
      vertex -23.5261 -8.07834 0
    endloop
  endfacet
  facet normal 0 0 -1
    outer loop
      vertex -23.6025 -8.14754 0
      vertex -23.6025 8.14754 0
      vertex -23.5261 8.07834 0
    endloop
  endfacet
  facet normal 0 0 -1
    outer loop
      vertex -23.6717 -8.22389 0
      vertex -23.6025 8.14754 0
      vertex -23.6025 -8.14754 0
    endloop
  endfacet
  facet normal 0 0 -1
    outer loop
      vertex -23.6717 -8.22389 0
      vertex -23.6717 8.22389 0
      vertex -23.6025 8.14754 0
    endloop
  endfacet
  facet normal 0 0 -1
    outer loop
      vertex -23.733 -8.30665 0
      vertex -23.6717 8.22389 0
      vertex -23.6717 -8.22389 0
    endloop
  endfacet
  facet normal 0 0 -1
    outer loop
      vertex -23.733 -8.30665 0
      vertex -23.733 8.30665 0
      vertex -23.6717 8.22389 0
    endloop
  endfacet
  facet normal 0 0 -1
    outer loop
      vertex -23.786 -8.39503 0
      vertex -23.733 8.30665 0
      vertex -23.733 -8.30665 0
    endloop
  endfacet
  facet normal 0 0 -1
    outer loop
      vertex -23.786 -8.39503 0
      vertex -23.786 8.39503 0
      vertex -23.733 8.30665 0
    endloop
  endfacet
  facet normal 0 0 -1
    outer loop
      vertex -23.8301 -8.48818 0
      vertex -23.786 8.39503 0
      vertex -23.786 -8.39503 0
    endloop
  endfacet
  facet normal 0 0 -1
    outer loop
      vertex -23.8301 -8.48818 0
      vertex -23.8301 8.48818 0
      vertex -23.786 8.39503 0
    endloop
  endfacet
  facet normal 0 0 -1
    outer loop
      vertex -23.8648 -8.5852 0
      vertex -23.8301 8.48818 0
      vertex -23.8301 -8.48818 0
    endloop
  endfacet
  facet normal 0 0 -1
    outer loop
      vertex -23.8648 -8.5852 0
      vertex -23.8648 8.5852 0
      vertex -23.8301 8.48818 0
    endloop
  endfacet
  facet normal 0 0 -1
    outer loop
      vertex -23.8898 -8.68515 0
      vertex -23.8648 8.5852 0
      vertex -23.8648 -8.5852 0
    endloop
  endfacet
  facet normal 0 0 -1
    outer loop
      vertex -23.8898 -8.68515 0
      vertex -23.8898 8.68515 0
      vertex -23.8648 8.5852 0
    endloop
  endfacet
  facet normal 0 0 -1
    outer loop
      vertex -29.86 -21 0
      vertex -23.8898 -8.68515 0
      vertex -23.9049 -8.78708 0
    endloop
  endfacet
  facet normal -0 0 -1
    outer loop
      vertex -23.8898 -8.68515 0
      vertex -29.86 -21 0
      vertex -23.8898 8.68515 0
    endloop
  endfacet
  facet normal 0 0 -1
    outer loop
      vertex -29.86 -21 0
      vertex -23.9049 -8.78708 0
      vertex -23.91 -8.89 0
    endloop
  endfacet
  facet normal -0 0 -1
    outer loop
      vertex -23.9049 -8.99292 0
      vertex -29.86 -21 0
      vertex -23.91 -8.89 0
    endloop
  endfacet
  facet normal 0 0 -1
    outer loop
      vertex 29.86 -21 0
      vertex 23.8898 -8.68515 0
      vertex 29.86 21 0
    endloop
  endfacet
  facet normal 0 0 -1
    outer loop
      vertex 29.86 21 0
      vertex 23.9049 8.78708 0
      vertex 23.91 8.89 0
    endloop
  endfacet
  facet normal 0 0 -1
    outer loop
      vertex 23.8898 8.68515 0
      vertex 29.86 21 0
      vertex 23.8898 -8.68515 0
    endloop
  endfacet
  facet normal 0 0 -1
    outer loop
      vertex 29.86 21 0
      vertex 23.8898 8.68515 0
      vertex 23.9049 8.78708 0
    endloop
  endfacet
  facet normal 0 0 -1
    outer loop
      vertex 23.8648 -8.5852 0
      vertex 23.8898 8.68515 0
      vertex 23.8898 -8.68515 0
    endloop
  endfacet
  facet normal 0 0 -1
    outer loop
      vertex 23.8648 -8.5852 0
      vertex 23.8648 8.5852 0
      vertex 23.8898 8.68515 0
    endloop
  endfacet
  facet normal 0 0 -1
    outer loop
      vertex 23.8301 -8.48818 0
      vertex 23.8648 8.5852 0
      vertex 23.8648 -8.5852 0
    endloop
  endfacet
  facet normal 0 0 -1
    outer loop
      vertex 23.8301 -8.48818 0
      vertex 23.8301 8.48818 0
      vertex 23.8648 8.5852 0
    endloop
  endfacet
  facet normal 0 0 -1
    outer loop
      vertex 23.786 -8.39503 0
      vertex 23.8301 8.48818 0
      vertex 23.8301 -8.48818 0
    endloop
  endfacet
  facet normal 0 0 -1
    outer loop
      vertex 23.786 -8.39503 0
      vertex 23.786 8.39503 0
      vertex 23.8301 8.48818 0
    endloop
  endfacet
  facet normal 0 0 -1
    outer loop
      vertex 23.733 -8.30665 0
      vertex 23.786 8.39503 0
      vertex 23.786 -8.39503 0
    endloop
  endfacet
  facet normal 0 0 -1
    outer loop
      vertex 23.733 -8.30665 0
      vertex 23.733 8.30665 0
      vertex 23.786 8.39503 0
    endloop
  endfacet
  facet normal 0 0 -1
    outer loop
      vertex 23.6717 -8.22389 0
      vertex 23.733 8.30665 0
      vertex 23.733 -8.30665 0
    endloop
  endfacet
  facet normal 0 0 -1
    outer loop
      vertex 23.6717 -8.22389 0
      vertex 23.6717 8.22389 0
      vertex 23.733 8.30665 0
    endloop
  endfacet
  facet normal 0 0 -1
    outer loop
      vertex 23.6025 -8.14754 0
      vertex 23.6717 8.22389 0
      vertex 23.6717 -8.22389 0
    endloop
  endfacet
  facet normal 0 0 -1
    outer loop
      vertex 23.6025 -8.14754 0
      vertex 23.6025 8.14754 0
      vertex 23.6717 8.22389 0
    endloop
  endfacet
  facet normal 0 0 -1
    outer loop
      vertex 23.5261 -8.07834 0
      vertex 23.6025 8.14754 0
      vertex 23.6025 -8.14754 0
    endloop
  endfacet
  facet normal 0 0 -1
    outer loop
      vertex 23.5261 -8.07834 0
      vertex 23.5261 8.07834 0
      vertex 23.6025 8.14754 0
    endloop
  endfacet
  facet normal 0 0 -1
    outer loop
      vertex 23.4433 -8.01696 0
      vertex 23.5261 8.07834 0
      vertex 23.5261 -8.07834 0
    endloop
  endfacet
  facet normal 0 0 -1
    outer loop
      vertex 23.4433 -8.01696 0
      vertex 23.4433 8.01696 0
      vertex 23.5261 8.07834 0
    endloop
  endfacet
  facet normal 0 0 -1
    outer loop
      vertex 23.355 -7.96398 0
      vertex 23.4433 8.01696 0
      vertex 23.4433 -8.01696 0
    endloop
  endfacet
  facet normal 0 0 -1
    outer loop
      vertex 23.355 -7.96398 0
      vertex 23.355 7.96398 0
      vertex 23.4433 8.01696 0
    endloop
  endfacet
  facet normal 0 0 -1
    outer loop
      vertex 23.2618 -7.91993 0
      vertex 23.355 7.96398 0
      vertex 23.355 -7.96398 0
    endloop
  endfacet
  facet normal 0 0 -1
    outer loop
      vertex 23.2618 -7.91993 0
      vertex 23.2618 7.91993 0
      vertex 23.355 7.96398 0
    endloop
  endfacet
  facet normal 0 0 -1
    outer loop
      vertex 23.1648 -7.88521 0
      vertex 23.2618 7.91993 0
      vertex 23.2618 -7.91993 0
    endloop
  endfacet
  facet normal 0 0 -1
    outer loop
      vertex 23.1648 -7.88521 0
      vertex 23.1648 7.88521 0
      vertex 23.2618 7.91993 0
    endloop
  endfacet
  facet normal 0 0 -1
    outer loop
      vertex 23.0648 -7.86018 0
      vertex 23.1648 7.88521 0
      vertex 23.1648 -7.88521 0
    endloop
  endfacet
  facet normal 0 0 -1
    outer loop
      vertex 23.0648 -7.86018 0
      vertex 23.0648 7.86018 0
      vertex 23.1648 7.88521 0
    endloop
  endfacet
  facet normal 0 0 -1
    outer loop
      vertex 22.9629 -7.84506 0
      vertex 23.0648 7.86018 0
      vertex 23.0648 -7.86018 0
    endloop
  endfacet
  facet normal 0 0 -1
    outer loop
      vertex 22.9629 -7.84506 0
      vertex 22.9629 7.84506 0
      vertex 23.0648 7.86018 0
    endloop
  endfacet
  facet normal 0 0 -1
    outer loop
      vertex 22.86 -7.84 0
      vertex 22.9629 7.84506 0
      vertex 22.9629 -7.84506 0
    endloop
  endfacet
  facet normal 0 0 -1
    outer loop
      vertex 22.86 -7.84 0
      vertex 22.86 7.84 0
      vertex 22.9629 7.84506 0
    endloop
  endfacet
  facet normal 0 0 -1
    outer loop
      vertex 22.7571 -7.84506 0
      vertex 22.86 7.84 0
      vertex 22.86 -7.84 0
    endloop
  endfacet
  facet normal 0 0 -1
    outer loop
      vertex 22.7571 -7.84506 0
      vertex 22.7571 7.84506 0
      vertex 22.86 7.84 0
    endloop
  endfacet
  facet normal 0 0 -1
    outer loop
      vertex 22.6552 -7.86018 0
      vertex 22.7571 7.84506 0
      vertex 22.7571 -7.84506 0
    endloop
  endfacet
  facet normal 0 0 -1
    outer loop
      vertex 22.6552 -7.86018 0
      vertex 22.6552 7.86018 0
      vertex 22.7571 7.84506 0
    endloop
  endfacet
  facet normal 0 0 -1
    outer loop
      vertex 22.5552 -7.88521 0
      vertex 22.6552 7.86018 0
      vertex 22.6552 -7.86018 0
    endloop
  endfacet
  facet normal 0 0 -1
    outer loop
      vertex 22.5552 -7.88521 0
      vertex 22.5552 7.88521 0
      vertex 22.6552 7.86018 0
    endloop
  endfacet
  facet normal 0 0 -1
    outer loop
      vertex 22.4582 -7.91993 0
      vertex 22.5552 7.88521 0
      vertex 22.5552 -7.88521 0
    endloop
  endfacet
  facet normal 0 0 -1
    outer loop
      vertex 22.4582 -7.91993 0
      vertex 22.4582 7.91993 0
      vertex 22.5552 7.88521 0
    endloop
  endfacet
  facet normal 0 0 -1
    outer loop
      vertex 22.365 -7.96398 0
      vertex 22.4582 7.91993 0
      vertex 22.4582 -7.91993 0
    endloop
  endfacet
  facet normal 0 0 -1
    outer loop
      vertex 22.365 -7.96398 0
      vertex 22.365 7.96398 0
      vertex 22.4582 7.91993 0
    endloop
  endfacet
  facet normal 0 0 -1
    outer loop
      vertex 22.2766 -8.01696 0
      vertex 22.365 7.96398 0
      vertex 22.365 -7.96398 0
    endloop
  endfacet
  facet normal 0 0 -1
    outer loop
      vertex 22.2766 -8.01696 0
      vertex 22.2766 8.01696 0
      vertex 22.365 7.96398 0
    endloop
  endfacet
  facet normal 0 0 -1
    outer loop
      vertex 22.1939 -8.07834 0
      vertex 22.2766 8.01696 0
      vertex 22.2766 -8.01696 0
    endloop
  endfacet
  facet normal 0 0 -1
    outer loop
      vertex 22.1939 -8.07834 0
      vertex 22.1939 8.07834 0
      vertex 22.2766 8.01696 0
    endloop
  endfacet
  facet normal 0 0 -1
    outer loop
      vertex 22.1175 -8.14754 0
      vertex 22.1939 8.07834 0
      vertex 22.1939 -8.07834 0
    endloop
  endfacet
  facet normal 0 0 -1
    outer loop
      vertex 22.1175 -8.14754 0
      vertex 22.1175 8.14754 0
      vertex 22.1939 8.07834 0
    endloop
  endfacet
  facet normal 0 0 -1
    outer loop
      vertex 22.0483 -8.22389 0
      vertex 22.1175 8.14754 0
      vertex 22.1175 -8.14754 0
    endloop
  endfacet
  facet normal 0 0 -1
    outer loop
      vertex 22.0483 -8.22389 0
      vertex 22.0483 8.22389 0
      vertex 22.1175 8.14754 0
    endloop
  endfacet
  facet normal 0 0 -1
    outer loop
      vertex 21.987 -8.30665 0
      vertex 22.0483 8.22389 0
      vertex 22.0483 -8.22389 0
    endloop
  endfacet
  facet normal 0 0 -1
    outer loop
      vertex 21.987 -8.30665 0
      vertex 21.987 8.30665 0
      vertex 22.0483 8.22389 0
    endloop
  endfacet
  facet normal 0 0 -1
    outer loop
      vertex 21.934 -8.39503 0
      vertex 21.987 8.30665 0
      vertex 21.987 -8.30665 0
    endloop
  endfacet
  facet normal 0 0 -1
    outer loop
      vertex 21.934 -8.39503 0
      vertex 21.934 8.39503 0
      vertex 21.987 8.30665 0
    endloop
  endfacet
  facet normal 0 0 -1
    outer loop
      vertex 21.8899 -8.48818 0
      vertex 21.934 8.39503 0
      vertex 21.934 -8.39503 0
    endloop
  endfacet
  facet normal 0 0 -1
    outer loop
      vertex 21.8899 -8.48818 0
      vertex 21.8899 8.48818 0
      vertex 21.934 8.39503 0
    endloop
  endfacet
  facet normal 0 0 -1
    outer loop
      vertex -21.8302 -8.68515 0
      vertex 21.8302 -8.68515 0
      vertex -21.8151 -8.78708 0
    endloop
  endfacet
  facet normal 0 0 -1
    outer loop
      vertex 21.8302 -8.68515 0
      vertex -21.8302 -8.68515 0
      vertex 21.8552 -8.5852 0
    endloop
  endfacet
  facet normal 0 0 -1
    outer loop
      vertex 21.8151 -8.78708 0
      vertex -21.8151 -8.78708 0
      vertex 21.8302 -8.68515 0
    endloop
  endfacet
  facet normal 0 0 -1
    outer loop
      vertex -21.8552 -8.5852 0
      vertex 21.8552 -8.5852 0
      vertex -21.8302 -8.68515 0
    endloop
  endfacet
  facet normal 0 0 -1
    outer loop
      vertex -21.8151 -8.78708 0
      vertex 21.8151 -8.78708 0
      vertex -21.81 -8.89 0
    endloop
  endfacet
  facet normal 0 0 -1
    outer loop
      vertex 21.8899 8.48818 0
      vertex -21.81 8.89 0
      vertex 21.8552 8.5852 0
    endloop
  endfacet
  facet normal 0 0 -1
    outer loop
      vertex -21.81 -8.89 0
      vertex 21.8151 -8.78708 0
      vertex 21.81 -8.89 0
    endloop
  endfacet
  facet normal 0 0 -1
    outer loop
      vertex 21.8552 8.5852 0
      vertex -21.81 8.89 0
      vertex 21.8302 8.68515 0
    endloop
  endfacet
  facet normal 0 0 -1
    outer loop
      vertex 23.8898 -8.68515 0
      vertex 29.86 -21 0
      vertex 23.9049 -8.78708 0
    endloop
  endfacet
  facet normal 0 0 -1
    outer loop
      vertex 29.86 -21 0
      vertex 23.9049 -8.99292 0
      vertex 23.91 -8.89 0
    endloop
  endfacet
  facet normal 0 0 -1
    outer loop
      vertex 29.86 -21 0
      vertex 23.8898 -9.09484 0
      vertex 23.9049 -8.99292 0
    endloop
  endfacet
  facet normal 0 0 -1
    outer loop
      vertex 29.86 -21 0
      vertex 23.8648 -9.1948 0
      vertex 23.8898 -9.09484 0
    endloop
  endfacet
  facet normal 0 0 -1
    outer loop
      vertex 29.86 -21 0
      vertex 23.8301 -9.29182 0
      vertex 23.8648 -9.1948 0
    endloop
  endfacet
  facet normal 0 0 -1
    outer loop
      vertex 24.86 -17.7 0
      vertex 23.786 -9.38497 0
      vertex 23.8301 -9.29182 0
    endloop
  endfacet
  facet normal 0 0 -1
    outer loop
      vertex 24.86 -17.7 0
      vertex 23.733 -9.47335 0
      vertex 23.786 -9.38497 0
    endloop
  endfacet
  facet normal 0 0 -1
    outer loop
      vertex 24.86 -17.7 0
      vertex 23.6717 -9.55611 0
      vertex 23.733 -9.47335 0
    endloop
  endfacet
  facet normal 0 0 -1
    outer loop
      vertex 24.86 -17.7 0
      vertex 23.6025 -9.63246 0
      vertex 23.6717 -9.55611 0
    endloop
  endfacet
  facet normal 0 0 -1
    outer loop
      vertex 24.86 -17.7 0
      vertex 23.5261 -9.70166 0
      vertex 23.6025 -9.63246 0
    endloop
  endfacet
  facet normal 0 0 -1
    outer loop
      vertex 24.86 -17.7 0
      vertex 23.4433 -9.76304 0
      vertex 23.5261 -9.70166 0
    endloop
  endfacet
  facet normal 0 0 -1
    outer loop
      vertex 24.86 -17.7 0
      vertex 23.355 -9.81602 0
      vertex 23.4433 -9.76304 0
    endloop
  endfacet
  facet normal 0 0 -1
    outer loop
      vertex 24.86 -17.7 0
      vertex 23.2618 -9.86007 0
      vertex 23.355 -9.81602 0
    endloop
  endfacet
  facet normal 0 0 -1
    outer loop
      vertex 24.86 -17.7 0
      vertex 23.1648 -9.89479 0
      vertex 23.2618 -9.86007 0
    endloop
  endfacet
  facet normal 0 0 -1
    outer loop
      vertex 24.86 -17.7 0
      vertex 23.0648 -9.91982 0
      vertex 23.1648 -9.89479 0
    endloop
  endfacet
  facet normal 0 0 -1
    outer loop
      vertex 24.86 -17.7 0
      vertex 22.9629 -9.93494 0
      vertex 23.0648 -9.91982 0
    endloop
  endfacet
  facet normal 0 0 -1
    outer loop
      vertex 24.86 -17.7 0
      vertex 22.86 -9.94 0
      vertex 22.9629 -9.93494 0
    endloop
  endfacet
  facet normal 0 0 -1
    outer loop
      vertex 24.86 -17.7 0
      vertex 22.7571 -9.93494 0
      vertex 22.86 -9.94 0
    endloop
  endfacet
  facet normal 0 0 -1
    outer loop
      vertex 24.86 -17.7 0
      vertex 22.6552 -9.91982 0
      vertex 22.7571 -9.93494 0
    endloop
  endfacet
  facet normal 0 0 -1
    outer loop
      vertex 24.86 -17.7 0
      vertex 22.5552 -9.89479 0
      vertex 22.6552 -9.91982 0
    endloop
  endfacet
  facet normal 0 0 -1
    outer loop
      vertex 24.86 -17.7 0
      vertex 22.4582 -9.86007 0
      vertex 22.5552 -9.89479 0
    endloop
  endfacet
  facet normal 0 0 -1
    outer loop
      vertex 24.86 -17.7 0
      vertex 22.365 -9.81602 0
      vertex 22.4582 -9.86007 0
    endloop
  endfacet
  facet normal 0 0 -1
    outer loop
      vertex 24.86 -17.7 0
      vertex 22.2766 -9.76304 0
      vertex 22.365 -9.81602 0
    endloop
  endfacet
  facet normal 0 0 -1
    outer loop
      vertex 24.86 -17.7 0
      vertex 22.1939 -9.70166 0
      vertex 22.2766 -9.76304 0
    endloop
  endfacet
  facet normal 0 0 -1
    outer loop
      vertex 24.86 -17.7 0
      vertex 22.1175 -9.63246 0
      vertex 22.1939 -9.70166 0
    endloop
  endfacet
  facet normal 0 0 -1
    outer loop
      vertex 24.86 -17.7 0
      vertex 22.0483 -9.55611 0
      vertex 22.1175 -9.63246 0
    endloop
  endfacet
  facet normal 0 0 -1
    outer loop
      vertex 24.86 -17.7 0
      vertex 21.987 -9.47335 0
      vertex 22.0483 -9.55611 0
    endloop
  endfacet
  facet normal 0 0 -1
    outer loop
      vertex 24.86 -17.7 0
      vertex 21.934 -9.38497 0
      vertex 21.987 -9.47335 0
    endloop
  endfacet
  facet normal 0 0 -1
    outer loop
      vertex -21.934 -9.38497 0
      vertex 21.934 -9.38497 0
      vertex 24.86 -17.7 0
    endloop
  endfacet
  facet normal 0 0 -1
    outer loop
      vertex 21.934 -9.38497 0
      vertex -21.934 -9.38497 0
      vertex 21.8899 -9.29182 0
    endloop
  endfacet
  facet normal 0 0 -1
    outer loop
      vertex 21.8302 8.68515 0
      vertex -21.81 8.89 0
      vertex 21.8151 8.78708 0
    endloop
  endfacet
  facet normal 0 0 -1
    outer loop
      vertex 21.8151 -8.99292 0
      vertex -21.81 -8.89 0
      vertex 21.81 -8.89 0
    endloop
  endfacet
  facet normal 0 0 -1
    outer loop
      vertex -21.8151 -8.99292 0
      vertex 21.8151 -8.99292 0
      vertex 21.8302 -9.09484 0
    endloop
  endfacet
  facet normal 0 0 -1
    outer loop
      vertex -21.8302 -9.09484 0
      vertex 21.8302 -9.09484 0
      vertex 21.8552 -9.1948 0
    endloop
  endfacet
  facet normal 0 -0 -1
    outer loop
      vertex -21.8899 -9.29182 0
      vertex 21.8899 -9.29182 0
      vertex -21.934 -9.38497 0
    endloop
  endfacet
  facet normal 0 0 -1
    outer loop
      vertex 21.8151 -8.99292 0
      vertex -21.8151 -8.99292 0
      vertex -21.81 -8.89 0
    endloop
  endfacet
  facet normal 0 0 -1
    outer loop
      vertex 21.8302 -9.09484 0
      vertex -21.8302 -9.09484 0
      vertex -21.8151 -8.99292 0
    endloop
  endfacet
  facet normal 0 0 -1
    outer loop
      vertex 21.8552 -9.1948 0
      vertex -21.8552 -9.1948 0
      vertex -21.8302 -9.09484 0
    endloop
  endfacet
  facet normal -0 0 -1
    outer loop
      vertex 21.8552 -9.1948 0
      vertex -21.8899 -9.29182 0
      vertex -21.8552 -9.1948 0
    endloop
  endfacet
  facet normal 0 0 -1
    outer loop
      vertex 21.8899 -9.29182 0
      vertex -21.8899 -9.29182 0
      vertex 21.8552 -9.1948 0
    endloop
  endfacet
  facet normal 0 0 -1
    outer loop
      vertex -24.86 -17.7 0
      vertex -21.934 -9.38497 0
      vertex 24.86 -17.7 0
    endloop
  endfacet
  facet normal 0 0 -1
    outer loop
      vertex -21.934 -9.38497 0
      vertex -24.86 -17.7 0
      vertex -21.987 -9.47335 0
    endloop
  endfacet
  facet normal 0 0 -1
    outer loop
      vertex -21.987 -9.47335 0
      vertex -24.86 -17.7 0
      vertex -22.0483 -9.55611 0
    endloop
  endfacet
  facet normal 0 0 -1
    outer loop
      vertex -22.0483 -9.55611 0
      vertex -24.86 -17.7 0
      vertex -22.1175 -9.63246 0
    endloop
  endfacet
  facet normal 0 0 -1
    outer loop
      vertex -22.1175 -9.63246 0
      vertex -24.86 -17.7 0
      vertex -22.1939 -9.70166 0
    endloop
  endfacet
  facet normal 0 0 -1
    outer loop
      vertex -22.1939 -9.70166 0
      vertex -24.86 -17.7 0
      vertex -22.2766 -9.76304 0
    endloop
  endfacet
  facet normal 0 0 -1
    outer loop
      vertex -22.2766 -9.76304 0
      vertex -24.86 -17.7 0
      vertex -22.365 -9.81602 0
    endloop
  endfacet
  facet normal 0 0 -1
    outer loop
      vertex -22.365 -9.81602 0
      vertex -24.86 -17.7 0
      vertex -22.4582 -9.86007 0
    endloop
  endfacet
  facet normal 0 0 -1
    outer loop
      vertex -22.4582 -9.86007 0
      vertex -24.86 -17.7 0
      vertex -22.5552 -9.89479 0
    endloop
  endfacet
  facet normal 0 0 -1
    outer loop
      vertex -22.5552 -9.89479 0
      vertex -24.86 -17.7 0
      vertex -22.6552 -9.91982 0
    endloop
  endfacet
  facet normal 0 0 -1
    outer loop
      vertex -22.6552 -9.91982 0
      vertex -24.86 -17.7 0
      vertex -22.7571 -9.93494 0
    endloop
  endfacet
  facet normal 0 0 -1
    outer loop
      vertex -22.7571 -9.93494 0
      vertex -24.86 -17.7 0
      vertex -22.86 -9.94 0
    endloop
  endfacet
  facet normal -0 0 -1
    outer loop
      vertex -22.86 -9.94 0
      vertex -24.86 -17.7 0
      vertex -22.9629 -9.93494 0
    endloop
  endfacet
  facet normal 0 0 -1
    outer loop
      vertex -29.86 21 0
      vertex -23.8898 8.68515 0
      vertex -29.86 -21 0
    endloop
  endfacet
  facet normal -0 0 -1
    outer loop
      vertex -23.8898 -9.09484 0
      vertex -29.86 -21 0
      vertex -23.9049 -8.99292 0
    endloop
  endfacet
  facet normal -0 0 -1
    outer loop
      vertex -23.8648 -9.1948 0
      vertex -29.86 -21 0
      vertex -23.8898 -9.09484 0
    endloop
  endfacet
  facet normal -0 0 -1
    outer loop
      vertex -23.8301 -9.29182 0
      vertex -29.86 -21 0
      vertex -23.8648 -9.1948 0
    endloop
  endfacet
  facet normal 0 0 -1
    outer loop
      vertex -29.86 -21 0
      vertex -23.8301 -9.29182 0
      vertex -24.86 -17.7 0
    endloop
  endfacet
  facet normal -0 0 -1
    outer loop
      vertex -23.786 -9.38497 0
      vertex -24.86 -17.7 0
      vertex -23.8301 -9.29182 0
    endloop
  endfacet
  facet normal -0 0 -1
    outer loop
      vertex -23.733 -9.47335 0
      vertex -24.86 -17.7 0
      vertex -23.786 -9.38497 0
    endloop
  endfacet
  facet normal -0 0 -1
    outer loop
      vertex -23.6717 -9.55611 0
      vertex -24.86 -17.7 0
      vertex -23.733 -9.47335 0
    endloop
  endfacet
  facet normal -0 0 -1
    outer loop
      vertex -23.6025 -9.63246 0
      vertex -24.86 -17.7 0
      vertex -23.6717 -9.55611 0
    endloop
  endfacet
  facet normal -0 0 -1
    outer loop
      vertex -23.5261 -9.70166 0
      vertex -24.86 -17.7 0
      vertex -23.6025 -9.63246 0
    endloop
  endfacet
  facet normal -0 0 -1
    outer loop
      vertex -23.4433 -9.76304 0
      vertex -24.86 -17.7 0
      vertex -23.5261 -9.70166 0
    endloop
  endfacet
  facet normal -0 0 -1
    outer loop
      vertex -23.355 -9.81602 0
      vertex -24.86 -17.7 0
      vertex -23.4433 -9.76304 0
    endloop
  endfacet
  facet normal -0 0 -1
    outer loop
      vertex -23.2618 -9.86007 0
      vertex -24.86 -17.7 0
      vertex -23.355 -9.81602 0
    endloop
  endfacet
  facet normal -0 0 -1
    outer loop
      vertex -23.1648 -9.89479 0
      vertex -24.86 -17.7 0
      vertex -23.2618 -9.86007 0
    endloop
  endfacet
  facet normal -0 0 -1
    outer loop
      vertex -23.0648 -9.91982 0
      vertex -24.86 -17.7 0
      vertex -23.1648 -9.89479 0
    endloop
  endfacet
  facet normal -0 0 -1
    outer loop
      vertex -22.9629 -9.93494 0
      vertex -24.86 -17.7 0
      vertex -23.0648 -9.91982 0
    endloop
  endfacet
  facet normal 0 0 -1
    outer loop
      vertex 24.86 -20.2 0
      vertex 29.86 -21 0
      vertex 29.8455 -21.2941 0
    endloop
  endfacet
  facet normal 0 0 -1
    outer loop
      vertex 23.8301 -9.29182 0
      vertex 29.86 -21 0
      vertex 24.86 -17.7 0
    endloop
  endfacet
  facet normal 0 0 -1
    outer loop
      vertex 24.86 -20.2 0
      vertex 29.8455 -21.2941 0
      vertex 29.8023 -21.5853 0
    endloop
  endfacet
  facet normal 0 0 -1
    outer loop
      vertex 23.9049 -8.78708 0
      vertex 29.86 -21 0
      vertex 23.91 -8.89 0
    endloop
  endfacet
  facet normal 0 0 -1
    outer loop
      vertex 24.86 -20.2 0
      vertex 29.8023 -21.5853 0
      vertex 29.7308 -21.8708 0
    endloop
  endfacet
  facet normal 0 0 -1
    outer loop
      vertex 24.86 20.2 0
      vertex 29.86 21 0
      vertex 24.86 17.7 0
    endloop
  endfacet
  facet normal 0 0 -1
    outer loop
      vertex 24.86 -20.2 0
      vertex 29.7308 -21.8708 0
      vertex 29.6316 -22.1481 0
    endloop
  endfacet
  facet normal -0 0 -1
    outer loop
      vertex 29.86 21 0
      vertex 24.86 20.2 0
      vertex 29.8455 21.2941 0
    endloop
  endfacet
  facet normal 0 0 -1
    outer loop
      vertex 24.86 -20.2 0
      vertex 29.6316 -22.1481 0
      vertex 29.5058 -22.4142 0
    endloop
  endfacet
  facet normal -0 0 -1
    outer loop
      vertex 29.8455 21.2941 0
      vertex 24.86 20.2 0
      vertex 29.8023 21.5853 0
    endloop
  endfacet
  facet normal 0 0 -1
    outer loop
      vertex 24.86 -20.2 0
      vertex 29.5058 -22.4142 0
      vertex 29.3544 -22.6667 0
    endloop
  endfacet
  facet normal -0 0 -1
    outer loop
      vertex 29.8023 21.5853 0
      vertex 24.86 20.2 0
      vertex 29.7308 21.8708 0
    endloop
  endfacet
  facet normal 0 0 -1
    outer loop
      vertex 24.86 -20.2 0
      vertex 29.3544 -22.6667 0
      vertex 29.179 -22.9032 0
    endloop
  endfacet
  facet normal -0 0 -1
    outer loop
      vertex 29.7308 21.8708 0
      vertex 24.86 20.2 0
      vertex 29.6316 22.1481 0
    endloop
  endfacet
  facet normal 0 0 -1
    outer loop
      vertex 24.86 -20.2 0
      vertex 29.179 -22.9032 0
      vertex 28.9813 -23.1213 0
    endloop
  endfacet
  facet normal -0 0 -1
    outer loop
      vertex 29.6316 22.1481 0
      vertex 24.86 20.2 0
      vertex 29.5058 22.4142 0
    endloop
  endfacet
  facet normal 0 0 -1
    outer loop
      vertex 24.86 -20.2 0
      vertex 28.9813 -23.1213 0
      vertex 28.7632 -23.319 0
    endloop
  endfacet
  facet normal -0 0 -1
    outer loop
      vertex 29.5058 22.4142 0
      vertex 24.86 20.2 0
      vertex 29.3544 22.6667 0
    endloop
  endfacet
  facet normal 0 0 -1
    outer loop
      vertex 24.86 -20.2 0
      vertex 28.7632 -23.319 0
      vertex 28.5267 -23.4944 0
    endloop
  endfacet
  facet normal -0 0 -1
    outer loop
      vertex 29.3544 22.6667 0
      vertex 24.86 20.2 0
      vertex 29.179 22.9032 0
    endloop
  endfacet
  facet normal 0 0 -1
    outer loop
      vertex 24.86 -20.2 0
      vertex 28.5267 -23.4944 0
      vertex 28.2742 -23.6458 0
    endloop
  endfacet
  facet normal -0 0 -1
    outer loop
      vertex 29.179 22.9032 0
      vertex 24.86 20.2 0
      vertex 28.9813 23.1213 0
    endloop
  endfacet
  facet normal 0 0 -1
    outer loop
      vertex 24.86 -20.2 0
      vertex 28.2742 -23.6458 0
      vertex 28.008 -23.7716 0
    endloop
  endfacet
  facet normal -0 0 -1
    outer loop
      vertex 28.9813 23.1213 0
      vertex 24.86 20.2 0
      vertex 28.7632 23.319 0
    endloop
  endfacet
  facet normal 0 0 -1
    outer loop
      vertex 24.86 -20.2 0
      vertex 28.008 -23.7716 0
      vertex 27.7308 -23.8708 0
    endloop
  endfacet
  facet normal -0 0 -1
    outer loop
      vertex 28.7632 23.319 0
      vertex 24.86 20.2 0
      vertex 28.5267 23.4944 0
    endloop
  endfacet
  facet normal 0 0 -1
    outer loop
      vertex 24.86 -20.2 0
      vertex 27.7308 -23.8708 0
      vertex 27.4453 -23.9424 0
    endloop
  endfacet
  facet normal -0 0 -1
    outer loop
      vertex 28.5267 23.4944 0
      vertex 24.86 20.2 0
      vertex 28.2742 23.6458 0
    endloop
  endfacet
  facet normal 0 0 -1
    outer loop
      vertex 24.86 -20.2 0
      vertex 27.4453 -23.9424 0
      vertex 27.154 -23.9855 0
    endloop
  endfacet
  facet normal -0 0 -1
    outer loop
      vertex 28.2742 23.6458 0
      vertex 24.86 20.2 0
      vertex 28.008 23.7716 0
    endloop
  endfacet
  facet normal 0 0 -1
    outer loop
      vertex 24.86 -20.2 0
      vertex 27.154 -23.9855 0
      vertex 26.86 -24 0
    endloop
  endfacet
  facet normal -0 0 -1
    outer loop
      vertex 28.008 23.7716 0
      vertex 24.86 20.2 0
      vertex 27.7308 23.8708 0
    endloop
  endfacet
  facet normal 0 0 -1
    outer loop
      vertex 29.86 -21 0
      vertex 24.86 -20.2 0
      vertex 24.86 -17.7 0
    endloop
  endfacet
  facet normal 0 0 -1
    outer loop
      vertex 26.86 -24 0
      vertex -24.86 -20.2 0
      vertex 24.86 -20.2 0
    endloop
  endfacet
  facet normal 0 0 -1
    outer loop
      vertex -29.86 -21 0
      vertex -24.86 -17.7 0
      vertex -24.86 -20.2 0
    endloop
  endfacet
  facet normal 0 0 -1
    outer loop
      vertex -23.8898 8.68515 0
      vertex -29.86 21 0
      vertex -23.9049 8.78708 0
    endloop
  endfacet
  facet normal 0 0 -1
    outer loop
      vertex -27.154 -23.9855 0
      vertex -24.86 -20.2 0
      vertex -26.86 -24 0
    endloop
  endfacet
  facet normal 0 0 -1
    outer loop
      vertex -26.86 -24 0
      vertex -24.86 -20.2 0
      vertex 26.86 -24 0
    endloop
  endfacet
  facet normal -0 0 -1
    outer loop
      vertex 27.7308 23.8708 0
      vertex 24.86 20.2 0
      vertex 27.4453 23.9424 0
    endloop
  endfacet
  facet normal -0 0 -1
    outer loop
      vertex 27.4453 23.9424 0
      vertex 24.86 20.2 0
      vertex 27.154 23.9855 0
    endloop
  endfacet
  facet normal -0 0 -1
    outer loop
      vertex 27.154 23.9855 0
      vertex 24.86 20.2 0
      vertex 26.86 24 0
    endloop
  endfacet
  facet normal 0 0 -1
    outer loop
      vertex -24.86 20.2 0
      vertex 26.86 24 0
      vertex 24.86 20.2 0
    endloop
  endfacet
  facet normal 0 0 -1
    outer loop
      vertex -24.86 20.2 0
      vertex -26.86 24 0
      vertex 26.86 24 0
    endloop
  endfacet
  facet normal 0 0 -1
    outer loop
      vertex -23.9049 8.78708 0
      vertex -29.86 21 0
      vertex -24.86 17.7 0
    endloop
  endfacet
  facet normal 0 0 -1
    outer loop
      vertex -27.4453 -23.9424 0
      vertex -24.86 -20.2 0
      vertex -27.154 -23.9855 0
    endloop
  endfacet
  facet normal 0 0 -1
    outer loop
      vertex -24.86 17.7 0
      vertex -29.86 21 0
      vertex -24.86 20.2 0
    endloop
  endfacet
  facet normal 0 0 -1
    outer loop
      vertex -27.7308 -23.8708 0
      vertex -24.86 -20.2 0
      vertex -27.4453 -23.9424 0
    endloop
  endfacet
  facet normal 0 -0 -1
    outer loop
      vertex -29.8455 21.2941 0
      vertex -24.86 20.2 0
      vertex -29.86 21 0
    endloop
  endfacet
  facet normal 0 0 -1
    outer loop
      vertex -28.008 -23.7716 0
      vertex -24.86 -20.2 0
      vertex -27.7308 -23.8708 0
    endloop
  endfacet
  facet normal 0 0 -1
    outer loop
      vertex -24.86 20.2 0
      vertex -27.154 23.9855 0
      vertex -26.86 24 0
    endloop
  endfacet
  facet normal 0 0 -1
    outer loop
      vertex -28.2742 -23.6458 0
      vertex -24.86 -20.2 0
      vertex -28.008 -23.7716 0
    endloop
  endfacet
  facet normal 0 0 -1
    outer loop
      vertex -24.86 20.2 0
      vertex -27.4453 23.9424 0
      vertex -27.154 23.9855 0
    endloop
  endfacet
  facet normal 0 0 -1
    outer loop
      vertex -28.5267 -23.4944 0
      vertex -24.86 -20.2 0
      vertex -28.2742 -23.6458 0
    endloop
  endfacet
  facet normal 0 0 -1
    outer loop
      vertex -24.86 20.2 0
      vertex -27.7308 23.8708 0
      vertex -27.4453 23.9424 0
    endloop
  endfacet
  facet normal 0 0 -1
    outer loop
      vertex -28.7632 -23.319 0
      vertex -24.86 -20.2 0
      vertex -28.5267 -23.4944 0
    endloop
  endfacet
  facet normal 0 0 -1
    outer loop
      vertex -24.86 20.2 0
      vertex -28.008 23.7716 0
      vertex -27.7308 23.8708 0
    endloop
  endfacet
  facet normal 0 0 -1
    outer loop
      vertex -28.9813 -23.1213 0
      vertex -24.86 -20.2 0
      vertex -28.7632 -23.319 0
    endloop
  endfacet
  facet normal 0 0 -1
    outer loop
      vertex -24.86 20.2 0
      vertex -28.2742 23.6458 0
      vertex -28.008 23.7716 0
    endloop
  endfacet
  facet normal 0 0 -1
    outer loop
      vertex -29.179 -22.9032 0
      vertex -24.86 -20.2 0
      vertex -28.9813 -23.1213 0
    endloop
  endfacet
  facet normal 0 0 -1
    outer loop
      vertex -24.86 20.2 0
      vertex -28.5267 23.4944 0
      vertex -28.2742 23.6458 0
    endloop
  endfacet
  facet normal 0 0 -1
    outer loop
      vertex -29.3544 -22.6667 0
      vertex -24.86 -20.2 0
      vertex -29.179 -22.9032 0
    endloop
  endfacet
  facet normal 0 0 -1
    outer loop
      vertex -24.86 20.2 0
      vertex -28.7632 23.319 0
      vertex -28.5267 23.4944 0
    endloop
  endfacet
  facet normal 0 0 -1
    outer loop
      vertex -29.5058 -22.4142 0
      vertex -24.86 -20.2 0
      vertex -29.3544 -22.6667 0
    endloop
  endfacet
  facet normal 0 0 -1
    outer loop
      vertex -24.86 20.2 0
      vertex -28.9813 23.1213 0
      vertex -28.7632 23.319 0
    endloop
  endfacet
  facet normal 0 0 -1
    outer loop
      vertex -29.6316 -22.1481 0
      vertex -24.86 -20.2 0
      vertex -29.5058 -22.4142 0
    endloop
  endfacet
  facet normal 0 0 -1
    outer loop
      vertex -24.86 20.2 0
      vertex -29.179 22.9032 0
      vertex -28.9813 23.1213 0
    endloop
  endfacet
  facet normal 0 0 -1
    outer loop
      vertex -29.7308 -21.8708 0
      vertex -24.86 -20.2 0
      vertex -29.6316 -22.1481 0
    endloop
  endfacet
  facet normal 0 0 -1
    outer loop
      vertex -24.86 20.2 0
      vertex -29.3544 22.6667 0
      vertex -29.179 22.9032 0
    endloop
  endfacet
  facet normal 0 0 -1
    outer loop
      vertex -29.8023 -21.5853 0
      vertex -24.86 -20.2 0
      vertex -29.7308 -21.8708 0
    endloop
  endfacet
  facet normal 0 0 -1
    outer loop
      vertex -24.86 20.2 0
      vertex -29.5058 22.4142 0
      vertex -29.3544 22.6667 0
    endloop
  endfacet
  facet normal 0 0 -1
    outer loop
      vertex -29.8455 -21.2941 0
      vertex -24.86 -20.2 0
      vertex -29.8023 -21.5853 0
    endloop
  endfacet
  facet normal 0 0 -1
    outer loop
      vertex -24.86 20.2 0
      vertex -29.6316 22.1481 0
      vertex -29.5058 22.4142 0
    endloop
  endfacet
  facet normal 0 0 -1
    outer loop
      vertex -24.86 -20.2 0
      vertex -29.8455 -21.2941 0
      vertex -29.86 -21 0
    endloop
  endfacet
  facet normal 0 0 -1
    outer loop
      vertex -24.86 20.2 0
      vertex -29.7308 21.8708 0
      vertex -29.6316 22.1481 0
    endloop
  endfacet
  facet normal 0 0 -1
    outer loop
      vertex -24.86 20.2 0
      vertex -29.8023 21.5853 0
      vertex -29.7308 21.8708 0
    endloop
  endfacet
  facet normal 0 0 -1
    outer loop
      vertex -24.86 20.2 0
      vertex -29.8455 21.2941 0
      vertex -29.8023 21.5853 0
    endloop
  endfacet
  facet normal 0 0 -1
    outer loop
      vertex 23.9049 8.99292 0
      vertex 29.86 21 0
      vertex 23.91 8.89 0
    endloop
  endfacet
  facet normal 0 0 -1
    outer loop
      vertex 23.8898 9.09484 0
      vertex 29.86 21 0
      vertex 23.9049 8.99292 0
    endloop
  endfacet
  facet normal 0 0 -1
    outer loop
      vertex 23.8648 9.1948 0
      vertex 29.86 21 0
      vertex 23.8898 9.09484 0
    endloop
  endfacet
  facet normal 0 0 -1
    outer loop
      vertex 23.8301 9.29182 0
      vertex 29.86 21 0
      vertex 23.8648 9.1948 0
    endloop
  endfacet
  facet normal 0 0 -1
    outer loop
      vertex 29.86 21 0
      vertex 23.8301 9.29182 0
      vertex 24.86 17.7 0
    endloop
  endfacet
  facet normal 0 0 -1
    outer loop
      vertex 23.786 9.38497 0
      vertex 24.86 17.7 0
      vertex 23.8301 9.29182 0
    endloop
  endfacet
  facet normal 0 0 -1
    outer loop
      vertex 23.733 9.47335 0
      vertex 24.86 17.7 0
      vertex 23.786 9.38497 0
    endloop
  endfacet
  facet normal 0 0 -1
    outer loop
      vertex 23.6717 9.55611 0
      vertex 24.86 17.7 0
      vertex 23.733 9.47335 0
    endloop
  endfacet
  facet normal 0 0 -1
    outer loop
      vertex 23.6025 9.63246 0
      vertex 24.86 17.7 0
      vertex 23.6717 9.55611 0
    endloop
  endfacet
  facet normal 0 0 -1
    outer loop
      vertex 23.5261 9.70166 0
      vertex 24.86 17.7 0
      vertex 23.6025 9.63246 0
    endloop
  endfacet
  facet normal 0 0 -1
    outer loop
      vertex 23.4433 9.76304 0
      vertex 24.86 17.7 0
      vertex 23.5261 9.70166 0
    endloop
  endfacet
  facet normal 0 0 -1
    outer loop
      vertex 23.355 9.81602 0
      vertex 24.86 17.7 0
      vertex 23.4433 9.76304 0
    endloop
  endfacet
  facet normal 0 0 -1
    outer loop
      vertex 23.2618 9.86007 0
      vertex 24.86 17.7 0
      vertex 23.355 9.81602 0
    endloop
  endfacet
  facet normal 0 0 -1
    outer loop
      vertex 23.1648 9.89479 0
      vertex 24.86 17.7 0
      vertex 23.2618 9.86007 0
    endloop
  endfacet
  facet normal 0 0 -1
    outer loop
      vertex 23.0648 9.91982 0
      vertex 24.86 17.7 0
      vertex 23.1648 9.89479 0
    endloop
  endfacet
  facet normal 0 0 -1
    outer loop
      vertex 22.9629 9.93494 0
      vertex 24.86 17.7 0
      vertex 23.0648 9.91982 0
    endloop
  endfacet
  facet normal 0 0 -1
    outer loop
      vertex 22.86 9.94 0
      vertex 24.86 17.7 0
      vertex 22.9629 9.93494 0
    endloop
  endfacet
  facet normal 0 0 -1
    outer loop
      vertex 22.7571 9.93494 0
      vertex 24.86 17.7 0
      vertex 22.86 9.94 0
    endloop
  endfacet
  facet normal 0 0 -1
    outer loop
      vertex 22.6552 9.91982 0
      vertex 24.86 17.7 0
      vertex 22.7571 9.93494 0
    endloop
  endfacet
  facet normal 0 0 -1
    outer loop
      vertex 22.5552 9.89479 0
      vertex 24.86 17.7 0
      vertex 22.6552 9.91982 0
    endloop
  endfacet
  facet normal 0 0 -1
    outer loop
      vertex 22.4582 9.86007 0
      vertex 24.86 17.7 0
      vertex 22.5552 9.89479 0
    endloop
  endfacet
  facet normal 0 0 -1
    outer loop
      vertex 22.365 9.81602 0
      vertex 24.86 17.7 0
      vertex 22.4582 9.86007 0
    endloop
  endfacet
  facet normal 0 0 -1
    outer loop
      vertex 22.2766 9.76304 0
      vertex 24.86 17.7 0
      vertex 22.365 9.81602 0
    endloop
  endfacet
  facet normal 0 0 -1
    outer loop
      vertex 22.1939 9.70166 0
      vertex 24.86 17.7 0
      vertex 22.2766 9.76304 0
    endloop
  endfacet
  facet normal 0 0 -1
    outer loop
      vertex 22.1175 9.63246 0
      vertex 24.86 17.7 0
      vertex 22.1939 9.70166 0
    endloop
  endfacet
  facet normal 0 0 -1
    outer loop
      vertex 22.0483 9.55611 0
      vertex 24.86 17.7 0
      vertex 22.1175 9.63246 0
    endloop
  endfacet
  facet normal 0 0 -1
    outer loop
      vertex 21.987 9.47335 0
      vertex 24.86 17.7 0
      vertex 22.0483 9.55611 0
    endloop
  endfacet
  facet normal 0 0 -1
    outer loop
      vertex 21.934 9.38497 0
      vertex 24.86 17.7 0
      vertex 21.987 9.47335 0
    endloop
  endfacet
  facet normal 0 0 -1
    outer loop
      vertex -21.934 9.38497 0
      vertex 21.934 9.38497 0
      vertex 21.8899 9.29182 0
    endloop
  endfacet
  facet normal 0 0 -1
    outer loop
      vertex -21.8899 9.29182 0
      vertex 21.8899 9.29182 0
      vertex 21.8552 9.1948 0
    endloop
  endfacet
  facet normal 0 0 -1
    outer loop
      vertex 21.8151 8.78708 0
      vertex -21.81 8.89 0
      vertex 21.81 8.89 0
    endloop
  endfacet
  facet normal 0 0 -1
    outer loop
      vertex 21.81 8.89 0
      vertex -21.81 8.89 0
      vertex 21.8151 8.99292 0
    endloop
  endfacet
  facet normal 0 0 -1
    outer loop
      vertex -21.8151 8.99292 0
      vertex 21.8151 8.99292 0
      vertex -21.81 8.89 0
    endloop
  endfacet
  facet normal 0 0 -1
    outer loop
      vertex 21.8151 8.99292 0
      vertex -21.8151 8.99292 0
      vertex 21.8302 9.09484 0
    endloop
  endfacet
  facet normal 0 0 -1
    outer loop
      vertex -21.8302 9.09484 0
      vertex 21.8302 9.09484 0
      vertex -21.8151 8.99292 0
    endloop
  endfacet
  facet normal 0 0 -1
    outer loop
      vertex 21.8302 9.09484 0
      vertex -21.8302 9.09484 0
      vertex 21.8552 9.1948 0
    endloop
  endfacet
  facet normal 0 0 -1
    outer loop
      vertex -21.8552 9.1948 0
      vertex 21.8552 9.1948 0
      vertex -21.8302 9.09484 0
    endloop
  endfacet
  facet normal 0 0 -1
    outer loop
      vertex -21.8899 9.29182 0
      vertex 21.8552 9.1948 0
      vertex -21.8552 9.1948 0
    endloop
  endfacet
  facet normal 0 0 -1
    outer loop
      vertex 21.8899 9.29182 0
      vertex -21.8899 9.29182 0
      vertex -21.934 9.38497 0
    endloop
  endfacet
  facet normal 0 0 -1
    outer loop
      vertex 21.934 9.38497 0
      vertex -21.934 9.38497 0
      vertex 24.86 17.7 0
    endloop
  endfacet
  facet normal 0 0 -1
    outer loop
      vertex -24.86 17.7 0
      vertex -21.934 9.38497 0
      vertex -21.987 9.47335 0
    endloop
  endfacet
  facet normal 0 0 -1
    outer loop
      vertex -24.86 17.7 0
      vertex -21.987 9.47335 0
      vertex -22.0483 9.55611 0
    endloop
  endfacet
  facet normal 0 0 -1
    outer loop
      vertex -24.86 17.7 0
      vertex -22.0483 9.55611 0
      vertex -22.1175 9.63246 0
    endloop
  endfacet
  facet normal 0 0 -1
    outer loop
      vertex -24.86 17.7 0
      vertex -22.1175 9.63246 0
      vertex -22.1939 9.70166 0
    endloop
  endfacet
  facet normal 0 0 -1
    outer loop
      vertex -24.86 17.7 0
      vertex -22.1939 9.70166 0
      vertex -22.2766 9.76304 0
    endloop
  endfacet
  facet normal 0 0 -1
    outer loop
      vertex -24.86 17.7 0
      vertex -22.2766 9.76304 0
      vertex -22.365 9.81602 0
    endloop
  endfacet
  facet normal 0 0 -1
    outer loop
      vertex -24.86 17.7 0
      vertex -22.365 9.81602 0
      vertex -22.4582 9.86007 0
    endloop
  endfacet
  facet normal 0 0 -1
    outer loop
      vertex -24.86 17.7 0
      vertex -22.4582 9.86007 0
      vertex -22.5552 9.89479 0
    endloop
  endfacet
  facet normal 0 0 -1
    outer loop
      vertex -24.86 17.7 0
      vertex -22.5552 9.89479 0
      vertex -22.6552 9.91982 0
    endloop
  endfacet
  facet normal 0 0 -1
    outer loop
      vertex -24.86 17.7 0
      vertex -22.6552 9.91982 0
      vertex -22.7571 9.93494 0
    endloop
  endfacet
  facet normal 0 0 -1
    outer loop
      vertex -24.86 17.7 0
      vertex -22.7571 9.93494 0
      vertex -22.86 9.94 0
    endloop
  endfacet
  facet normal 0 0 -1
    outer loop
      vertex -24.86 17.7 0
      vertex -22.86 9.94 0
      vertex -22.9629 9.93494 0
    endloop
  endfacet
  facet normal 0 0 -1
    outer loop
      vertex -24.86 17.7 0
      vertex -22.9629 9.93494 0
      vertex -23.0648 9.91982 0
    endloop
  endfacet
  facet normal 0 0 -1
    outer loop
      vertex -21.934 9.38497 0
      vertex -24.86 17.7 0
      vertex 24.86 17.7 0
    endloop
  endfacet
  facet normal 0 0 -1
    outer loop
      vertex -23.1648 9.89479 0
      vertex -24.86 17.7 0
      vertex -23.0648 9.91982 0
    endloop
  endfacet
  facet normal 0 0 -1
    outer loop
      vertex -23.2618 9.86007 0
      vertex -24.86 17.7 0
      vertex -23.1648 9.89479 0
    endloop
  endfacet
  facet normal 0 0 -1
    outer loop
      vertex -23.355 9.81602 0
      vertex -24.86 17.7 0
      vertex -23.2618 9.86007 0
    endloop
  endfacet
  facet normal 0 0 -1
    outer loop
      vertex -23.4433 9.76304 0
      vertex -24.86 17.7 0
      vertex -23.355 9.81602 0
    endloop
  endfacet
  facet normal 0 0 -1
    outer loop
      vertex -23.5261 9.70166 0
      vertex -24.86 17.7 0
      vertex -23.4433 9.76304 0
    endloop
  endfacet
  facet normal 0 0 -1
    outer loop
      vertex -23.6025 9.63246 0
      vertex -24.86 17.7 0
      vertex -23.5261 9.70166 0
    endloop
  endfacet
  facet normal 0 0 -1
    outer loop
      vertex -23.6717 9.55611 0
      vertex -24.86 17.7 0
      vertex -23.6025 9.63246 0
    endloop
  endfacet
  facet normal 0 0 -1
    outer loop
      vertex -23.733 9.47335 0
      vertex -24.86 17.7 0
      vertex -23.6717 9.55611 0
    endloop
  endfacet
  facet normal 0 0 -1
    outer loop
      vertex -23.786 9.38497 0
      vertex -24.86 17.7 0
      vertex -23.733 9.47335 0
    endloop
  endfacet
  facet normal 0 0 -1
    outer loop
      vertex -23.8301 9.29182 0
      vertex -24.86 17.7 0
      vertex -23.786 9.38497 0
    endloop
  endfacet
  facet normal 0 0 -1
    outer loop
      vertex -23.8648 9.1948 0
      vertex -24.86 17.7 0
      vertex -23.8301 9.29182 0
    endloop
  endfacet
  facet normal 0 0 -1
    outer loop
      vertex -23.8898 9.09484 0
      vertex -24.86 17.7 0
      vertex -23.8648 9.1948 0
    endloop
  endfacet
  facet normal 0 0 -1
    outer loop
      vertex -23.9049 8.99292 0
      vertex -24.86 17.7 0
      vertex -23.8898 9.09484 0
    endloop
  endfacet
  facet normal 0 0 -1
    outer loop
      vertex -23.91 8.89 0
      vertex -24.86 17.7 0
      vertex -23.9049 8.99292 0
    endloop
  endfacet
  facet normal 0 0 -1
    outer loop
      vertex -23.9049 8.78708 0
      vertex -24.86 17.7 0
      vertex -23.91 8.89 0
    endloop
  endfacet
  facet normal 0 0 -1
    outer loop
      vertex -24.86 15.5 -3.4
      vertex 24.86 20.2 -3.4
      vertex 24.86 15.5 -3.4
    endloop
  endfacet
  facet normal -0 0 -1
    outer loop
      vertex 24.86 20.2 -3.4
      vertex -24.86 15.5 -3.4
      vertex -24.86 20.2 -3.4
    endloop
  endfacet
  facet normal -1 0 0
    outer loop
      vertex -24.86 20.2 -3.4
      vertex -24.86 17.7 -1.6
      vertex -24.86 20.2 0
    endloop
  endfacet
  facet normal -1 0 0
    outer loop
      vertex -24.86 15.5 -3.4
      vertex -24.86 17.7 -1.6
      vertex -24.86 20.2 -3.4
    endloop
  endfacet
  facet normal -1 -0 0
    outer loop
      vertex -24.86 17.7 -1.6
      vertex -24.86 15.5 -3.4
      vertex -24.86 15.5 -1.6
    endloop
  endfacet
  facet normal -1 -0 0
    outer loop
      vertex -24.86 20.2 0
      vertex -24.86 17.7 -1.6
      vertex -24.86 17.7 0
    endloop
  endfacet
  facet normal 0 1 -0
    outer loop
      vertex 24.86 20.2 -3.4
      vertex -24.86 20.2 0
      vertex 24.86 20.2 0
    endloop
  endfacet
  facet normal 0 1 0
    outer loop
      vertex -24.86 20.2 0
      vertex 24.86 20.2 -3.4
      vertex -24.86 20.2 -3.4
    endloop
  endfacet
  facet normal 0 -1 0
    outer loop
      vertex -24.86 17.7 -1.6
      vertex 24.86 17.7 0
      vertex -24.86 17.7 0
    endloop
  endfacet
  facet normal 0 -1 -0
    outer loop
      vertex 24.86 17.7 0
      vertex -24.86 17.7 -1.6
      vertex 24.86 17.7 -1.6
    endloop
  endfacet
  facet normal -0 0 1
    outer loop
      vertex -24.86 17.7 -1.6
      vertex 24.86 15.5 -1.6
      vertex 24.86 17.7 -1.6
    endloop
  endfacet
  facet normal 0 0 1
    outer loop
      vertex 24.86 15.5 -1.6
      vertex -24.86 17.7 -1.6
      vertex -24.86 15.5 -1.6
    endloop
  endfacet
  facet normal 0 -1 0
    outer loop
      vertex -24.86 15.5 -3.4
      vertex 24.86 15.5 -1.6
      vertex -24.86 15.5 -1.6
    endloop
  endfacet
  facet normal 0 -1 -0
    outer loop
      vertex 24.86 15.5 -1.6
      vertex -24.86 15.5 -3.4
      vertex 24.86 15.5 -3.4
    endloop
  endfacet
  facet normal 1 0 0
    outer loop
      vertex 24.86 -17.7 0
      vertex 24.86 -20.2 0
      vertex 24.86 -17.7 -1.6
    endloop
  endfacet
  facet normal 1 -0 0
    outer loop
      vertex 24.86 -17.7 -1.6
      vertex 24.86 -15.5 -3.4
      vertex 24.86 -15.5 -1.6
    endloop
  endfacet
  facet normal 1 0 0
    outer loop
      vertex 24.86 -20.2 -3.4
      vertex 24.86 -17.7 -1.6
      vertex 24.86 -20.2 0
    endloop
  endfacet
  facet normal 1 0 0
    outer loop
      vertex 24.86 -17.7 -1.6
      vertex 24.86 -20.2 -3.4
      vertex 24.86 -15.5 -3.4
    endloop
  endfacet
  facet normal 0 0 -1
    outer loop
      vertex -24.86 -20.2 -3.4
      vertex 24.86 -15.5 -3.4
      vertex 24.86 -20.2 -3.4
    endloop
  endfacet
  facet normal -0 0 -1
    outer loop
      vertex 24.86 -15.5 -3.4
      vertex -24.86 -20.2 -3.4
      vertex -24.86 -15.5 -3.4
    endloop
  endfacet
  facet normal -1 0 0
    outer loop
      vertex -24.86 -15.5 -3.4
      vertex -24.86 -17.7 -1.6
      vertex -24.86 -15.5 -1.6
    endloop
  endfacet
  facet normal -1 0 0
    outer loop
      vertex -24.86 -20.2 -3.4
      vertex -24.86 -17.7 -1.6
      vertex -24.86 -15.5 -3.4
    endloop
  endfacet
  facet normal -1 0 0
    outer loop
      vertex -24.86 -20.2 0
      vertex -24.86 -17.7 -1.6
      vertex -24.86 -20.2 -3.4
    endloop
  endfacet
  facet normal -1 0 0
    outer loop
      vertex -24.86 -17.7 -1.6
      vertex -24.86 -20.2 0
      vertex -24.86 -17.7 0
    endloop
  endfacet
  facet normal 0 -1 0
    outer loop
      vertex -24.86 -20.2 -3.4
      vertex 24.86 -20.2 0
      vertex -24.86 -20.2 0
    endloop
  endfacet
  facet normal 0 -1 -0
    outer loop
      vertex 24.86 -20.2 0
      vertex -24.86 -20.2 -3.4
      vertex 24.86 -20.2 -3.4
    endloop
  endfacet
  facet normal 0 1 -0
    outer loop
      vertex 24.86 -17.7 -1.6
      vertex -24.86 -17.7 0
      vertex 24.86 -17.7 0
    endloop
  endfacet
  facet normal 0 1 0
    outer loop
      vertex -24.86 -17.7 0
      vertex 24.86 -17.7 -1.6
      vertex -24.86 -17.7 -1.6
    endloop
  endfacet
  facet normal -0 0 1
    outer loop
      vertex -24.86 -15.5 -1.6
      vertex 24.86 -17.7 -1.6
      vertex 24.86 -15.5 -1.6
    endloop
  endfacet
  facet normal 0 0 1
    outer loop
      vertex 24.86 -17.7 -1.6
      vertex -24.86 -15.5 -1.6
      vertex -24.86 -17.7 -1.6
    endloop
  endfacet
  facet normal 0 1 -0
    outer loop
      vertex 24.86 -15.5 -3.4
      vertex -24.86 -15.5 -1.6
      vertex 24.86 -15.5 -1.6
    endloop
  endfacet
  facet normal 0 1 0
    outer loop
      vertex -24.86 -15.5 -1.6
      vertex 24.86 -15.5 -3.4
      vertex -24.86 -15.5 -3.4
    endloop
  endfacet
  facet normal 0.514246 -0.857643 0
    outer loop
      vertex 28.2742 -23.6458 0
      vertex 28.5267 -23.4944 3
      vertex 28.2742 -23.6458 3
    endloop
  endfacet
  facet normal 0.514246 -0.857643 0
    outer loop
      vertex 28.5267 -23.4944 3
      vertex 28.2742 -23.6458 0
      vertex 28.5267 -23.4944 0
    endloop
  endfacet
  facet normal -0.514246 0.857643 0
    outer loop
      vertex -28.2742 23.6458 0
      vertex -28.5267 23.4944 3
      vertex -28.2742 23.6458 3
    endloop
  endfacet
  facet normal -0.514246 0.857643 0
    outer loop
      vertex -28.5267 23.4944 3
      vertex -28.2742 23.6458 0
      vertex -28.5267 23.4944 0
    endloop
  endfacet
  facet normal -0.740908 0.671607 0
    outer loop
      vertex -29.179 22.9032 0
      vertex -28.9813 23.1213 3
      vertex -28.9813 23.1213 0
    endloop
  endfacet
  facet normal -0.740908 0.671607 0
    outer loop
      vertex -28.9813 23.1213 3
      vertex -29.179 22.9032 0
      vertex -29.179 22.9032 3
    endloop
  endfacet
  facet normal 0 -1 0
    outer loop
      vertex -26.86 -24 0
      vertex 26.86 -24 3
      vertex -26.86 -24 3
    endloop
  endfacet
  facet normal 0 -1 -0
    outer loop
      vertex 26.86 -24 3
      vertex -26.86 -24 0
      vertex 26.86 -24 0
    endloop
  endfacet
  facet normal 0.336939 -0.941527 0
    outer loop
      vertex 27.7308 -23.8708 0
      vertex 28.008 -23.7716 3
      vertex 27.7308 -23.8708 3
    endloop
  endfacet
  facet normal 0.336939 -0.941527 0
    outer loop
      vertex 28.008 -23.7716 3
      vertex 27.7308 -23.8708 0
      vertex 28.008 -23.7716 0
    endloop
  endfacet
  facet normal 0.336939 0.941527 -0
    outer loop
      vertex 28.008 23.7716 0
      vertex 27.7308 23.8708 3
      vertex 28.008 23.7716 3
    endloop
  endfacet
  facet normal 0.336939 0.941527 0
    outer loop
      vertex 27.7308 23.8708 3
      vertex 28.008 23.7716 0
      vertex 27.7308 23.8708 0
    endloop
  endfacet
  facet normal 0.427269 -0.904125 0
    outer loop
      vertex 28.008 -23.7716 0
      vertex 28.2742 -23.6458 3
      vertex 28.008 -23.7716 3
    endloop
  endfacet
  facet normal 0.427269 -0.904125 0
    outer loop
      vertex 28.2742 -23.6458 3
      vertex 28.008 -23.7716 0
      vertex 28.2742 -23.6458 0
    endloop
  endfacet
  facet normal -1 0 0
    outer loop
      vertex -29.86 -21 0
      vertex -29.86 21 3
      vertex -29.86 21 0
    endloop
  endfacet
  facet normal -1 -0 0
    outer loop
      vertex -29.86 21 3
      vertex -29.86 -21 0
      vertex -29.86 -21 3
    endloop
  endfacet
  facet normal -0.336939 0.941527 0
    outer loop
      vertex -27.7308 23.8708 0
      vertex -28.008 23.7716 3
      vertex -27.7308 23.8708 3
    endloop
  endfacet
  facet normal -0.336939 0.941527 0
    outer loop
      vertex -28.008 23.7716 3
      vertex -27.7308 23.8708 0
      vertex -28.008 23.7716 0
    endloop
  endfacet
  facet normal -0.671607 0.740908 0
    outer loop
      vertex -28.7632 23.319 0
      vertex -28.9813 23.1213 3
      vertex -28.7632 23.319 3
    endloop
  endfacet
  facet normal -0.671607 0.740908 0
    outer loop
      vertex -28.9813 23.1213 3
      vertex -28.7632 23.319 0
      vertex -28.9813 23.1213 0
    endloop
  endfacet
  facet normal 0.146364 -0.989231 0
    outer loop
      vertex 27.154 -23.9855 0
      vertex 27.4453 -23.9424 3
      vertex 27.154 -23.9855 3
    endloop
  endfacet
  facet normal 0.146364 -0.989231 0
    outer loop
      vertex 27.4453 -23.9424 3
      vertex 27.154 -23.9855 0
      vertex 27.4453 -23.9424 0
    endloop
  endfacet
  facet normal -0.998787 -0.0492431 0
    outer loop
      vertex -29.8455 -21.2941 0
      vertex -29.86 -21 3
      vertex -29.86 -21 0
    endloop
  endfacet
  facet normal -0.998787 -0.0492431 0
    outer loop
      vertex -29.86 -21 3
      vertex -29.8455 -21.2941 0
      vertex -29.8455 -21.2941 3
    endloop
  endfacet
  facet normal -0.803208 -0.595699 0
    outer loop
      vertex -29.179 -22.9032 0
      vertex -29.3544 -22.6667 3
      vertex -29.3544 -22.6667 0
    endloop
  endfacet
  facet normal -0.803208 -0.595699 0
    outer loop
      vertex -29.3544 -22.6667 3
      vertex -29.179 -22.9032 0
      vertex -29.179 -22.9032 3
    endloop
  endfacet
  facet normal 0.671607 0.740908 -0
    outer loop
      vertex 28.9813 23.1213 0
      vertex 28.7632 23.319 3
      vertex 28.9813 23.1213 3
    endloop
  endfacet
  facet normal 0.671607 0.740908 0
    outer loop
      vertex 28.7632 23.319 3
      vertex 28.9813 23.1213 0
      vertex 28.7632 23.319 0
    endloop
  endfacet
  facet normal -0.146364 -0.989231 0
    outer loop
      vertex -27.4453 -23.9424 0
      vertex -27.154 -23.9855 3
      vertex -27.4453 -23.9424 3
    endloop
  endfacet
  facet normal -0.146364 -0.989231 -0
    outer loop
      vertex -27.154 -23.9855 3
      vertex -27.4453 -23.9424 0
      vertex -27.154 -23.9855 0
    endloop
  endfacet
  facet normal 0.904063 0.4274 0
    outer loop
      vertex 29.6316 22.1481 3
      vertex 29.5058 22.4142 0
      vertex 29.5058 22.4142 3
    endloop
  endfacet
  facet normal 0.904063 0.4274 0
    outer loop
      vertex 29.5058 22.4142 0
      vertex 29.6316 22.1481 3
      vertex 29.6316 22.1481 0
    endloop
  endfacet
  facet normal 0.243255 -0.969962 0
    outer loop
      vertex 27.4453 -23.9424 0
      vertex 27.7308 -23.8708 3
      vertex 27.4453 -23.9424 3
    endloop
  endfacet
  facet normal 0.243255 -0.969962 0
    outer loop
      vertex 27.7308 -23.8708 3
      vertex 27.4453 -23.9424 0
      vertex 27.7308 -23.8708 0
    endloop
  endfacet
  facet normal 0.941565 -0.336831 0
    outer loop
      vertex 29.6316 -22.1481 3
      vertex 29.7308 -21.8708 0
      vertex 29.7308 -21.8708 3
    endloop
  endfacet
  facet normal 0.941565 -0.336831 0
    outer loop
      vertex 29.7308 -21.8708 0
      vertex 29.6316 -22.1481 3
      vertex 29.6316 -22.1481 0
    endloop
  endfacet
  facet normal -0.146364 0.989231 0
    outer loop
      vertex -27.154 23.9855 0
      vertex -27.4453 23.9424 3
      vertex -27.154 23.9855 3
    endloop
  endfacet
  facet normal -0.146364 0.989231 0
    outer loop
      vertex -27.4453 23.9424 3
      vertex -27.154 23.9855 0
      vertex -27.4453 23.9424 0
    endloop
  endfacet
  facet normal 0.595699 0.803208 -0
    outer loop
      vertex 28.7632 23.319 0
      vertex 28.5267 23.4944 3
      vertex 28.7632 23.319 3
    endloop
  endfacet
  facet normal 0.595699 0.803208 0
    outer loop
      vertex 28.5267 23.4944 3
      vertex 28.7632 23.319 0
      vertex 28.5267 23.4944 0
    endloop
  endfacet
  facet normal -0.970042 0.242935 0
    outer loop
      vertex -29.8023 21.5853 0
      vertex -29.7308 21.8708 3
      vertex -29.7308 21.8708 0
    endloop
  endfacet
  facet normal -0.970042 0.242935 0
    outer loop
      vertex -29.7308 21.8708 3
      vertex -29.8023 21.5853 0
      vertex -29.8023 21.5853 3
    endloop
  endfacet
  facet normal 0.970042 -0.242935 0
    outer loop
      vertex 29.7308 -21.8708 3
      vertex 29.8023 -21.5853 0
      vertex 29.8023 -21.5853 3
    endloop
  endfacet
  facet normal 0.970042 -0.242935 0
    outer loop
      vertex 29.8023 -21.5853 0
      vertex 29.7308 -21.8708 3
      vertex 29.7308 -21.8708 0
    endloop
  endfacet
  facet normal -0.803208 0.595699 0
    outer loop
      vertex -29.3544 22.6667 0
      vertex -29.179 22.9032 3
      vertex -29.179 22.9032 0
    endloop
  endfacet
  facet normal -0.803208 0.595699 0
    outer loop
      vertex -29.179 22.9032 3
      vertex -29.3544 22.6667 0
      vertex -29.3544 22.6667 3
    endloop
  endfacet
  facet normal 1 -0 0
    outer loop
      vertex 29.86 -21 3
      vertex 29.86 21 0
      vertex 29.86 21 3
    endloop
  endfacet
  facet normal 1 0 0
    outer loop
      vertex 29.86 21 0
      vertex 29.86 -21 3
      vertex 29.86 -21 0
    endloop
  endfacet
  facet normal -0.427269 0.904125 0
    outer loop
      vertex -28.008 23.7716 0
      vertex -28.2742 23.6458 3
      vertex -28.008 23.7716 3
    endloop
  endfacet
  facet normal -0.427269 0.904125 0
    outer loop
      vertex -28.2742 23.6458 3
      vertex -28.008 23.7716 0
      vertex -28.2742 23.6458 0
    endloop
  endfacet
  facet normal -0.243255 -0.969962 0
    outer loop
      vertex -27.7308 -23.8708 0
      vertex -27.4453 -23.9424 3
      vertex -27.7308 -23.8708 3
    endloop
  endfacet
  facet normal -0.243255 -0.969962 -0
    outer loop
      vertex -27.4453 -23.9424 3
      vertex -27.7308 -23.8708 0
      vertex -27.4453 -23.9424 0
    endloop
  endfacet
  facet normal -0.0492599 -0.998786 0
    outer loop
      vertex -27.154 -23.9855 0
      vertex -26.86 -24 3
      vertex -27.154 -23.9855 3
    endloop
  endfacet
  facet normal -0.0492599 -0.998786 -0
    outer loop
      vertex -26.86 -24 3
      vertex -27.154 -23.9855 0
      vertex -26.86 -24 0
    endloop
  endfacet
  facet normal 0.0492599 -0.998786 0
    outer loop
      vertex 26.86 -24 0
      vertex 27.154 -23.9855 3
      vertex 26.86 -24 3
    endloop
  endfacet
  facet normal 0.0492599 -0.998786 0
    outer loop
      vertex 27.154 -23.9855 3
      vertex 26.86 -24 0
      vertex 27.154 -23.9855 0
    endloop
  endfacet
  facet normal -0.671607 -0.740908 0
    outer loop
      vertex -28.9813 -23.1213 0
      vertex -28.7632 -23.319 3
      vertex -28.9813 -23.1213 3
    endloop
  endfacet
  facet normal -0.671607 -0.740908 -0
    outer loop
      vertex -28.7632 -23.319 3
      vertex -28.9813 -23.1213 0
      vertex -28.7632 -23.319 0
    endloop
  endfacet
  facet normal 0.998787 -0.0492431 0
    outer loop
      vertex 29.8455 -21.2941 3
      vertex 29.86 -21 0
      vertex 29.86 -21 3
    endloop
  endfacet
  facet normal 0.998787 -0.0492431 0
    outer loop
      vertex 29.86 -21 0
      vertex 29.8455 -21.2941 3
      vertex 29.8455 -21.2941 0
    endloop
  endfacet
  facet normal 0.857643 -0.514246 0
    outer loop
      vertex 29.3544 -22.6667 3
      vertex 29.5058 -22.4142 0
      vertex 29.5058 -22.4142 3
    endloop
  endfacet
  facet normal 0.857643 -0.514246 0
    outer loop
      vertex 29.5058 -22.4142 0
      vertex 29.3544 -22.6667 3
      vertex 29.3544 -22.6667 0
    endloop
  endfacet
  facet normal 0 1 -0
    outer loop
      vertex 26.86 24 0
      vertex -26.86 24 3
      vertex 26.86 24 3
    endloop
  endfacet
  facet normal 0 1 0
    outer loop
      vertex -26.86 24 3
      vertex 26.86 24 0
      vertex -26.86 24 0
    endloop
  endfacet
  facet normal 0.740908 0.671607 0
    outer loop
      vertex 29.179 22.9032 3
      vertex 28.9813 23.1213 0
      vertex 28.9813 23.1213 3
    endloop
  endfacet
  facet normal 0.740908 0.671607 0
    outer loop
      vertex 28.9813 23.1213 0
      vertex 29.179 22.9032 3
      vertex 29.179 22.9032 0
    endloop
  endfacet
  facet normal -0.595699 -0.803208 0
    outer loop
      vertex -28.7632 -23.319 0
      vertex -28.5267 -23.4944 3
      vertex -28.7632 -23.319 3
    endloop
  endfacet
  facet normal -0.595699 -0.803208 -0
    outer loop
      vertex -28.5267 -23.4944 3
      vertex -28.7632 -23.319 0
      vertex -28.5267 -23.4944 0
    endloop
  endfacet
  facet normal -0.336939 -0.941527 0
    outer loop
      vertex -28.008 -23.7716 0
      vertex -27.7308 -23.8708 3
      vertex -28.008 -23.7716 3
    endloop
  endfacet
  facet normal -0.336939 -0.941527 -0
    outer loop
      vertex -27.7308 -23.8708 3
      vertex -28.008 -23.7716 0
      vertex -27.7308 -23.8708 0
    endloop
  endfacet
  facet normal -0.989174 -0.146746 0
    outer loop
      vertex -29.8023 -21.5853 0
      vertex -29.8455 -21.2941 3
      vertex -29.8455 -21.2941 0
    endloop
  endfacet
  facet normal -0.989174 -0.146746 0
    outer loop
      vertex -29.8455 -21.2941 3
      vertex -29.8023 -21.5853 0
      vertex -29.8023 -21.5853 3
    endloop
  endfacet
  facet normal -0.0492599 0.998786 0
    outer loop
      vertex -26.86 24 0
      vertex -27.154 23.9855 3
      vertex -26.86 24 3
    endloop
  endfacet
  facet normal -0.0492599 0.998786 0
    outer loop
      vertex -27.154 23.9855 3
      vertex -26.86 24 0
      vertex -27.154 23.9855 0
    endloop
  endfacet
  facet normal 0.514246 0.857643 -0
    outer loop
      vertex 28.5267 23.4944 0
      vertex 28.2742 23.6458 3
      vertex 28.5267 23.4944 3
    endloop
  endfacet
  facet normal 0.514246 0.857643 0
    outer loop
      vertex 28.2742 23.6458 3
      vertex 28.5267 23.4944 0
      vertex 28.2742 23.6458 0
    endloop
  endfacet
  facet normal -0.857643 -0.514246 0
    outer loop
      vertex -29.3544 -22.6667 0
      vertex -29.5058 -22.4142 3
      vertex -29.5058 -22.4142 0
    endloop
  endfacet
  facet normal -0.857643 -0.514246 0
    outer loop
      vertex -29.5058 -22.4142 3
      vertex -29.3544 -22.6667 0
      vertex -29.3544 -22.6667 3
    endloop
  endfacet
  facet normal -0.243255 0.969962 0
    outer loop
      vertex -27.4453 23.9424 0
      vertex -27.7308 23.8708 3
      vertex -27.4453 23.9424 3
    endloop
  endfacet
  facet normal -0.243255 0.969962 0
    outer loop
      vertex -27.7308 23.8708 3
      vertex -27.4453 23.9424 0
      vertex -27.7308 23.8708 0
    endloop
  endfacet
  facet normal -0.427269 -0.904125 0
    outer loop
      vertex -28.2742 -23.6458 0
      vertex -28.008 -23.7716 3
      vertex -28.2742 -23.6458 3
    endloop
  endfacet
  facet normal -0.427269 -0.904125 -0
    outer loop
      vertex -28.008 -23.7716 3
      vertex -28.2742 -23.6458 0
      vertex -28.008 -23.7716 0
    endloop
  endfacet
  facet normal -0.857643 0.514246 0
    outer loop
      vertex -29.5058 22.4142 0
      vertex -29.3544 22.6667 3
      vertex -29.3544 22.6667 0
    endloop
  endfacet
  facet normal -0.857643 0.514246 0
    outer loop
      vertex -29.3544 22.6667 3
      vertex -29.5058 22.4142 0
      vertex -29.5058 22.4142 3
    endloop
  endfacet
  facet normal -0.514246 -0.857643 0
    outer loop
      vertex -28.5267 -23.4944 0
      vertex -28.2742 -23.6458 3
      vertex -28.5267 -23.4944 3
    endloop
  endfacet
  facet normal -0.514246 -0.857643 -0
    outer loop
      vertex -28.2742 -23.6458 3
      vertex -28.5267 -23.4944 0
      vertex -28.2742 -23.6458 0
    endloop
  endfacet
  facet normal -0.595699 0.803208 0
    outer loop
      vertex -28.5267 23.4944 0
      vertex -28.7632 23.319 3
      vertex -28.5267 23.4944 3
    endloop
  endfacet
  facet normal -0.595699 0.803208 0
    outer loop
      vertex -28.7632 23.319 3
      vertex -28.5267 23.4944 0
      vertex -28.7632 23.319 0
    endloop
  endfacet
  facet normal -0.904063 -0.4274 0
    outer loop
      vertex -29.5058 -22.4142 0
      vertex -29.6316 -22.1481 3
      vertex -29.6316 -22.1481 0
    endloop
  endfacet
  facet normal -0.904063 -0.4274 0
    outer loop
      vertex -29.6316 -22.1481 3
      vertex -29.5058 -22.4142 0
      vertex -29.5058 -22.4142 3
    endloop
  endfacet
  facet normal -0.989174 0.146746 0
    outer loop
      vertex -29.8455 21.2941 0
      vertex -29.8023 21.5853 3
      vertex -29.8023 21.5853 0
    endloop
  endfacet
  facet normal -0.989174 0.146746 0
    outer loop
      vertex -29.8023 21.5853 3
      vertex -29.8455 21.2941 0
      vertex -29.8455 21.2941 3
    endloop
  endfacet
  facet normal 0.427269 0.904125 -0
    outer loop
      vertex 28.2742 23.6458 0
      vertex 28.008 23.7716 3
      vertex 28.2742 23.6458 3
    endloop
  endfacet
  facet normal 0.427269 0.904125 0
    outer loop
      vertex 28.008 23.7716 3
      vertex 28.2742 23.6458 0
      vertex 28.008 23.7716 0
    endloop
  endfacet
  facet normal -0.941565 0.336831 0
    outer loop
      vertex -29.7308 21.8708 0
      vertex -29.6316 22.1481 3
      vertex -29.6316 22.1481 0
    endloop
  endfacet
  facet normal -0.941565 0.336831 0
    outer loop
      vertex -29.6316 22.1481 3
      vertex -29.7308 21.8708 0
      vertex -29.7308 21.8708 3
    endloop
  endfacet
  facet normal 0.803208 -0.595699 0
    outer loop
      vertex 29.179 -22.9032 3
      vertex 29.3544 -22.6667 0
      vertex 29.3544 -22.6667 3
    endloop
  endfacet
  facet normal 0.803208 -0.595699 0
    outer loop
      vertex 29.3544 -22.6667 0
      vertex 29.179 -22.9032 3
      vertex 29.179 -22.9032 0
    endloop
  endfacet
  facet normal 0.243255 0.969962 -0
    outer loop
      vertex 27.7308 23.8708 0
      vertex 27.4453 23.9424 3
      vertex 27.7308 23.8708 3
    endloop
  endfacet
  facet normal 0.243255 0.969962 0
    outer loop
      vertex 27.4453 23.9424 3
      vertex 27.7308 23.8708 0
      vertex 27.4453 23.9424 0
    endloop
  endfacet
  facet normal -0.970042 -0.242935 0
    outer loop
      vertex -29.7308 -21.8708 0
      vertex -29.8023 -21.5853 3
      vertex -29.8023 -21.5853 0
    endloop
  endfacet
  facet normal -0.970042 -0.242935 0
    outer loop
      vertex -29.8023 -21.5853 3
      vertex -29.7308 -21.8708 0
      vertex -29.7308 -21.8708 3
    endloop
  endfacet
  facet normal -0.941565 -0.336831 0
    outer loop
      vertex -29.6316 -22.1481 0
      vertex -29.7308 -21.8708 3
      vertex -29.7308 -21.8708 0
    endloop
  endfacet
  facet normal -0.941565 -0.336831 0
    outer loop
      vertex -29.7308 -21.8708 3
      vertex -29.6316 -22.1481 0
      vertex -29.6316 -22.1481 3
    endloop
  endfacet
  facet normal 0.941565 0.336831 0
    outer loop
      vertex 29.7308 21.8708 3
      vertex 29.6316 22.1481 0
      vertex 29.6316 22.1481 3
    endloop
  endfacet
  facet normal 0.941565 0.336831 0
    outer loop
      vertex 29.6316 22.1481 0
      vertex 29.7308 21.8708 3
      vertex 29.7308 21.8708 0
    endloop
  endfacet
  facet normal 0.740908 -0.671607 0
    outer loop
      vertex 28.9813 -23.1213 3
      vertex 29.179 -22.9032 0
      vertex 29.179 -22.9032 3
    endloop
  endfacet
  facet normal 0.740908 -0.671607 0
    outer loop
      vertex 29.179 -22.9032 0
      vertex 28.9813 -23.1213 3
      vertex 28.9813 -23.1213 0
    endloop
  endfacet
  facet normal -0.740908 -0.671607 0
    outer loop
      vertex -28.9813 -23.1213 0
      vertex -29.179 -22.9032 3
      vertex -29.179 -22.9032 0
    endloop
  endfacet
  facet normal -0.740908 -0.671607 0
    outer loop
      vertex -29.179 -22.9032 3
      vertex -28.9813 -23.1213 0
      vertex -28.9813 -23.1213 3
    endloop
  endfacet
  facet normal 0.857643 0.514246 0
    outer loop
      vertex 29.5058 22.4142 3
      vertex 29.3544 22.6667 0
      vertex 29.3544 22.6667 3
    endloop
  endfacet
  facet normal 0.857643 0.514246 0
    outer loop
      vertex 29.3544 22.6667 0
      vertex 29.5058 22.4142 3
      vertex 29.5058 22.4142 0
    endloop
  endfacet
  facet normal 0.595699 -0.803208 0
    outer loop
      vertex 28.5267 -23.4944 0
      vertex 28.7632 -23.319 3
      vertex 28.5267 -23.4944 3
    endloop
  endfacet
  facet normal 0.595699 -0.803208 0
    outer loop
      vertex 28.7632 -23.319 3
      vertex 28.5267 -23.4944 0
      vertex 28.7632 -23.319 0
    endloop
  endfacet
  facet normal 0.904063 -0.4274 0
    outer loop
      vertex 29.5058 -22.4142 3
      vertex 29.6316 -22.1481 0
      vertex 29.6316 -22.1481 3
    endloop
  endfacet
  facet normal 0.904063 -0.4274 0
    outer loop
      vertex 29.6316 -22.1481 0
      vertex 29.5058 -22.4142 3
      vertex 29.5058 -22.4142 0
    endloop
  endfacet
  facet normal 0.671607 -0.740908 0
    outer loop
      vertex 28.7632 -23.319 0
      vertex 28.9813 -23.1213 3
      vertex 28.7632 -23.319 3
    endloop
  endfacet
  facet normal 0.671607 -0.740908 0
    outer loop
      vertex 28.9813 -23.1213 3
      vertex 28.7632 -23.319 0
      vertex 28.9813 -23.1213 0
    endloop
  endfacet
  facet normal 0.998787 0.0492431 0
    outer loop
      vertex 29.86 21 3
      vertex 29.8455 21.2941 0
      vertex 29.8455 21.2941 3
    endloop
  endfacet
  facet normal 0.998787 0.0492431 0
    outer loop
      vertex 29.8455 21.2941 0
      vertex 29.86 21 3
      vertex 29.86 21 0
    endloop
  endfacet
  facet normal 0.970042 0.242935 0
    outer loop
      vertex 29.8023 21.5853 3
      vertex 29.7308 21.8708 0
      vertex 29.7308 21.8708 3
    endloop
  endfacet
  facet normal 0.970042 0.242935 0
    outer loop
      vertex 29.7308 21.8708 0
      vertex 29.8023 21.5853 3
      vertex 29.8023 21.5853 0
    endloop
  endfacet
  facet normal 0.989174 -0.146746 0
    outer loop
      vertex 29.8023 -21.5853 3
      vertex 29.8455 -21.2941 0
      vertex 29.8455 -21.2941 3
    endloop
  endfacet
  facet normal 0.989174 -0.146746 0
    outer loop
      vertex 29.8455 -21.2941 0
      vertex 29.8023 -21.5853 3
      vertex 29.8023 -21.5853 0
    endloop
  endfacet
  facet normal -0.904063 0.4274 0
    outer loop
      vertex -29.6316 22.1481 0
      vertex -29.5058 22.4142 3
      vertex -29.5058 22.4142 0
    endloop
  endfacet
  facet normal -0.904063 0.4274 0
    outer loop
      vertex -29.5058 22.4142 3
      vertex -29.6316 22.1481 0
      vertex -29.6316 22.1481 3
    endloop
  endfacet
  facet normal 0.0492599 0.998786 -0
    outer loop
      vertex 27.154 23.9855 0
      vertex 26.86 24 3
      vertex 27.154 23.9855 3
    endloop
  endfacet
  facet normal 0.0492599 0.998786 0
    outer loop
      vertex 26.86 24 3
      vertex 27.154 23.9855 0
      vertex 26.86 24 0
    endloop
  endfacet
  facet normal 0.146364 0.989231 -0
    outer loop
      vertex 27.4453 23.9424 0
      vertex 27.154 23.9855 3
      vertex 27.4453 23.9424 3
    endloop
  endfacet
  facet normal 0.146364 0.989231 0
    outer loop
      vertex 27.154 23.9855 3
      vertex 27.4453 23.9424 0
      vertex 27.154 23.9855 0
    endloop
  endfacet
  facet normal 0.989174 0.146746 0
    outer loop
      vertex 29.8455 21.2941 3
      vertex 29.8023 21.5853 0
      vertex 29.8023 21.5853 3
    endloop
  endfacet
  facet normal 0.989174 0.146746 0
    outer loop
      vertex 29.8023 21.5853 0
      vertex 29.8455 21.2941 3
      vertex 29.8455 21.2941 0
    endloop
  endfacet
  facet normal 0.803208 0.595699 0
    outer loop
      vertex 29.3544 22.6667 3
      vertex 29.179 22.9032 0
      vertex 29.179 22.9032 3
    endloop
  endfacet
  facet normal 0.803208 0.595699 0
    outer loop
      vertex 29.179 22.9032 0
      vertex 29.3544 22.6667 3
      vertex 29.3544 22.6667 0
    endloop
  endfacet
  facet normal -0.998787 0.0492431 0
    outer loop
      vertex -29.86 21 0
      vertex -29.8455 21.2941 3
      vertex -29.8455 21.2941 0
    endloop
  endfacet
  facet normal -0.998787 0.0492431 0
    outer loop
      vertex -29.8455 21.2941 3
      vertex -29.86 21 0
      vertex -29.86 21 3
    endloop
  endfacet
  facet normal -0.989205 -0.146542 0
    outer loop
      vertex -21.8151 -8.78708 0
      vertex -21.8302 -8.68515 7
      vertex -21.8302 -8.68515 0
    endloop
  endfacet
  facet normal -0.989205 -0.146542 0
    outer loop
      vertex -21.8302 -8.68515 7
      vertex -21.8151 -8.78708 0
      vertex -21.8151 -8.78708 7
    endloop
  endfacet
  facet normal -0.998775 -0.0494923 0
    outer loop
      vertex -21.81 -8.89 0
      vertex -21.8151 -8.78708 7
      vertex -21.8151 -8.78708 0
    endloop
  endfacet
  facet normal -0.998775 -0.0494923 0
    outer loop
      vertex -21.8151 -8.78708 7
      vertex -21.81 -8.89 0
      vertex -21.81 -8.89 7
    endloop
  endfacet
  facet normal -0.970114 -0.24265 0
    outer loop
      vertex -21.8302 -8.68515 0
      vertex -21.8552 -8.5852 7
      vertex -21.8552 -8.5852 0
    endloop
  endfacet
  facet normal -0.970114 -0.24265 0
    outer loop
      vertex -21.8552 -8.5852 7
      vertex -21.8302 -8.68515 0
      vertex -21.8302 -8.68515 7
    endloop
  endfacet
  facet normal -0.595984 0.802996 0
    outer loop
      vertex -22.1939 -9.70166 0
      vertex -22.2766 -9.76304 7
      vertex -22.1939 -9.70166 7
    endloop
  endfacet
  facet normal -0.595984 0.802996 0
    outer loop
      vertex -22.2766 -9.76304 7
      vertex -22.1939 -9.70166 0
      vertex -22.2766 -9.76304 0
    endloop
  endfacet
  facet normal 0.97012 0.242627 0
    outer loop
      vertex -23.8648 -9.1948 7
      vertex -23.8898 -9.09484 0
      vertex -23.8898 -9.09484 7
    endloop
  endfacet
  facet normal 0.97012 0.242627 0
    outer loop
      vertex -23.8898 -9.09484 0
      vertex -23.8648 -9.1948 7
      vertex -23.8648 -9.1948 0
    endloop
  endfacet
  facet normal -0.67132 -0.741168 0
    outer loop
      vertex -22.1939 -8.07834 0
      vertex -22.1175 -8.14754 7
      vertex -22.1939 -8.07834 7
    endloop
  endfacet
  facet normal -0.67132 -0.741168 -0
    outer loop
      vertex -22.1175 -8.14754 7
      vertex -22.1939 -8.07834 0
      vertex -22.1175 -8.14754 0
    endloop
  endfacet
  facet normal -0.740949 -0.671561 0
    outer loop
      vertex -22.0483 -8.22389 0
      vertex -22.1175 -8.14754 7
      vertex -22.1175 -8.14754 0
    endloop
  endfacet
  facet normal -0.740949 -0.671561 0
    outer loop
      vertex -22.1175 -8.14754 7
      vertex -22.0483 -8.22389 0
      vertex -22.0483 -8.22389 7
    endloop
  endfacet
  facet normal -0.857613 -0.514296 0
    outer loop
      vertex -21.934 -8.39503 0
      vertex -21.987 -8.30665 7
      vertex -21.987 -8.30665 0
    endloop
  endfacet
  facet normal -0.857613 -0.514296 0
    outer loop
      vertex -21.987 -8.30665 7
      vertex -21.934 -8.39503 0
      vertex -21.934 -8.39503 7
    endloop
  endfacet
  facet normal 0.67132 -0.741168 0
    outer loop
      vertex -23.6025 -8.14754 0
      vertex -23.5261 -8.07834 7
      vertex -23.6025 -8.14754 7
    endloop
  endfacet
  facet normal 0.67132 -0.741168 0
    outer loop
      vertex -23.5261 -8.07834 7
      vertex -23.6025 -8.14754 0
      vertex -23.5261 -8.07834 0
    endloop
  endfacet
  facet normal -0.514068 -0.85775 0
    outer loop
      vertex -22.365 -7.96398 0
      vertex -22.2766 -8.01696 7
      vertex -22.365 -7.96398 7
    endloop
  endfacet
  facet normal -0.514068 -0.85775 -0
    outer loop
      vertex -22.2766 -8.01696 7
      vertex -22.365 -7.96398 0
      vertex -22.2766 -8.01696 0
    endloop
  endfacet
  facet normal -0.337 0.941505 0
    outer loop
      vertex -22.4582 -9.86007 0
      vertex -22.5552 -9.89479 7
      vertex -22.4582 -9.86007 7
    endloop
  endfacet
  facet normal -0.337 0.941505 0
    outer loop
      vertex -22.5552 -9.89479 7
      vertex -22.4582 -9.86007 0
      vertex -22.5552 -9.89479 0
    endloop
  endfacet
  facet normal -0.803574 -0.595204 0
    outer loop
      vertex -21.987 -8.30665 0
      vertex -22.0483 -8.22389 7
      vertex -22.0483 -8.22389 0
    endloop
  endfacet
  facet normal -0.803574 -0.595204 0
    outer loop
      vertex -22.0483 -8.22389 7
      vertex -21.987 -8.30665 0
      vertex -21.987 -8.30665 7
    endloop
  endfacet
  facet normal -0.989202 0.146556 0
    outer loop
      vertex -21.8302 -9.09484 0
      vertex -21.8151 -8.99292 7
      vertex -21.8151 -8.99292 0
    endloop
  endfacet
  facet normal -0.989202 0.146556 0
    outer loop
      vertex -21.8151 -8.99292 7
      vertex -21.8302 -9.09484 0
      vertex -21.8302 -9.09484 7
    endloop
  endfacet
  facet normal 0.989202 0.146556 0
    outer loop
      vertex -23.8898 -9.09484 7
      vertex -23.9049 -8.99292 0
      vertex -23.9049 -8.99292 7
    endloop
  endfacet
  facet normal 0.989202 0.146556 0
    outer loop
      vertex -23.9049 -8.99292 0
      vertex -23.8898 -9.09484 7
      vertex -23.8898 -9.09484 0
    endloop
  endfacet
  facet normal -0.903827 0.427899 0
    outer loop
      vertex -21.934 -9.38497 0
      vertex -21.8899 -9.29182 7
      vertex -21.8899 -9.29182 0
    endloop
  endfacet
  facet normal -0.903827 0.427899 0
    outer loop
      vertex -21.8899 -9.29182 7
      vertex -21.934 -9.38497 0
      vertex -21.934 -9.38497 7
    endloop
  endfacet
  facet normal -0.998775 0.0494923 0
    outer loop
      vertex -21.8151 -8.99292 0
      vertex -21.81 -8.89 7
      vertex -21.81 -8.89 0
    endloop
  endfacet
  facet normal -0.998775 0.0494923 0
    outer loop
      vertex -21.81 -8.89 7
      vertex -21.8151 -8.99292 0
      vertex -21.8151 -8.99292 7
    endloop
  endfacet
  facet normal 0.998775 0.0494923 0
    outer loop
      vertex -23.9049 -8.99292 7
      vertex -23.91 -8.89 0
      vertex -23.91 -8.89 7
    endloop
  endfacet
  facet normal 0.998775 0.0494923 0
    outer loop
      vertex -23.91 -8.89 0
      vertex -23.9049 -8.99292 7
      vertex -23.9049 -8.99292 0
    endloop
  endfacet
  facet normal -0.0491146 0.998793 0
    outer loop
      vertex -22.7571 -9.93494 0
      vertex -22.86 -9.94 7
      vertex -22.7571 -9.93494 7
    endloop
  endfacet
  facet normal -0.0491146 0.998793 0
    outer loop
      vertex -22.86 -9.94 7
      vertex -22.7571 -9.93494 0
      vertex -22.86 -9.94 0
    endloop
  endfacet
  facet normal 0.337 -0.941505 0
    outer loop
      vertex -23.2618 -7.91993 0
      vertex -23.1648 -7.88521 7
      vertex -23.2618 -7.91993 7
    endloop
  endfacet
  facet normal 0.337 -0.941505 0
    outer loop
      vertex -23.1648 -7.88521 7
      vertex -23.2618 -7.91993 0
      vertex -23.1648 -7.88521 0
    endloop
  endfacet
  facet normal -0.903827 -0.427899 0
    outer loop
      vertex -21.8899 -8.48818 0
      vertex -21.934 -8.39503 7
      vertex -21.934 -8.39503 0
    endloop
  endfacet
  facet normal -0.903827 -0.427899 0
    outer loop
      vertex -21.934 -8.39503 7
      vertex -21.8899 -8.48818 0
      vertex -21.8899 -8.48818 7
    endloop
  endfacet
  facet normal -0.97012 0.242627 0
    outer loop
      vertex -21.8552 -9.1948 0
      vertex -21.8302 -9.09484 7
      vertex -21.8302 -9.09484 0
    endloop
  endfacet
  facet normal -0.97012 0.242627 0
    outer loop
      vertex -21.8302 -9.09484 7
      vertex -21.8552 -9.1948 0
      vertex -21.8552 -9.1948 7
    endloop
  endfacet
  facet normal 0.0491146 0.998793 -0
    outer loop
      vertex -22.86 -9.94 0
      vertex -22.9629 -9.93494 7
      vertex -22.86 -9.94 7
    endloop
  endfacet
  facet normal 0.0491146 0.998793 0
    outer loop
      vertex -22.9629 -9.93494 7
      vertex -22.86 -9.94 0
      vertex -22.9629 -9.93494 0
    endloop
  endfacet
  facet normal 0.903827 0.427899 0
    outer loop
      vertex -23.786 -9.38497 7
      vertex -23.8301 -9.29182 0
      vertex -23.8301 -9.29182 7
    endloop
  endfacet
  facet normal 0.903827 0.427899 0
    outer loop
      vertex -23.8301 -9.29182 0
      vertex -23.786 -9.38497 7
      vertex -23.786 -9.38497 0
    endloop
  endfacet
  facet normal -0.146774 -0.98917 0
    outer loop
      vertex -22.7571 -7.84506 0
      vertex -22.6552 -7.86018 7
      vertex -22.7571 -7.84506 7
    endloop
  endfacet
  facet normal -0.146774 -0.98917 -0
    outer loop
      vertex -22.6552 -7.86018 7
      vertex -22.7571 -7.84506 0
      vertex -22.6552 -7.86018 0
    endloop
  endfacet
  facet normal 0.24281 -0.970074 0
    outer loop
      vertex -23.1648 -7.88521 0
      vertex -23.0648 -7.86018 7
      vertex -23.1648 -7.88521 7
    endloop
  endfacet
  facet normal 0.24281 -0.970074 0
    outer loop
      vertex -23.0648 -7.86018 7
      vertex -23.1648 -7.88521 0
      vertex -23.0648 -7.86018 0
    endloop
  endfacet
  facet normal -0.146774 0.98917 0
    outer loop
      vertex -22.6552 -9.91982 0
      vertex -22.7571 -9.93494 7
      vertex -22.6552 -9.91982 7
    endloop
  endfacet
  facet normal -0.146774 0.98917 0
    outer loop
      vertex -22.7571 -9.93494 7
      vertex -22.6552 -9.91982 0
      vertex -22.7571 -9.93494 0
    endloop
  endfacet
  facet normal 0.59552 -0.803341 0
    outer loop
      vertex -23.5261 -8.07834 0
      vertex -23.4433 -8.01696 7
      vertex -23.5261 -8.07834 7
    endloop
  endfacet
  facet normal 0.59552 -0.803341 0
    outer loop
      vertex -23.4433 -8.01696 7
      vertex -23.5261 -8.07834 0
      vertex -23.4433 -8.01696 0
    endloop
  endfacet
  facet normal -0.740949 0.671561 0
    outer loop
      vertex -22.1175 -9.63246 0
      vertex -22.0483 -9.55611 7
      vertex -22.0483 -9.55611 0
    endloop
  endfacet
  facet normal -0.740949 0.671561 0
    outer loop
      vertex -22.0483 -9.55611 7
      vertex -22.1175 -9.63246 0
      vertex -22.1175 -9.63246 7
    endloop
  endfacet
  facet normal 0.941588 0.336767 0
    outer loop
      vertex -23.8301 -9.29182 7
      vertex -23.8648 -9.1948 0
      vertex -23.8648 -9.1948 7
    endloop
  endfacet
  facet normal 0.941588 0.336767 0
    outer loop
      vertex -23.8648 -9.1948 0
      vertex -23.8301 -9.29182 7
      vertex -23.8301 -9.29182 0
    endloop
  endfacet
  facet normal 0.857613 -0.514296 0
    outer loop
      vertex -23.786 -8.39503 7
      vertex -23.733 -8.30665 0
      vertex -23.733 -8.30665 7
    endloop
  endfacet
  facet normal 0.857613 -0.514296 0
    outer loop
      vertex -23.733 -8.30665 0
      vertex -23.786 -8.39503 7
      vertex -23.786 -8.39503 0
    endloop
  endfacet
  facet normal -0.514068 0.85775 0
    outer loop
      vertex -22.2766 -9.76304 0
      vertex -22.365 -9.81602 7
      vertex -22.2766 -9.76304 7
    endloop
  endfacet
  facet normal -0.514068 0.85775 0
    outer loop
      vertex -22.365 -9.81602 7
      vertex -22.2766 -9.76304 0
      vertex -22.365 -9.81602 0
    endloop
  endfacet
  facet normal 0.514496 -0.857493 0
    outer loop
      vertex -23.4433 -8.01696 0
      vertex -23.355 -7.96398 7
      vertex -23.4433 -8.01696 7
    endloop
  endfacet
  facet normal 0.514496 -0.857493 0
    outer loop
      vertex -23.355 -7.96398 7
      vertex -23.4433 -8.01696 0
      vertex -23.355 -7.96398 0
    endloop
  endfacet
  facet normal -0.427315 0.904103 0
    outer loop
      vertex -22.365 -9.81602 0
      vertex -22.4582 -9.86007 7
      vertex -22.365 -9.81602 7
    endloop
  endfacet
  facet normal -0.427315 0.904103 0
    outer loop
      vertex -22.4582 -9.86007 7
      vertex -22.365 -9.81602 0
      vertex -22.4582 -9.86007 0
    endloop
  endfacet
  facet normal 0.514496 0.857493 -0
    outer loop
      vertex -23.355 -9.81602 0
      vertex -23.4433 -9.76304 7
      vertex -23.355 -9.81602 7
    endloop
  endfacet
  facet normal 0.514496 0.857493 0
    outer loop
      vertex -23.4433 -9.76304 7
      vertex -23.355 -9.81602 0
      vertex -23.4433 -9.76304 0
    endloop
  endfacet
  facet normal 0.941588 -0.336767 0
    outer loop
      vertex -23.8648 -8.5852 7
      vertex -23.8301 -8.48818 0
      vertex -23.8301 -8.48818 7
    endloop
  endfacet
  facet normal 0.941588 -0.336767 0
    outer loop
      vertex -23.8301 -8.48818 0
      vertex -23.8648 -8.5852 7
      vertex -23.8648 -8.5852 0
    endloop
  endfacet
  facet normal -0.24281 -0.970074 0
    outer loop
      vertex -22.6552 -7.86018 0
      vertex -22.5552 -7.88521 7
      vertex -22.6552 -7.86018 7
    endloop
  endfacet
  facet normal -0.24281 -0.970074 -0
    outer loop
      vertex -22.5552 -7.88521 7
      vertex -22.6552 -7.86018 0
      vertex -22.5552 -7.88521 0
    endloop
  endfacet
  facet normal 0.59552 0.803341 -0
    outer loop
      vertex -23.4433 -9.76304 0
      vertex -23.5261 -9.70166 7
      vertex -23.4433 -9.76304 7
    endloop
  endfacet
  facet normal 0.59552 0.803341 0
    outer loop
      vertex -23.5261 -9.70166 7
      vertex -23.4433 -9.76304 0
      vertex -23.5261 -9.70166 0
    endloop
  endfacet
  facet normal 0.427315 -0.904103 0
    outer loop
      vertex -23.355 -7.96398 0
      vertex -23.2618 -7.91993 7
      vertex -23.355 -7.96398 7
    endloop
  endfacet
  facet normal 0.427315 -0.904103 0
    outer loop
      vertex -23.2618 -7.91993 7
      vertex -23.355 -7.96398 0
      vertex -23.2618 -7.91993 0
    endloop
  endfacet
  facet normal -0.427315 -0.904103 0
    outer loop
      vertex -22.4582 -7.91993 0
      vertex -22.365 -7.96398 7
      vertex -22.4582 -7.91993 7
    endloop
  endfacet
  facet normal -0.427315 -0.904103 -0
    outer loop
      vertex -22.365 -7.96398 7
      vertex -22.4582 -7.91993 0
      vertex -22.365 -7.96398 0
    endloop
  endfacet
  facet normal 0.803574 -0.595204 0
    outer loop
      vertex -23.733 -8.30665 7
      vertex -23.6717 -8.22389 0
      vertex -23.6717 -8.22389 7
    endloop
  endfacet
  facet normal 0.803574 -0.595204 0
    outer loop
      vertex -23.6717 -8.22389 0
      vertex -23.733 -8.30665 7
      vertex -23.733 -8.30665 0
    endloop
  endfacet
  facet normal -0.857613 0.514296 0
    outer loop
      vertex -21.987 -9.47335 0
      vertex -21.934 -9.38497 7
      vertex -21.934 -9.38497 0
    endloop
  endfacet
  facet normal -0.857613 0.514296 0
    outer loop
      vertex -21.934 -9.38497 7
      vertex -21.987 -9.47335 0
      vertex -21.987 -9.47335 7
    endloop
  endfacet
  facet normal -0.803574 0.595204 0
    outer loop
      vertex -22.0483 -9.55611 0
      vertex -21.987 -9.47335 7
      vertex -21.987 -9.47335 0
    endloop
  endfacet
  facet normal -0.803574 0.595204 0
    outer loop
      vertex -21.987 -9.47335 7
      vertex -22.0483 -9.55611 0
      vertex -22.0483 -9.55611 7
    endloop
  endfacet
  facet normal 0.427315 0.904103 -0
    outer loop
      vertex -23.2618 -9.86007 0
      vertex -23.355 -9.81602 7
      vertex -23.2618 -9.86007 7
    endloop
  endfacet
  facet normal 0.427315 0.904103 0
    outer loop
      vertex -23.355 -9.81602 7
      vertex -23.2618 -9.86007 0
      vertex -23.355 -9.81602 0
    endloop
  endfacet
  facet normal -0.941588 -0.336767 0
    outer loop
      vertex -21.8552 -8.5852 0
      vertex -21.8899 -8.48818 7
      vertex -21.8899 -8.48818 0
    endloop
  endfacet
  facet normal -0.941588 -0.336767 0
    outer loop
      vertex -21.8899 -8.48818 7
      vertex -21.8552 -8.5852 0
      vertex -21.8552 -8.5852 7
    endloop
  endfacet
  facet normal -0.595984 -0.802996 0
    outer loop
      vertex -22.2766 -8.01696 0
      vertex -22.1939 -8.07834 7
      vertex -22.2766 -8.01696 7
    endloop
  endfacet
  facet normal -0.595984 -0.802996 -0
    outer loop
      vertex -22.1939 -8.07834 7
      vertex -22.2766 -8.01696 0
      vertex -22.1939 -8.07834 0
    endloop
  endfacet
  facet normal 0.803574 0.595204 0
    outer loop
      vertex -23.6717 -9.55611 7
      vertex -23.733 -9.47335 0
      vertex -23.733 -9.47335 7
    endloop
  endfacet
  facet normal 0.803574 0.595204 0
    outer loop
      vertex -23.733 -9.47335 0
      vertex -23.6717 -9.55611 7
      vertex -23.6717 -9.55611 0
    endloop
  endfacet
  facet normal 0.970114 -0.24265 0
    outer loop
      vertex -23.8898 -8.68515 7
      vertex -23.8648 -8.5852 0
      vertex -23.8648 -8.5852 7
    endloop
  endfacet
  facet normal 0.970114 -0.24265 0
    outer loop
      vertex -23.8648 -8.5852 0
      vertex -23.8898 -8.68515 7
      vertex -23.8898 -8.68515 0
    endloop
  endfacet
  facet normal -0.941588 0.336767 0
    outer loop
      vertex -21.8899 -9.29182 0
      vertex -21.8552 -9.1948 7
      vertex -21.8552 -9.1948 0
    endloop
  endfacet
  facet normal -0.941588 0.336767 0
    outer loop
      vertex -21.8552 -9.1948 7
      vertex -21.8899 -9.29182 0
      vertex -21.8899 -9.29182 7
    endloop
  endfacet
  facet normal 0.0491146 -0.998793 0
    outer loop
      vertex -22.9629 -7.84506 0
      vertex -22.86 -7.84 7
      vertex -22.9629 -7.84506 7
    endloop
  endfacet
  facet normal 0.0491146 -0.998793 0
    outer loop
      vertex -22.86 -7.84 7
      vertex -22.9629 -7.84506 0
      vertex -22.86 -7.84 0
    endloop
  endfacet
  facet normal 0.146774 0.98917 -0
    outer loop
      vertex -22.9629 -9.93494 0
      vertex -23.0648 -9.91982 7
      vertex -22.9629 -9.93494 7
    endloop
  endfacet
  facet normal 0.146774 0.98917 0
    outer loop
      vertex -23.0648 -9.91982 7
      vertex -22.9629 -9.93494 0
      vertex -23.0648 -9.91982 0
    endloop
  endfacet
  facet normal -0.337 -0.941505 0
    outer loop
      vertex -22.5552 -7.88521 0
      vertex -22.4582 -7.91993 7
      vertex -22.5552 -7.88521 7
    endloop
  endfacet
  facet normal -0.337 -0.941505 -0
    outer loop
      vertex -22.4582 -7.91993 7
      vertex -22.5552 -7.88521 0
      vertex -22.4582 -7.91993 0
    endloop
  endfacet
  facet normal 0.989205 -0.146542 0
    outer loop
      vertex -23.9049 -8.78708 7
      vertex -23.8898 -8.68515 0
      vertex -23.8898 -8.68515 7
    endloop
  endfacet
  facet normal 0.989205 -0.146542 0
    outer loop
      vertex -23.8898 -8.68515 0
      vertex -23.9049 -8.78708 7
      vertex -23.9049 -8.78708 0
    endloop
  endfacet
  facet normal 0.998775 -0.0494923 0
    outer loop
      vertex -23.91 -8.89 7
      vertex -23.9049 -8.78708 0
      vertex -23.9049 -8.78708 7
    endloop
  endfacet
  facet normal 0.998775 -0.0494923 0
    outer loop
      vertex -23.9049 -8.78708 0
      vertex -23.91 -8.89 7
      vertex -23.91 -8.89 0
    endloop
  endfacet
  facet normal 0.146774 -0.98917 0
    outer loop
      vertex -23.0648 -7.86018 0
      vertex -22.9629 -7.84506 7
      vertex -23.0648 -7.86018 7
    endloop
  endfacet
  facet normal 0.146774 -0.98917 0
    outer loop
      vertex -22.9629 -7.84506 7
      vertex -23.0648 -7.86018 0
      vertex -22.9629 -7.84506 0
    endloop
  endfacet
  facet normal 0.903827 -0.427899 0
    outer loop
      vertex -23.8301 -8.48818 7
      vertex -23.786 -8.39503 0
      vertex -23.786 -8.39503 7
    endloop
  endfacet
  facet normal 0.903827 -0.427899 0
    outer loop
      vertex -23.786 -8.39503 0
      vertex -23.8301 -8.48818 7
      vertex -23.8301 -8.48818 0
    endloop
  endfacet
  facet normal -0.24281 0.970074 0
    outer loop
      vertex -22.5552 -9.89479 0
      vertex -22.6552 -9.91982 7
      vertex -22.5552 -9.89479 7
    endloop
  endfacet
  facet normal -0.24281 0.970074 0
    outer loop
      vertex -22.6552 -9.91982 7
      vertex -22.5552 -9.89479 0
      vertex -22.6552 -9.91982 0
    endloop
  endfacet
  facet normal 0.740949 0.671561 0
    outer loop
      vertex -23.6025 -9.63246 7
      vertex -23.6717 -9.55611 0
      vertex -23.6717 -9.55611 7
    endloop
  endfacet
  facet normal 0.740949 0.671561 0
    outer loop
      vertex -23.6717 -9.55611 0
      vertex -23.6025 -9.63246 7
      vertex -23.6025 -9.63246 0
    endloop
  endfacet
  facet normal 0.337 0.941505 -0
    outer loop
      vertex -23.1648 -9.89479 0
      vertex -23.2618 -9.86007 7
      vertex -23.1648 -9.89479 7
    endloop
  endfacet
  facet normal 0.337 0.941505 0
    outer loop
      vertex -23.2618 -9.86007 7
      vertex -23.1648 -9.89479 0
      vertex -23.2618 -9.86007 0
    endloop
  endfacet
  facet normal -0.0491146 -0.998793 0
    outer loop
      vertex -22.86 -7.84 0
      vertex -22.7571 -7.84506 7
      vertex -22.86 -7.84 7
    endloop
  endfacet
  facet normal -0.0491146 -0.998793 -0
    outer loop
      vertex -22.7571 -7.84506 7
      vertex -22.86 -7.84 0
      vertex -22.7571 -7.84506 0
    endloop
  endfacet
  facet normal 0.67132 0.741168 -0
    outer loop
      vertex -23.5261 -9.70166 0
      vertex -23.6025 -9.63246 7
      vertex -23.5261 -9.70166 7
    endloop
  endfacet
  facet normal 0.67132 0.741168 0
    outer loop
      vertex -23.6025 -9.63246 7
      vertex -23.5261 -9.70166 0
      vertex -23.6025 -9.63246 0
    endloop
  endfacet
  facet normal 0.740949 -0.671561 0
    outer loop
      vertex -23.6717 -8.22389 7
      vertex -23.6025 -8.14754 0
      vertex -23.6025 -8.14754 7
    endloop
  endfacet
  facet normal 0.740949 -0.671561 0
    outer loop
      vertex -23.6025 -8.14754 0
      vertex -23.6717 -8.22389 7
      vertex -23.6717 -8.22389 0
    endloop
  endfacet
  facet normal 0.24281 0.970074 -0
    outer loop
      vertex -23.0648 -9.91982 0
      vertex -23.1648 -9.89479 7
      vertex -23.0648 -9.91982 7
    endloop
  endfacet
  facet normal 0.24281 0.970074 0
    outer loop
      vertex -23.1648 -9.89479 7
      vertex -23.0648 -9.91982 0
      vertex -23.1648 -9.89479 0
    endloop
  endfacet
  facet normal 0.857613 0.514296 0
    outer loop
      vertex -23.733 -9.47335 7
      vertex -23.786 -9.38497 0
      vertex -23.786 -9.38497 7
    endloop
  endfacet
  facet normal 0.857613 0.514296 0
    outer loop
      vertex -23.786 -9.38497 0
      vertex -23.733 -9.47335 7
      vertex -23.733 -9.47335 0
    endloop
  endfacet
  facet normal -0.67132 0.741168 0
    outer loop
      vertex -22.1175 -9.63246 0
      vertex -22.1939 -9.70166 7
      vertex -22.1175 -9.63246 7
    endloop
  endfacet
  facet normal -0.67132 0.741168 0
    outer loop
      vertex -22.1939 -9.70166 7
      vertex -22.1175 -9.63246 0
      vertex -22.1939 -9.70166 0
    endloop
  endfacet
  facet normal -0.989202 -0.146556 0
    outer loop
      vertex -21.8151 8.99292 0
      vertex -21.8302 9.09484 7
      vertex -21.8302 9.09484 0
    endloop
  endfacet
  facet normal -0.989202 -0.146556 0
    outer loop
      vertex -21.8302 9.09484 7
      vertex -21.8151 8.99292 0
      vertex -21.8151 8.99292 7
    endloop
  endfacet
  facet normal -0.998775 -0.0494923 0
    outer loop
      vertex -21.81 8.89 0
      vertex -21.8151 8.99292 7
      vertex -21.8151 8.99292 0
    endloop
  endfacet
  facet normal -0.998775 -0.0494923 0
    outer loop
      vertex -21.8151 8.99292 7
      vertex -21.81 8.89 0
      vertex -21.81 8.89 7
    endloop
  endfacet
  facet normal -0.97012 -0.242627 0
    outer loop
      vertex -21.8302 9.09484 0
      vertex -21.8552 9.1948 7
      vertex -21.8552 9.1948 0
    endloop
  endfacet
  facet normal -0.97012 -0.242627 0
    outer loop
      vertex -21.8552 9.1948 7
      vertex -21.8302 9.09484 0
      vertex -21.8302 9.09484 7
    endloop
  endfacet
  facet normal -0.857613 -0.514296 0
    outer loop
      vertex -21.934 9.38497 0
      vertex -21.987 9.47335 7
      vertex -21.987 9.47335 0
    endloop
  endfacet
  facet normal -0.857613 -0.514296 0
    outer loop
      vertex -21.987 9.47335 7
      vertex -21.934 9.38497 0
      vertex -21.934 9.38497 7
    endloop
  endfacet
  facet normal 0.998775 0.0494923 0
    outer loop
      vertex -23.9049 8.78708 7
      vertex -23.91 8.89 0
      vertex -23.91 8.89 7
    endloop
  endfacet
  facet normal 0.998775 0.0494923 0
    outer loop
      vertex -23.91 8.89 0
      vertex -23.9049 8.78708 7
      vertex -23.9049 8.78708 0
    endloop
  endfacet
  facet normal 0.941588 -0.336767 0
    outer loop
      vertex -23.8648 9.1948 7
      vertex -23.8301 9.29182 0
      vertex -23.8301 9.29182 7
    endloop
  endfacet
  facet normal 0.941588 -0.336767 0
    outer loop
      vertex -23.8301 9.29182 0
      vertex -23.8648 9.1948 7
      vertex -23.8648 9.1948 0
    endloop
  endfacet
  facet normal 0.67132 0.741168 -0
    outer loop
      vertex -23.5261 8.07834 0
      vertex -23.6025 8.14754 7
      vertex -23.5261 8.07834 7
    endloop
  endfacet
  facet normal 0.67132 0.741168 0
    outer loop
      vertex -23.6025 8.14754 7
      vertex -23.5261 8.07834 0
      vertex -23.6025 8.14754 0
    endloop
  endfacet
  facet normal -0.427315 0.904103 0
    outer loop
      vertex -22.365 7.96398 0
      vertex -22.4582 7.91993 7
      vertex -22.365 7.96398 7
    endloop
  endfacet
  facet normal -0.427315 0.904103 0
    outer loop
      vertex -22.4582 7.91993 7
      vertex -22.365 7.96398 0
      vertex -22.4582 7.91993 0
    endloop
  endfacet
  facet normal -0.514068 -0.85775 0
    outer loop
      vertex -22.365 9.81602 0
      vertex -22.2766 9.76304 7
      vertex -22.365 9.81602 7
    endloop
  endfacet
  facet normal -0.514068 -0.85775 -0
    outer loop
      vertex -22.2766 9.76304 7
      vertex -22.365 9.81602 0
      vertex -22.2766 9.76304 0
    endloop
  endfacet
  facet normal 0.24281 -0.970074 0
    outer loop
      vertex -23.1648 9.89479 0
      vertex -23.0648 9.91982 7
      vertex -23.1648 9.89479 7
    endloop
  endfacet
  facet normal 0.24281 -0.970074 0
    outer loop
      vertex -23.0648 9.91982 7
      vertex -23.1648 9.89479 0
      vertex -23.0648 9.91982 0
    endloop
  endfacet
  facet normal -0.24281 0.970074 0
    outer loop
      vertex -22.5552 7.88521 0
      vertex -22.6552 7.86018 7
      vertex -22.5552 7.88521 7
    endloop
  endfacet
  facet normal -0.24281 0.970074 0
    outer loop
      vertex -22.6552 7.86018 7
      vertex -22.5552 7.88521 0
      vertex -22.6552 7.86018 0
    endloop
  endfacet
  facet normal -0.67132 -0.741168 0
    outer loop
      vertex -22.1939 9.70166 0
      vertex -22.1175 9.63246 7
      vertex -22.1939 9.70166 7
    endloop
  endfacet
  facet normal -0.67132 -0.741168 -0
    outer loop
      vertex -22.1175 9.63246 7
      vertex -22.1939 9.70166 0
      vertex -22.1175 9.63246 0
    endloop
  endfacet
  facet normal 0.941588 0.336767 0
    outer loop
      vertex -23.8301 8.48818 7
      vertex -23.8648 8.5852 0
      vertex -23.8648 8.5852 7
    endloop
  endfacet
  facet normal 0.941588 0.336767 0
    outer loop
      vertex -23.8648 8.5852 0
      vertex -23.8301 8.48818 7
      vertex -23.8301 8.48818 0
    endloop
  endfacet
  facet normal -0.337 0.941505 0
    outer loop
      vertex -22.4582 7.91993 0
      vertex -22.5552 7.88521 7
      vertex -22.4582 7.91993 7
    endloop
  endfacet
  facet normal -0.337 0.941505 0
    outer loop
      vertex -22.5552 7.88521 7
      vertex -22.4582 7.91993 0
      vertex -22.5552 7.88521 0
    endloop
  endfacet
  facet normal -0.941588 -0.336767 0
    outer loop
      vertex -21.8552 9.1948 0
      vertex -21.8899 9.29182 7
      vertex -21.8899 9.29182 0
    endloop
  endfacet
  facet normal -0.941588 -0.336767 0
    outer loop
      vertex -21.8899 9.29182 7
      vertex -21.8552 9.1948 0
      vertex -21.8552 9.1948 7
    endloop
  endfacet
  facet normal -0.0491146 -0.998793 0
    outer loop
      vertex -22.86 9.94 0
      vertex -22.7571 9.93494 7
      vertex -22.86 9.94 7
    endloop
  endfacet
  facet normal -0.0491146 -0.998793 -0
    outer loop
      vertex -22.7571 9.93494 7
      vertex -22.86 9.94 0
      vertex -22.7571 9.93494 0
    endloop
  endfacet
  facet normal 0.857613 -0.514296 0
    outer loop
      vertex -23.786 9.38497 7
      vertex -23.733 9.47335 0
      vertex -23.733 9.47335 7
    endloop
  endfacet
  facet normal 0.857613 -0.514296 0
    outer loop
      vertex -23.733 9.47335 0
      vertex -23.786 9.38497 7
      vertex -23.786 9.38497 0
    endloop
  endfacet
  facet normal 0.0491146 0.998793 -0
    outer loop
      vertex -22.86 7.84 0
      vertex -22.9629 7.84506 7
      vertex -22.86 7.84 7
    endloop
  endfacet
  facet normal 0.0491146 0.998793 0
    outer loop
      vertex -22.9629 7.84506 7
      vertex -22.86 7.84 0
      vertex -22.9629 7.84506 0
    endloop
  endfacet
  facet normal 0.989202 -0.146556 0
    outer loop
      vertex -23.9049 8.99292 7
      vertex -23.8898 9.09484 0
      vertex -23.8898 9.09484 7
    endloop
  endfacet
  facet normal 0.989202 -0.146556 0
    outer loop
      vertex -23.8898 9.09484 0
      vertex -23.9049 8.99292 7
      vertex -23.9049 8.99292 0
    endloop
  endfacet
  facet normal -0.998775 0.0494923 0
    outer loop
      vertex -21.8151 8.78708 0
      vertex -21.81 8.89 7
      vertex -21.81 8.89 0
    endloop
  endfacet
  facet normal -0.998775 0.0494923 0
    outer loop
      vertex -21.81 8.89 7
      vertex -21.8151 8.78708 0
      vertex -21.8151 8.78708 7
    endloop
  endfacet
  facet normal 0.146774 -0.98917 0
    outer loop
      vertex -23.0648 9.91982 0
      vertex -22.9629 9.93494 7
      vertex -23.0648 9.91982 7
    endloop
  endfacet
  facet normal 0.146774 -0.98917 0
    outer loop
      vertex -22.9629 9.93494 7
      vertex -23.0648 9.91982 0
      vertex -22.9629 9.93494 0
    endloop
  endfacet
  facet normal -0.595984 -0.802996 0
    outer loop
      vertex -22.2766 9.76304 0
      vertex -22.1939 9.70166 7
      vertex -22.2766 9.76304 7
    endloop
  endfacet
  facet normal -0.595984 -0.802996 -0
    outer loop
      vertex -22.1939 9.70166 7
      vertex -22.2766 9.76304 0
      vertex -22.1939 9.70166 0
    endloop
  endfacet
  facet normal 0.427315 -0.904103 0
    outer loop
      vertex -23.355 9.81602 0
      vertex -23.2618 9.86007 7
      vertex -23.355 9.81602 7
    endloop
  endfacet
  facet normal 0.427315 -0.904103 0
    outer loop
      vertex -23.2618 9.86007 7
      vertex -23.355 9.81602 0
      vertex -23.2618 9.86007 0
    endloop
  endfacet
  facet normal -0.427315 -0.904103 0
    outer loop
      vertex -22.4582 9.86007 0
      vertex -22.365 9.81602 7
      vertex -22.4582 9.86007 7
    endloop
  endfacet
  facet normal -0.427315 -0.904103 -0
    outer loop
      vertex -22.365 9.81602 7
      vertex -22.4582 9.86007 0
      vertex -22.365 9.81602 0
    endloop
  endfacet
  facet normal 0.970114 0.24265 0
    outer loop
      vertex -23.8648 8.5852 7
      vertex -23.8898 8.68515 0
      vertex -23.8898 8.68515 7
    endloop
  endfacet
  facet normal 0.970114 0.24265 0
    outer loop
      vertex -23.8898 8.68515 0
      vertex -23.8648 8.5852 7
      vertex -23.8648 8.5852 0
    endloop
  endfacet
  facet normal -0.146774 0.98917 0
    outer loop
      vertex -22.6552 7.86018 0
      vertex -22.7571 7.84506 7
      vertex -22.6552 7.86018 7
    endloop
  endfacet
  facet normal -0.146774 0.98917 0
    outer loop
      vertex -22.7571 7.84506 7
      vertex -22.6552 7.86018 0
      vertex -22.7571 7.84506 0
    endloop
  endfacet
  facet normal -0.941588 0.336767 0
    outer loop
      vertex -21.8899 8.48818 0
      vertex -21.8552 8.5852 7
      vertex -21.8552 8.5852 0
    endloop
  endfacet
  facet normal -0.941588 0.336767 0
    outer loop
      vertex -21.8552 8.5852 7
      vertex -21.8899 8.48818 0
      vertex -21.8899 8.48818 7
    endloop
  endfacet
  facet normal 0.740949 -0.671561 0
    outer loop
      vertex -23.6717 9.55611 7
      vertex -23.6025 9.63246 0
      vertex -23.6025 9.63246 7
    endloop
  endfacet
  facet normal 0.740949 -0.671561 0
    outer loop
      vertex -23.6025 9.63246 0
      vertex -23.6717 9.55611 7
      vertex -23.6717 9.55611 0
    endloop
  endfacet
  facet normal -0.903827 -0.427899 0
    outer loop
      vertex -21.8899 9.29182 0
      vertex -21.934 9.38497 7
      vertex -21.934 9.38497 0
    endloop
  endfacet
  facet normal -0.903827 -0.427899 0
    outer loop
      vertex -21.934 9.38497 7
      vertex -21.8899 9.29182 0
      vertex -21.8899 9.29182 7
    endloop
  endfacet
  facet normal -0.740949 0.671561 0
    outer loop
      vertex -22.1175 8.14754 0
      vertex -22.0483 8.22389 7
      vertex -22.0483 8.22389 0
    endloop
  endfacet
  facet normal -0.740949 0.671561 0
    outer loop
      vertex -22.0483 8.22389 7
      vertex -22.1175 8.14754 0
      vertex -22.1175 8.14754 7
    endloop
  endfacet
  facet normal 0.0491146 -0.998793 0
    outer loop
      vertex -22.9629 9.93494 0
      vertex -22.86 9.94 7
      vertex -22.9629 9.93494 7
    endloop
  endfacet
  facet normal 0.0491146 -0.998793 0
    outer loop
      vertex -22.86 9.94 7
      vertex -22.9629 9.93494 0
      vertex -22.86 9.94 0
    endloop
  endfacet
  facet normal 0.146774 0.98917 -0
    outer loop
      vertex -22.9629 7.84506 0
      vertex -23.0648 7.86018 7
      vertex -22.9629 7.84506 7
    endloop
  endfacet
  facet normal 0.146774 0.98917 0
    outer loop
      vertex -23.0648 7.86018 7
      vertex -22.9629 7.84506 0
      vertex -23.0648 7.86018 0
    endloop
  endfacet
  facet normal -0.803574 -0.595204 0
    outer loop
      vertex -21.987 9.47335 0
      vertex -22.0483 9.55611 7
      vertex -22.0483 9.55611 0
    endloop
  endfacet
  facet normal -0.803574 -0.595204 0
    outer loop
      vertex -22.0483 9.55611 7
      vertex -21.987 9.47335 0
      vertex -21.987 9.47335 7
    endloop
  endfacet
  facet normal -0.514068 0.85775 0
    outer loop
      vertex -22.2766 8.01696 0
      vertex -22.365 7.96398 7
      vertex -22.2766 8.01696 7
    endloop
  endfacet
  facet normal -0.514068 0.85775 0
    outer loop
      vertex -22.365 7.96398 7
      vertex -22.2766 8.01696 0
      vertex -22.365 7.96398 0
    endloop
  endfacet
  facet normal 0.97012 -0.242627 0
    outer loop
      vertex -23.8898 9.09484 7
      vertex -23.8648 9.1948 0
      vertex -23.8648 9.1948 7
    endloop
  endfacet
  facet normal 0.97012 -0.242627 0
    outer loop
      vertex -23.8648 9.1948 0
      vertex -23.8898 9.09484 7
      vertex -23.8898 9.09484 0
    endloop
  endfacet
  facet normal -0.0491146 0.998793 0
    outer loop
      vertex -22.7571 7.84506 0
      vertex -22.86 7.84 7
      vertex -22.7571 7.84506 7
    endloop
  endfacet
  facet normal -0.0491146 0.998793 0
    outer loop
      vertex -22.86 7.84 7
      vertex -22.7571 7.84506 0
      vertex -22.86 7.84 0
    endloop
  endfacet
  facet normal -0.337 -0.941505 0
    outer loop
      vertex -22.5552 9.89479 0
      vertex -22.4582 9.86007 7
      vertex -22.5552 9.89479 7
    endloop
  endfacet
  facet normal -0.337 -0.941505 -0
    outer loop
      vertex -22.4582 9.86007 7
      vertex -22.5552 9.89479 0
      vertex -22.4582 9.86007 0
    endloop
  endfacet
  facet normal -0.595984 0.802996 0
    outer loop
      vertex -22.1939 8.07834 0
      vertex -22.2766 8.01696 7
      vertex -22.1939 8.07834 7
    endloop
  endfacet
  facet normal -0.595984 0.802996 0
    outer loop
      vertex -22.2766 8.01696 7
      vertex -22.1939 8.07834 0
      vertex -22.2766 8.01696 0
    endloop
  endfacet
  facet normal -0.24281 -0.970074 0
    outer loop
      vertex -22.6552 9.91982 0
      vertex -22.5552 9.89479 7
      vertex -22.6552 9.91982 7
    endloop
  endfacet
  facet normal -0.24281 -0.970074 -0
    outer loop
      vertex -22.5552 9.89479 7
      vertex -22.6552 9.91982 0
      vertex -22.5552 9.89479 0
    endloop
  endfacet
  facet normal -0.146774 -0.98917 0
    outer loop
      vertex -22.7571 9.93494 0
      vertex -22.6552 9.91982 7
      vertex -22.7571 9.93494 7
    endloop
  endfacet
  facet normal -0.146774 -0.98917 -0
    outer loop
      vertex -22.6552 9.91982 7
      vertex -22.7571 9.93494 0
      vertex -22.6552 9.91982 0
    endloop
  endfacet
  facet normal 0.59552 -0.803341 0
    outer loop
      vertex -23.5261 9.70166 0
      vertex -23.4433 9.76304 7
      vertex -23.5261 9.70166 7
    endloop
  endfacet
  facet normal 0.59552 -0.803341 0
    outer loop
      vertex -23.4433 9.76304 7
      vertex -23.5261 9.70166 0
      vertex -23.4433 9.76304 0
    endloop
  endfacet
  facet normal -0.903827 0.427899 0
    outer loop
      vertex -21.934 8.39503 0
      vertex -21.8899 8.48818 7
      vertex -21.8899 8.48818 0
    endloop
  endfacet
  facet normal -0.903827 0.427899 0
    outer loop
      vertex -21.8899 8.48818 7
      vertex -21.934 8.39503 0
      vertex -21.934 8.39503 7
    endloop
  endfacet
  facet normal 0.67132 -0.741168 0
    outer loop
      vertex -23.6025 9.63246 0
      vertex -23.5261 9.70166 7
      vertex -23.6025 9.63246 7
    endloop
  endfacet
  facet normal 0.67132 -0.741168 0
    outer loop
      vertex -23.5261 9.70166 7
      vertex -23.6025 9.63246 0
      vertex -23.5261 9.70166 0
    endloop
  endfacet
  facet normal -0.989205 0.146542 0
    outer loop
      vertex -21.8302 8.68515 0
      vertex -21.8151 8.78708 7
      vertex -21.8151 8.78708 0
    endloop
  endfacet
  facet normal -0.989205 0.146542 0
    outer loop
      vertex -21.8151 8.78708 7
      vertex -21.8302 8.68515 0
      vertex -21.8302 8.68515 7
    endloop
  endfacet
  facet normal 0.903827 0.427899 0
    outer loop
      vertex -23.786 8.39503 7
      vertex -23.8301 8.48818 0
      vertex -23.8301 8.48818 7
    endloop
  endfacet
  facet normal 0.903827 0.427899 0
    outer loop
      vertex -23.8301 8.48818 0
      vertex -23.786 8.39503 7
      vertex -23.786 8.39503 0
    endloop
  endfacet
  facet normal 0.514496 -0.857493 0
    outer loop
      vertex -23.4433 9.76304 0
      vertex -23.355 9.81602 7
      vertex -23.4433 9.76304 7
    endloop
  endfacet
  facet normal 0.514496 -0.857493 0
    outer loop
      vertex -23.355 9.81602 7
      vertex -23.4433 9.76304 0
      vertex -23.355 9.81602 0
    endloop
  endfacet
  facet normal 0.740949 0.671561 0
    outer loop
      vertex -23.6025 8.14754 7
      vertex -23.6717 8.22389 0
      vertex -23.6717 8.22389 7
    endloop
  endfacet
  facet normal 0.740949 0.671561 0
    outer loop
      vertex -23.6717 8.22389 0
      vertex -23.6025 8.14754 7
      vertex -23.6025 8.14754 0
    endloop
  endfacet
  facet normal 0.337 -0.941505 0
    outer loop
      vertex -23.2618 9.86007 0
      vertex -23.1648 9.89479 7
      vertex -23.2618 9.86007 7
    endloop
  endfacet
  facet normal 0.337 -0.941505 0
    outer loop
      vertex -23.1648 9.89479 7
      vertex -23.2618 9.86007 0
      vertex -23.1648 9.89479 0
    endloop
  endfacet
  facet normal 0.998775 -0.0494923 0
    outer loop
      vertex -23.91 8.89 7
      vertex -23.9049 8.99292 0
      vertex -23.9049 8.99292 7
    endloop
  endfacet
  facet normal 0.998775 -0.0494923 0
    outer loop
      vertex -23.9049 8.99292 0
      vertex -23.91 8.89 7
      vertex -23.91 8.89 0
    endloop
  endfacet
  facet normal 0.989205 0.146542 0
    outer loop
      vertex -23.8898 8.68515 7
      vertex -23.9049 8.78708 0
      vertex -23.9049 8.78708 7
    endloop
  endfacet
  facet normal 0.989205 0.146542 0
    outer loop
      vertex -23.9049 8.78708 0
      vertex -23.8898 8.68515 7
      vertex -23.8898 8.68515 0
    endloop
  endfacet
  facet normal 0.803574 -0.595204 0
    outer loop
      vertex -23.733 9.47335 7
      vertex -23.6717 9.55611 0
      vertex -23.6717 9.55611 7
    endloop
  endfacet
  facet normal 0.803574 -0.595204 0
    outer loop
      vertex -23.6717 9.55611 0
      vertex -23.733 9.47335 7
      vertex -23.733 9.47335 0
    endloop
  endfacet
  facet normal -0.740949 -0.671561 0
    outer loop
      vertex -22.0483 9.55611 0
      vertex -22.1175 9.63246 7
      vertex -22.1175 9.63246 0
    endloop
  endfacet
  facet normal -0.740949 -0.671561 0
    outer loop
      vertex -22.1175 9.63246 7
      vertex -22.0483 9.55611 0
      vertex -22.0483 9.55611 7
    endloop
  endfacet
  facet normal 0.803574 0.595204 0
    outer loop
      vertex -23.6717 8.22389 7
      vertex -23.733 8.30665 0
      vertex -23.733 8.30665 7
    endloop
  endfacet
  facet normal 0.803574 0.595204 0
    outer loop
      vertex -23.733 8.30665 0
      vertex -23.6717 8.22389 7
      vertex -23.6717 8.22389 0
    endloop
  endfacet
  facet normal -0.970114 0.24265 0
    outer loop
      vertex -21.8552 8.5852 0
      vertex -21.8302 8.68515 7
      vertex -21.8302 8.68515 0
    endloop
  endfacet
  facet normal -0.970114 0.24265 0
    outer loop
      vertex -21.8302 8.68515 7
      vertex -21.8552 8.5852 0
      vertex -21.8552 8.5852 7
    endloop
  endfacet
  facet normal 0.514496 0.857493 -0
    outer loop
      vertex -23.355 7.96398 0
      vertex -23.4433 8.01696 7
      vertex -23.355 7.96398 7
    endloop
  endfacet
  facet normal 0.514496 0.857493 0
    outer loop
      vertex -23.4433 8.01696 7
      vertex -23.355 7.96398 0
      vertex -23.4433 8.01696 0
    endloop
  endfacet
  facet normal 0.59552 0.803341 -0
    outer loop
      vertex -23.4433 8.01696 0
      vertex -23.5261 8.07834 7
      vertex -23.4433 8.01696 7
    endloop
  endfacet
  facet normal 0.59552 0.803341 0
    outer loop
      vertex -23.5261 8.07834 7
      vertex -23.4433 8.01696 0
      vertex -23.5261 8.07834 0
    endloop
  endfacet
  facet normal -0.857613 0.514296 0
    outer loop
      vertex -21.987 8.30665 0
      vertex -21.934 8.39503 7
      vertex -21.934 8.39503 0
    endloop
  endfacet
  facet normal -0.857613 0.514296 0
    outer loop
      vertex -21.934 8.39503 7
      vertex -21.987 8.30665 0
      vertex -21.987 8.30665 7
    endloop
  endfacet
  facet normal 0.337 0.941505 -0
    outer loop
      vertex -23.1648 7.88521 0
      vertex -23.2618 7.91993 7
      vertex -23.1648 7.88521 7
    endloop
  endfacet
  facet normal 0.337 0.941505 0
    outer loop
      vertex -23.2618 7.91993 7
      vertex -23.1648 7.88521 0
      vertex -23.2618 7.91993 0
    endloop
  endfacet
  facet normal 0.427315 0.904103 -0
    outer loop
      vertex -23.2618 7.91993 0
      vertex -23.355 7.96398 7
      vertex -23.2618 7.91993 7
    endloop
  endfacet
  facet normal 0.427315 0.904103 0
    outer loop
      vertex -23.355 7.96398 7
      vertex -23.2618 7.91993 0
      vertex -23.355 7.96398 0
    endloop
  endfacet
  facet normal -0.803574 0.595204 0
    outer loop
      vertex -22.0483 8.22389 0
      vertex -21.987 8.30665 7
      vertex -21.987 8.30665 0
    endloop
  endfacet
  facet normal -0.803574 0.595204 0
    outer loop
      vertex -21.987 8.30665 7
      vertex -22.0483 8.22389 0
      vertex -22.0483 8.22389 7
    endloop
  endfacet
  facet normal 0.24281 0.970074 -0
    outer loop
      vertex -23.0648 7.86018 0
      vertex -23.1648 7.88521 7
      vertex -23.0648 7.86018 7
    endloop
  endfacet
  facet normal 0.24281 0.970074 0
    outer loop
      vertex -23.1648 7.88521 7
      vertex -23.0648 7.86018 0
      vertex -23.1648 7.88521 0
    endloop
  endfacet
  facet normal 0.857613 0.514296 0
    outer loop
      vertex -23.733 8.30665 7
      vertex -23.786 8.39503 0
      vertex -23.786 8.39503 7
    endloop
  endfacet
  facet normal 0.857613 0.514296 0
    outer loop
      vertex -23.786 8.39503 0
      vertex -23.733 8.30665 7
      vertex -23.733 8.30665 0
    endloop
  endfacet
  facet normal 0.903827 -0.427899 0
    outer loop
      vertex -23.8301 9.29182 7
      vertex -23.786 9.38497 0
      vertex -23.786 9.38497 7
    endloop
  endfacet
  facet normal 0.903827 -0.427899 0
    outer loop
      vertex -23.786 9.38497 0
      vertex -23.8301 9.29182 7
      vertex -23.8301 9.29182 0
    endloop
  endfacet
  facet normal -0.67132 0.741168 0
    outer loop
      vertex -22.1175 8.14754 0
      vertex -22.1939 8.07834 7
      vertex -22.1175 8.14754 7
    endloop
  endfacet
  facet normal -0.67132 0.741168 0
    outer loop
      vertex -22.1939 8.07834 7
      vertex -22.1175 8.14754 0
      vertex -22.1939 8.07834 0
    endloop
  endfacet
  facet normal -0.146774 -0.98917 0
    outer loop
      vertex 22.9629 -7.84506 0
      vertex 23.0648 -7.86018 7
      vertex 22.9629 -7.84506 7
    endloop
  endfacet
  facet normal -0.146774 -0.98917 -0
    outer loop
      vertex 23.0648 -7.86018 7
      vertex 22.9629 -7.84506 0
      vertex 23.0648 -7.86018 0
    endloop
  endfacet
  facet normal -0.989205 -0.146542 0
    outer loop
      vertex 23.9049 -8.78708 0
      vertex 23.8898 -8.68515 7
      vertex 23.8898 -8.68515 0
    endloop
  endfacet
  facet normal -0.989205 -0.146542 0
    outer loop
      vertex 23.8898 -8.68515 7
      vertex 23.9049 -8.78708 0
      vertex 23.9049 -8.78708 7
    endloop
  endfacet
  facet normal -0.998775 -0.0494923 0
    outer loop
      vertex 23.91 -8.89 0
      vertex 23.9049 -8.78708 7
      vertex 23.9049 -8.78708 0
    endloop
  endfacet
  facet normal -0.998775 -0.0494923 0
    outer loop
      vertex 23.9049 -8.78708 7
      vertex 23.91 -8.89 0
      vertex 23.91 -8.89 7
    endloop
  endfacet
  facet normal -0.970114 -0.24265 0
    outer loop
      vertex 23.8898 -8.68515 0
      vertex 23.8648 -8.5852 7
      vertex 23.8648 -8.5852 0
    endloop
  endfacet
  facet normal -0.970114 -0.24265 0
    outer loop
      vertex 23.8648 -8.5852 7
      vertex 23.8898 -8.68515 0
      vertex 23.8898 -8.68515 7
    endloop
  endfacet
  facet normal -0.337 0.941505 0
    outer loop
      vertex 23.2618 -9.86007 0
      vertex 23.1648 -9.89479 7
      vertex 23.2618 -9.86007 7
    endloop
  endfacet
  facet normal -0.337 0.941505 0
    outer loop
      vertex 23.1648 -9.89479 7
      vertex 23.2618 -9.86007 0
      vertex 23.1648 -9.89479 0
    endloop
  endfacet
  facet normal -0.903827 0.427899 0
    outer loop
      vertex 23.786 -9.38497 0
      vertex 23.8301 -9.29182 7
      vertex 23.8301 -9.29182 0
    endloop
  endfacet
  facet normal -0.903827 0.427899 0
    outer loop
      vertex 23.8301 -9.29182 7
      vertex 23.786 -9.38497 0
      vertex 23.786 -9.38497 7
    endloop
  endfacet
  facet normal -0.67132 -0.741168 0
    outer loop
      vertex 23.5261 -8.07834 0
      vertex 23.6025 -8.14754 7
      vertex 23.5261 -8.07834 7
    endloop
  endfacet
  facet normal -0.67132 -0.741168 -0
    outer loop
      vertex 23.6025 -8.14754 7
      vertex 23.5261 -8.07834 0
      vertex 23.6025 -8.14754 0
    endloop
  endfacet
  facet normal 0.740949 -0.671561 0
    outer loop
      vertex 22.0483 -8.22389 7
      vertex 22.1175 -8.14754 0
      vertex 22.1175 -8.14754 7
    endloop
  endfacet
  facet normal 0.740949 -0.671561 0
    outer loop
      vertex 22.1175 -8.14754 0
      vertex 22.0483 -8.22389 7
      vertex 22.0483 -8.22389 0
    endloop
  endfacet
  facet normal 0.146774 0.98917 -0
    outer loop
      vertex 22.7571 -9.93494 0
      vertex 22.6552 -9.91982 7
      vertex 22.7571 -9.93494 7
    endloop
  endfacet
  facet normal 0.146774 0.98917 0
    outer loop
      vertex 22.6552 -9.91982 7
      vertex 22.7571 -9.93494 0
      vertex 22.6552 -9.91982 0
    endloop
  endfacet
  facet normal -0.941588 -0.336767 0
    outer loop
      vertex 23.8648 -8.5852 0
      vertex 23.8301 -8.48818 7
      vertex 23.8301 -8.48818 0
    endloop
  endfacet
  facet normal -0.941588 -0.336767 0
    outer loop
      vertex 23.8301 -8.48818 7
      vertex 23.8648 -8.5852 0
      vertex 23.8648 -8.5852 7
    endloop
  endfacet
  facet normal 0.0491146 -0.998793 0
    outer loop
      vertex 22.7571 -7.84506 0
      vertex 22.86 -7.84 7
      vertex 22.7571 -7.84506 7
    endloop
  endfacet
  facet normal 0.0491146 -0.998793 0
    outer loop
      vertex 22.86 -7.84 7
      vertex 22.7571 -7.84506 0
      vertex 22.86 -7.84 0
    endloop
  endfacet
  facet normal -0.803574 -0.595204 0
    outer loop
      vertex 23.733 -8.30665 0
      vertex 23.6717 -8.22389 7
      vertex 23.6717 -8.22389 0
    endloop
  endfacet
  facet normal -0.803574 -0.595204 0
    outer loop
      vertex 23.6717 -8.22389 7
      vertex 23.733 -8.30665 0
      vertex 23.733 -8.30665 7
    endloop
  endfacet
  facet normal -0.0491146 0.998793 0
    outer loop
      vertex 22.9629 -9.93494 0
      vertex 22.86 -9.94 7
      vertex 22.9629 -9.93494 7
    endloop
  endfacet
  facet normal -0.0491146 0.998793 0
    outer loop
      vertex 22.86 -9.94 7
      vertex 22.9629 -9.93494 0
      vertex 22.86 -9.94 0
    endloop
  endfacet
  facet normal -0.0491146 -0.998793 0
    outer loop
      vertex 22.86 -7.84 0
      vertex 22.9629 -7.84506 7
      vertex 22.86 -7.84 7
    endloop
  endfacet
  facet normal -0.0491146 -0.998793 -0
    outer loop
      vertex 22.9629 -7.84506 7
      vertex 22.86 -7.84 0
      vertex 22.9629 -7.84506 0
    endloop
  endfacet
  facet normal -0.857613 0.514296 0
    outer loop
      vertex 23.733 -9.47335 0
      vertex 23.786 -9.38497 7
      vertex 23.786 -9.38497 0
    endloop
  endfacet
  facet normal -0.857613 0.514296 0
    outer loop
      vertex 23.786 -9.38497 7
      vertex 23.733 -9.47335 0
      vertex 23.733 -9.47335 7
    endloop
  endfacet
  facet normal 0.595984 0.802996 -0
    outer loop
      vertex 22.2766 -9.76304 0
      vertex 22.1939 -9.70166 7
      vertex 22.2766 -9.76304 7
    endloop
  endfacet
  facet normal 0.595984 0.802996 0
    outer loop
      vertex 22.1939 -9.70166 7
      vertex 22.2766 -9.76304 0
      vertex 22.1939 -9.70166 0
    endloop
  endfacet
  facet normal 0.857613 -0.514296 0
    outer loop
      vertex 21.934 -8.39503 7
      vertex 21.987 -8.30665 0
      vertex 21.987 -8.30665 7
    endloop
  endfacet
  facet normal 0.857613 -0.514296 0
    outer loop
      vertex 21.987 -8.30665 0
      vertex 21.934 -8.39503 7
      vertex 21.934 -8.39503 0
    endloop
  endfacet
  facet normal 0.24281 0.970074 -0
    outer loop
      vertex 22.6552 -9.91982 0
      vertex 22.5552 -9.89479 7
      vertex 22.6552 -9.91982 7
    endloop
  endfacet
  facet normal 0.24281 0.970074 0
    outer loop
      vertex 22.5552 -9.89479 7
      vertex 22.6552 -9.91982 0
      vertex 22.5552 -9.89479 0
    endloop
  endfacet
  facet normal -0.857613 -0.514296 0
    outer loop
      vertex 23.786 -8.39503 0
      vertex 23.733 -8.30665 7
      vertex 23.733 -8.30665 0
    endloop
  endfacet
  facet normal -0.857613 -0.514296 0
    outer loop
      vertex 23.733 -8.30665 7
      vertex 23.786 -8.39503 0
      vertex 23.786 -8.39503 7
    endloop
  endfacet
  facet normal 0.998775 0.0494923 0
    outer loop
      vertex 21.8151 -8.99292 7
      vertex 21.81 -8.89 0
      vertex 21.81 -8.89 7
    endloop
  endfacet
  facet normal 0.998775 0.0494923 0
    outer loop
      vertex 21.81 -8.89 0
      vertex 21.8151 -8.99292 7
      vertex 21.8151 -8.99292 0
    endloop
  endfacet
  facet normal -0.903827 -0.427899 0
    outer loop
      vertex 23.8301 -8.48818 0
      vertex 23.786 -8.39503 7
      vertex 23.786 -8.39503 0
    endloop
  endfacet
  facet normal -0.903827 -0.427899 0
    outer loop
      vertex 23.786 -8.39503 7
      vertex 23.8301 -8.48818 0
      vertex 23.8301 -8.48818 7
    endloop
  endfacet
  facet normal -0.97012 0.242627 0
    outer loop
      vertex 23.8648 -9.1948 0
      vertex 23.8898 -9.09484 7
      vertex 23.8898 -9.09484 0
    endloop
  endfacet
  facet normal -0.97012 0.242627 0
    outer loop
      vertex 23.8898 -9.09484 7
      vertex 23.8648 -9.1948 0
      vertex 23.8648 -9.1948 7
    endloop
  endfacet
  facet normal 0.970114 -0.24265 0
    outer loop
      vertex 21.8302 -8.68515 7
      vertex 21.8552 -8.5852 0
      vertex 21.8552 -8.5852 7
    endloop
  endfacet
  facet normal 0.970114 -0.24265 0
    outer loop
      vertex 21.8552 -8.5852 0
      vertex 21.8302 -8.68515 7
      vertex 21.8302 -8.68515 0
    endloop
  endfacet
  facet normal 0.427315 0.904103 -0
    outer loop
      vertex 22.4582 -9.86007 0
      vertex 22.365 -9.81602 7
      vertex 22.4582 -9.86007 7
    endloop
  endfacet
  facet normal 0.427315 0.904103 0
    outer loop
      vertex 22.365 -9.81602 7
      vertex 22.4582 -9.86007 0
      vertex 22.365 -9.81602 0
    endloop
  endfacet
  facet normal 0.97012 0.242627 0
    outer loop
      vertex 21.8552 -9.1948 7
      vertex 21.8302 -9.09484 0
      vertex 21.8302 -9.09484 7
    endloop
  endfacet
  facet normal 0.97012 0.242627 0
    outer loop
      vertex 21.8302 -9.09484 0
      vertex 21.8552 -9.1948 7
      vertex 21.8552 -9.1948 0
    endloop
  endfacet
  facet normal -0.337 -0.941505 0
    outer loop
      vertex 23.1648 -7.88521 0
      vertex 23.2618 -7.91993 7
      vertex 23.1648 -7.88521 7
    endloop
  endfacet
  facet normal -0.337 -0.941505 -0
    outer loop
      vertex 23.2618 -7.91993 7
      vertex 23.1648 -7.88521 0
      vertex 23.2618 -7.91993 0
    endloop
  endfacet
  facet normal -0.989202 0.146556 0
    outer loop
      vertex 23.8898 -9.09484 0
      vertex 23.9049 -8.99292 7
      vertex 23.9049 -8.99292 0
    endloop
  endfacet
  facet normal -0.989202 0.146556 0
    outer loop
      vertex 23.9049 -8.99292 7
      vertex 23.8898 -9.09484 0
      vertex 23.8898 -9.09484 7
    endloop
  endfacet
  facet normal 0.146774 -0.98917 0
    outer loop
      vertex 22.6552 -7.86018 0
      vertex 22.7571 -7.84506 7
      vertex 22.6552 -7.86018 7
    endloop
  endfacet
  facet normal 0.146774 -0.98917 0
    outer loop
      vertex 22.7571 -7.84506 7
      vertex 22.6552 -7.86018 0
      vertex 22.7571 -7.84506 0
    endloop
  endfacet
  facet normal -0.427315 0.904103 0
    outer loop
      vertex 23.355 -9.81602 0
      vertex 23.2618 -9.86007 7
      vertex 23.355 -9.81602 7
    endloop
  endfacet
  facet normal -0.427315 0.904103 0
    outer loop
      vertex 23.2618 -9.86007 7
      vertex 23.355 -9.81602 0
      vertex 23.2618 -9.86007 0
    endloop
  endfacet
  facet normal 0.67132 -0.741168 0
    outer loop
      vertex 22.1175 -8.14754 0
      vertex 22.1939 -8.07834 7
      vertex 22.1175 -8.14754 7
    endloop
  endfacet
  facet normal 0.67132 -0.741168 0
    outer loop
      vertex 22.1939 -8.07834 7
      vertex 22.1175 -8.14754 0
      vertex 22.1939 -8.07834 0
    endloop
  endfacet
  facet normal 0.595984 -0.802996 0
    outer loop
      vertex 22.1939 -8.07834 0
      vertex 22.2766 -8.01696 7
      vertex 22.1939 -8.07834 7
    endloop
  endfacet
  facet normal 0.595984 -0.802996 0
    outer loop
      vertex 22.2766 -8.01696 7
      vertex 22.1939 -8.07834 0
      vertex 22.2766 -8.01696 0
    endloop
  endfacet
  facet normal -0.24281 -0.970074 0
    outer loop
      vertex 23.0648 -7.86018 0
      vertex 23.1648 -7.88521 7
      vertex 23.0648 -7.86018 7
    endloop
  endfacet
  facet normal -0.24281 -0.970074 -0
    outer loop
      vertex 23.1648 -7.88521 7
      vertex 23.0648 -7.86018 0
      vertex 23.1648 -7.88521 0
    endloop
  endfacet
  facet normal -0.998775 0.0494923 0
    outer loop
      vertex 23.9049 -8.99292 0
      vertex 23.91 -8.89 7
      vertex 23.91 -8.89 0
    endloop
  endfacet
  facet normal -0.998775 0.0494923 0
    outer loop
      vertex 23.91 -8.89 7
      vertex 23.9049 -8.99292 0
      vertex 23.9049 -8.99292 7
    endloop
  endfacet
  facet normal 0.427315 -0.904103 0
    outer loop
      vertex 22.365 -7.96398 0
      vertex 22.4582 -7.91993 7
      vertex 22.365 -7.96398 7
    endloop
  endfacet
  facet normal 0.427315 -0.904103 0
    outer loop
      vertex 22.4582 -7.91993 7
      vertex 22.365 -7.96398 0
      vertex 22.4582 -7.91993 0
    endloop
  endfacet
  facet normal 0.941588 0.336767 0
    outer loop
      vertex 21.8899 -9.29182 7
      vertex 21.8552 -9.1948 0
      vertex 21.8552 -9.1948 7
    endloop
  endfacet
  facet normal 0.941588 0.336767 0
    outer loop
      vertex 21.8552 -9.1948 0
      vertex 21.8899 -9.29182 7
      vertex 21.8899 -9.29182 0
    endloop
  endfacet
  facet normal -0.514496 -0.857493 0
    outer loop
      vertex 23.355 -7.96398 0
      vertex 23.4433 -8.01696 7
      vertex 23.355 -7.96398 7
    endloop
  endfacet
  facet normal -0.514496 -0.857493 -0
    outer loop
      vertex 23.4433 -8.01696 7
      vertex 23.355 -7.96398 0
      vertex 23.4433 -8.01696 0
    endloop
  endfacet
  facet normal -0.59552 -0.803341 0
    outer loop
      vertex 23.4433 -8.01696 0
      vertex 23.5261 -8.07834 7
      vertex 23.4433 -8.01696 7
    endloop
  endfacet
  facet normal -0.59552 -0.803341 -0
    outer loop
      vertex 23.5261 -8.07834 7
      vertex 23.4433 -8.01696 0
      vertex 23.5261 -8.07834 0
    endloop
  endfacet
  facet normal -0.146774 0.98917 0
    outer loop
      vertex 23.0648 -9.91982 0
      vertex 22.9629 -9.93494 7
      vertex 23.0648 -9.91982 7
    endloop
  endfacet
  facet normal -0.146774 0.98917 0
    outer loop
      vertex 22.9629 -9.93494 7
      vertex 23.0648 -9.91982 0
      vertex 22.9629 -9.93494 0
    endloop
  endfacet
  facet normal -0.740949 0.671561 0
    outer loop
      vertex 23.6025 -9.63246 0
      vertex 23.6717 -9.55611 7
      vertex 23.6717 -9.55611 0
    endloop
  endfacet
  facet normal -0.740949 0.671561 0
    outer loop
      vertex 23.6717 -9.55611 7
      vertex 23.6025 -9.63246 0
      vertex 23.6025 -9.63246 7
    endloop
  endfacet
  facet normal -0.803574 0.595204 0
    outer loop
      vertex 23.6717 -9.55611 0
      vertex 23.733 -9.47335 7
      vertex 23.733 -9.47335 0
    endloop
  endfacet
  facet normal -0.803574 0.595204 0
    outer loop
      vertex 23.733 -9.47335 7
      vertex 23.6717 -9.55611 0
      vertex 23.6717 -9.55611 7
    endloop
  endfacet
  facet normal -0.24281 0.970074 0
    outer loop
      vertex 23.1648 -9.89479 0
      vertex 23.0648 -9.91982 7
      vertex 23.1648 -9.89479 7
    endloop
  endfacet
  facet normal -0.24281 0.970074 0
    outer loop
      vertex 23.0648 -9.91982 7
      vertex 23.1648 -9.89479 0
      vertex 23.0648 -9.91982 0
    endloop
  endfacet
  facet normal -0.941588 0.336767 0
    outer loop
      vertex 23.8301 -9.29182 0
      vertex 23.8648 -9.1948 7
      vertex 23.8648 -9.1948 0
    endloop
  endfacet
  facet normal -0.941588 0.336767 0
    outer loop
      vertex 23.8648 -9.1948 7
      vertex 23.8301 -9.29182 0
      vertex 23.8301 -9.29182 7
    endloop
  endfacet
  facet normal 0.24281 -0.970074 0
    outer loop
      vertex 22.5552 -7.88521 0
      vertex 22.6552 -7.86018 7
      vertex 22.5552 -7.88521 7
    endloop
  endfacet
  facet normal 0.24281 -0.970074 0
    outer loop
      vertex 22.6552 -7.86018 7
      vertex 22.5552 -7.88521 0
      vertex 22.6552 -7.86018 0
    endloop
  endfacet
  facet normal 0.903827 0.427899 0
    outer loop
      vertex 21.934 -9.38497 7
      vertex 21.8899 -9.29182 0
      vertex 21.8899 -9.29182 7
    endloop
  endfacet
  facet normal 0.903827 0.427899 0
    outer loop
      vertex 21.8899 -9.29182 0
      vertex 21.934 -9.38497 7
      vertex 21.934 -9.38497 0
    endloop
  endfacet
  facet normal 0.989205 -0.146542 0
    outer loop
      vertex 21.8151 -8.78708 7
      vertex 21.8302 -8.68515 0
      vertex 21.8302 -8.68515 7
    endloop
  endfacet
  facet normal 0.989205 -0.146542 0
    outer loop
      vertex 21.8302 -8.68515 0
      vertex 21.8151 -8.78708 7
      vertex 21.8151 -8.78708 0
    endloop
  endfacet
  facet normal -0.427315 -0.904103 0
    outer loop
      vertex 23.2618 -7.91993 0
      vertex 23.355 -7.96398 7
      vertex 23.2618 -7.91993 7
    endloop
  endfacet
  facet normal -0.427315 -0.904103 -0
    outer loop
      vertex 23.355 -7.96398 7
      vertex 23.2618 -7.91993 0
      vertex 23.355 -7.96398 0
    endloop
  endfacet
  facet normal 0.740949 0.671561 0
    outer loop
      vertex 22.1175 -9.63246 7
      vertex 22.0483 -9.55611 0
      vertex 22.0483 -9.55611 7
    endloop
  endfacet
  facet normal 0.740949 0.671561 0
    outer loop
      vertex 22.0483 -9.55611 0
      vertex 22.1175 -9.63246 7
      vertex 22.1175 -9.63246 0
    endloop
  endfacet
  facet normal 0.857613 0.514296 0
    outer loop
      vertex 21.987 -9.47335 7
      vertex 21.934 -9.38497 0
      vertex 21.934 -9.38497 7
    endloop
  endfacet
  facet normal 0.857613 0.514296 0
    outer loop
      vertex 21.934 -9.38497 0
      vertex 21.987 -9.47335 7
      vertex 21.987 -9.47335 0
    endloop
  endfacet
  facet normal 0.337 -0.941505 0
    outer loop
      vertex 22.4582 -7.91993 0
      vertex 22.5552 -7.88521 7
      vertex 22.4582 -7.91993 7
    endloop
  endfacet
  facet normal 0.337 -0.941505 0
    outer loop
      vertex 22.5552 -7.88521 7
      vertex 22.4582 -7.91993 0
      vertex 22.5552 -7.88521 0
    endloop
  endfacet
  facet normal 0.514068 0.85775 -0
    outer loop
      vertex 22.365 -9.81602 0
      vertex 22.2766 -9.76304 7
      vertex 22.365 -9.81602 7
    endloop
  endfacet
  facet normal 0.514068 0.85775 0
    outer loop
      vertex 22.2766 -9.76304 7
      vertex 22.365 -9.81602 0
      vertex 22.2766 -9.76304 0
    endloop
  endfacet
  facet normal 0.941588 -0.336767 0
    outer loop
      vertex 21.8552 -8.5852 7
      vertex 21.8899 -8.48818 0
      vertex 21.8899 -8.48818 7
    endloop
  endfacet
  facet normal 0.941588 -0.336767 0
    outer loop
      vertex 21.8899 -8.48818 0
      vertex 21.8552 -8.5852 7
      vertex 21.8552 -8.5852 0
    endloop
  endfacet
  facet normal -0.59552 0.803341 0
    outer loop
      vertex 23.5261 -9.70166 0
      vertex 23.4433 -9.76304 7
      vertex 23.5261 -9.70166 7
    endloop
  endfacet
  facet normal -0.59552 0.803341 0
    outer loop
      vertex 23.4433 -9.76304 7
      vertex 23.5261 -9.70166 0
      vertex 23.4433 -9.76304 0
    endloop
  endfacet
  facet normal -0.740949 -0.671561 0
    outer loop
      vertex 23.6717 -8.22389 0
      vertex 23.6025 -8.14754 7
      vertex 23.6025 -8.14754 0
    endloop
  endfacet
  facet normal -0.740949 -0.671561 0
    outer loop
      vertex 23.6025 -8.14754 7
      vertex 23.6717 -8.22389 0
      vertex 23.6717 -8.22389 7
    endloop
  endfacet
  facet normal 0.803574 0.595204 0
    outer loop
      vertex 22.0483 -9.55611 7
      vertex 21.987 -9.47335 0
      vertex 21.987 -9.47335 7
    endloop
  endfacet
  facet normal 0.803574 0.595204 0
    outer loop
      vertex 21.987 -9.47335 0
      vertex 22.0483 -9.55611 7
      vertex 22.0483 -9.55611 0
    endloop
  endfacet
  facet normal 0.514068 -0.85775 0
    outer loop
      vertex 22.2766 -8.01696 0
      vertex 22.365 -7.96398 7
      vertex 22.2766 -8.01696 7
    endloop
  endfacet
  facet normal 0.514068 -0.85775 0
    outer loop
      vertex 22.365 -7.96398 7
      vertex 22.2766 -8.01696 0
      vertex 22.365 -7.96398 0
    endloop
  endfacet
  facet normal 0.989202 0.146556 0
    outer loop
      vertex 21.8302 -9.09484 7
      vertex 21.8151 -8.99292 0
      vertex 21.8151 -8.99292 7
    endloop
  endfacet
  facet normal 0.989202 0.146556 0
    outer loop
      vertex 21.8151 -8.99292 0
      vertex 21.8302 -9.09484 7
      vertex 21.8302 -9.09484 0
    endloop
  endfacet
  facet normal 0.903827 -0.427899 0
    outer loop
      vertex 21.8899 -8.48818 7
      vertex 21.934 -8.39503 0
      vertex 21.934 -8.39503 7
    endloop
  endfacet
  facet normal 0.903827 -0.427899 0
    outer loop
      vertex 21.934 -8.39503 0
      vertex 21.8899 -8.48818 7
      vertex 21.8899 -8.48818 0
    endloop
  endfacet
  facet normal -0.514496 0.857493 0
    outer loop
      vertex 23.4433 -9.76304 0
      vertex 23.355 -9.81602 7
      vertex 23.4433 -9.76304 7
    endloop
  endfacet
  facet normal -0.514496 0.857493 0
    outer loop
      vertex 23.355 -9.81602 7
      vertex 23.4433 -9.76304 0
      vertex 23.355 -9.81602 0
    endloop
  endfacet
  facet normal 0.67132 0.741168 -0
    outer loop
      vertex 22.1939 -9.70166 0
      vertex 22.1175 -9.63246 7
      vertex 22.1939 -9.70166 7
    endloop
  endfacet
  facet normal 0.67132 0.741168 0
    outer loop
      vertex 22.1175 -9.63246 7
      vertex 22.1939 -9.70166 0
      vertex 22.1175 -9.63246 0
    endloop
  endfacet
  facet normal 0.803574 -0.595204 0
    outer loop
      vertex 21.987 -8.30665 7
      vertex 22.0483 -8.22389 0
      vertex 22.0483 -8.22389 7
    endloop
  endfacet
  facet normal 0.803574 -0.595204 0
    outer loop
      vertex 22.0483 -8.22389 0
      vertex 21.987 -8.30665 7
      vertex 21.987 -8.30665 0
    endloop
  endfacet
  facet normal 0.0491146 0.998793 -0
    outer loop
      vertex 22.86 -9.94 0
      vertex 22.7571 -9.93494 7
      vertex 22.86 -9.94 7
    endloop
  endfacet
  facet normal 0.0491146 0.998793 0
    outer loop
      vertex 22.7571 -9.93494 7
      vertex 22.86 -9.94 0
      vertex 22.7571 -9.93494 0
    endloop
  endfacet
  facet normal 0.998775 -0.0494923 0
    outer loop
      vertex 21.81 -8.89 7
      vertex 21.8151 -8.78708 0
      vertex 21.8151 -8.78708 7
    endloop
  endfacet
  facet normal 0.998775 -0.0494923 0
    outer loop
      vertex 21.8151 -8.78708 0
      vertex 21.81 -8.89 7
      vertex 21.81 -8.89 0
    endloop
  endfacet
  facet normal 0.337 0.941505 -0
    outer loop
      vertex 22.5552 -9.89479 0
      vertex 22.4582 -9.86007 7
      vertex 22.5552 -9.89479 7
    endloop
  endfacet
  facet normal 0.337 0.941505 0
    outer loop
      vertex 22.4582 -9.86007 7
      vertex 22.5552 -9.89479 0
      vertex 22.4582 -9.86007 0
    endloop
  endfacet
  facet normal -0.67132 0.741168 0
    outer loop
      vertex 23.6025 -9.63246 0
      vertex 23.5261 -9.70166 7
      vertex 23.6025 -9.63246 7
    endloop
  endfacet
  facet normal -0.67132 0.741168 0
    outer loop
      vertex 23.5261 -9.70166 7
      vertex 23.6025 -9.63246 0
      vertex 23.5261 -9.70166 0
    endloop
  endfacet
  facet normal -0.146774 -0.98917 0
    outer loop
      vertex 22.9629 9.93494 0
      vertex 23.0648 9.91982 7
      vertex 22.9629 9.93494 7
    endloop
  endfacet
  facet normal -0.146774 -0.98917 -0
    outer loop
      vertex 23.0648 9.91982 7
      vertex 22.9629 9.93494 0
      vertex 23.0648 9.91982 0
    endloop
  endfacet
  facet normal -0.989202 -0.146556 0
    outer loop
      vertex 23.9049 8.99292 0
      vertex 23.8898 9.09484 7
      vertex 23.8898 9.09484 0
    endloop
  endfacet
  facet normal -0.989202 -0.146556 0
    outer loop
      vertex 23.8898 9.09484 7
      vertex 23.9049 8.99292 0
      vertex 23.9049 8.99292 7
    endloop
  endfacet
  facet normal -0.998775 -0.0494923 0
    outer loop
      vertex 23.91 8.89 0
      vertex 23.9049 8.99292 7
      vertex 23.9049 8.99292 0
    endloop
  endfacet
  facet normal -0.998775 -0.0494923 0
    outer loop
      vertex 23.9049 8.99292 7
      vertex 23.91 8.89 0
      vertex 23.91 8.89 7
    endloop
  endfacet
  facet normal -0.97012 -0.242627 0
    outer loop
      vertex 23.8898 9.09484 0
      vertex 23.8648 9.1948 7
      vertex 23.8648 9.1948 0
    endloop
  endfacet
  facet normal -0.97012 -0.242627 0
    outer loop
      vertex 23.8648 9.1948 7
      vertex 23.8898 9.09484 0
      vertex 23.8898 9.09484 7
    endloop
  endfacet
  facet normal -0.337 0.941505 0
    outer loop
      vertex 23.2618 7.91993 0
      vertex 23.1648 7.88521 7
      vertex 23.2618 7.91993 7
    endloop
  endfacet
  facet normal -0.337 0.941505 0
    outer loop
      vertex 23.1648 7.88521 7
      vertex 23.2618 7.91993 0
      vertex 23.1648 7.88521 0
    endloop
  endfacet
  facet normal -0.903827 0.427899 0
    outer loop
      vertex 23.786 8.39503 0
      vertex 23.8301 8.48818 7
      vertex 23.8301 8.48818 0
    endloop
  endfacet
  facet normal -0.903827 0.427899 0
    outer loop
      vertex 23.8301 8.48818 7
      vertex 23.786 8.39503 0
      vertex 23.786 8.39503 7
    endloop
  endfacet
  facet normal -0.67132 -0.741168 0
    outer loop
      vertex 23.5261 9.70166 0
      vertex 23.6025 9.63246 7
      vertex 23.5261 9.70166 7
    endloop
  endfacet
  facet normal -0.67132 -0.741168 -0
    outer loop
      vertex 23.6025 9.63246 7
      vertex 23.5261 9.70166 0
      vertex 23.6025 9.63246 0
    endloop
  endfacet
  facet normal 0.740949 -0.671561 0
    outer loop
      vertex 22.0483 9.55611 7
      vertex 22.1175 9.63246 0
      vertex 22.1175 9.63246 7
    endloop
  endfacet
  facet normal 0.740949 -0.671561 0
    outer loop
      vertex 22.1175 9.63246 0
      vertex 22.0483 9.55611 7
      vertex 22.0483 9.55611 0
    endloop
  endfacet
  facet normal 0.146774 0.98917 -0
    outer loop
      vertex 22.7571 7.84506 0
      vertex 22.6552 7.86018 7
      vertex 22.7571 7.84506 7
    endloop
  endfacet
  facet normal 0.146774 0.98917 0
    outer loop
      vertex 22.6552 7.86018 7
      vertex 22.7571 7.84506 0
      vertex 22.6552 7.86018 0
    endloop
  endfacet
  facet normal -0.941588 -0.336767 0
    outer loop
      vertex 23.8648 9.1948 0
      vertex 23.8301 9.29182 7
      vertex 23.8301 9.29182 0
    endloop
  endfacet
  facet normal -0.941588 -0.336767 0
    outer loop
      vertex 23.8301 9.29182 7
      vertex 23.8648 9.1948 0
      vertex 23.8648 9.1948 7
    endloop
  endfacet
  facet normal 0.0491146 -0.998793 0
    outer loop
      vertex 22.7571 9.93494 0
      vertex 22.86 9.94 7
      vertex 22.7571 9.93494 7
    endloop
  endfacet
  facet normal 0.0491146 -0.998793 0
    outer loop
      vertex 22.86 9.94 7
      vertex 22.7571 9.93494 0
      vertex 22.86 9.94 0
    endloop
  endfacet
  facet normal -0.803574 -0.595204 0
    outer loop
      vertex 23.733 9.47335 0
      vertex 23.6717 9.55611 7
      vertex 23.6717 9.55611 0
    endloop
  endfacet
  facet normal -0.803574 -0.595204 0
    outer loop
      vertex 23.6717 9.55611 7
      vertex 23.733 9.47335 0
      vertex 23.733 9.47335 7
    endloop
  endfacet
  facet normal -0.0491146 0.998793 0
    outer loop
      vertex 22.9629 7.84506 0
      vertex 22.86 7.84 7
      vertex 22.9629 7.84506 7
    endloop
  endfacet
  facet normal -0.0491146 0.998793 0
    outer loop
      vertex 22.86 7.84 7
      vertex 22.9629 7.84506 0
      vertex 22.86 7.84 0
    endloop
  endfacet
  facet normal -0.0491146 -0.998793 0
    outer loop
      vertex 22.86 9.94 0
      vertex 22.9629 9.93494 7
      vertex 22.86 9.94 7
    endloop
  endfacet
  facet normal -0.0491146 -0.998793 -0
    outer loop
      vertex 22.9629 9.93494 7
      vertex 22.86 9.94 0
      vertex 22.9629 9.93494 0
    endloop
  endfacet
  facet normal -0.857613 0.514296 0
    outer loop
      vertex 23.733 8.30665 0
      vertex 23.786 8.39503 7
      vertex 23.786 8.39503 0
    endloop
  endfacet
  facet normal -0.857613 0.514296 0
    outer loop
      vertex 23.786 8.39503 7
      vertex 23.733 8.30665 0
      vertex 23.733 8.30665 7
    endloop
  endfacet
  facet normal 0.595984 0.802996 -0
    outer loop
      vertex 22.2766 8.01696 0
      vertex 22.1939 8.07834 7
      vertex 22.2766 8.01696 7
    endloop
  endfacet
  facet normal 0.595984 0.802996 0
    outer loop
      vertex 22.1939 8.07834 7
      vertex 22.2766 8.01696 0
      vertex 22.1939 8.07834 0
    endloop
  endfacet
  facet normal 0.857613 -0.514296 0
    outer loop
      vertex 21.934 9.38497 7
      vertex 21.987 9.47335 0
      vertex 21.987 9.47335 7
    endloop
  endfacet
  facet normal 0.857613 -0.514296 0
    outer loop
      vertex 21.987 9.47335 0
      vertex 21.934 9.38497 7
      vertex 21.934 9.38497 0
    endloop
  endfacet
  facet normal 0.24281 0.970074 -0
    outer loop
      vertex 22.6552 7.86018 0
      vertex 22.5552 7.88521 7
      vertex 22.6552 7.86018 7
    endloop
  endfacet
  facet normal 0.24281 0.970074 0
    outer loop
      vertex 22.5552 7.88521 7
      vertex 22.6552 7.86018 0
      vertex 22.5552 7.88521 0
    endloop
  endfacet
  facet normal -0.514496 0.857493 0
    outer loop
      vertex 23.4433 8.01696 0
      vertex 23.355 7.96398 7
      vertex 23.4433 8.01696 7
    endloop
  endfacet
  facet normal -0.514496 0.857493 0
    outer loop
      vertex 23.355 7.96398 7
      vertex 23.4433 8.01696 0
      vertex 23.355 7.96398 0
    endloop
  endfacet
  facet normal -0.857613 -0.514296 0
    outer loop
      vertex 23.786 9.38497 0
      vertex 23.733 9.47335 7
      vertex 23.733 9.47335 0
    endloop
  endfacet
  facet normal -0.857613 -0.514296 0
    outer loop
      vertex 23.733 9.47335 7
      vertex 23.786 9.38497 0
      vertex 23.786 9.38497 7
    endloop
  endfacet
  facet normal 0.998775 0.0494923 0
    outer loop
      vertex 21.8151 8.78708 7
      vertex 21.81 8.89 0
      vertex 21.81 8.89 7
    endloop
  endfacet
  facet normal 0.998775 0.0494923 0
    outer loop
      vertex 21.81 8.89 0
      vertex 21.8151 8.78708 7
      vertex 21.8151 8.78708 0
    endloop
  endfacet
  facet normal -0.903827 -0.427899 0
    outer loop
      vertex 23.8301 9.29182 0
      vertex 23.786 9.38497 7
      vertex 23.786 9.38497 0
    endloop
  endfacet
  facet normal -0.903827 -0.427899 0
    outer loop
      vertex 23.786 9.38497 7
      vertex 23.8301 9.29182 0
      vertex 23.8301 9.29182 7
    endloop
  endfacet
  facet normal -0.970114 0.24265 0
    outer loop
      vertex 23.8648 8.5852 0
      vertex 23.8898 8.68515 7
      vertex 23.8898 8.68515 0
    endloop
  endfacet
  facet normal -0.970114 0.24265 0
    outer loop
      vertex 23.8898 8.68515 7
      vertex 23.8648 8.5852 0
      vertex 23.8648 8.5852 7
    endloop
  endfacet
  facet normal 0.97012 -0.242627 0
    outer loop
      vertex 21.8302 9.09484 7
      vertex 21.8552 9.1948 0
      vertex 21.8552 9.1948 7
    endloop
  endfacet
  facet normal 0.97012 -0.242627 0
    outer loop
      vertex 21.8552 9.1948 0
      vertex 21.8302 9.09484 7
      vertex 21.8302 9.09484 0
    endloop
  endfacet
  facet normal 0.427315 0.904103 -0
    outer loop
      vertex 22.4582 7.91993 0
      vertex 22.365 7.96398 7
      vertex 22.4582 7.91993 7
    endloop
  endfacet
  facet normal 0.427315 0.904103 0
    outer loop
      vertex 22.365 7.96398 7
      vertex 22.4582 7.91993 0
      vertex 22.365 7.96398 0
    endloop
  endfacet
  facet normal 0.970114 0.24265 0
    outer loop
      vertex 21.8552 8.5852 7
      vertex 21.8302 8.68515 0
      vertex 21.8302 8.68515 7
    endloop
  endfacet
  facet normal 0.970114 0.24265 0
    outer loop
      vertex 21.8302 8.68515 0
      vertex 21.8552 8.5852 7
      vertex 21.8552 8.5852 0
    endloop
  endfacet
  facet normal -0.337 -0.941505 0
    outer loop
      vertex 23.1648 9.89479 0
      vertex 23.2618 9.86007 7
      vertex 23.1648 9.89479 7
    endloop
  endfacet
  facet normal -0.337 -0.941505 -0
    outer loop
      vertex 23.2618 9.86007 7
      vertex 23.1648 9.89479 0
      vertex 23.2618 9.86007 0
    endloop
  endfacet
  facet normal -0.989205 0.146542 0
    outer loop
      vertex 23.8898 8.68515 0
      vertex 23.9049 8.78708 7
      vertex 23.9049 8.78708 0
    endloop
  endfacet
  facet normal -0.989205 0.146542 0
    outer loop
      vertex 23.9049 8.78708 7
      vertex 23.8898 8.68515 0
      vertex 23.8898 8.68515 7
    endloop
  endfacet
  facet normal 0.146774 -0.98917 0
    outer loop
      vertex 22.6552 9.91982 0
      vertex 22.7571 9.93494 7
      vertex 22.6552 9.91982 7
    endloop
  endfacet
  facet normal 0.146774 -0.98917 0
    outer loop
      vertex 22.7571 9.93494 7
      vertex 22.6552 9.91982 0
      vertex 22.7571 9.93494 0
    endloop
  endfacet
  facet normal -0.427315 0.904103 0
    outer loop
      vertex 23.355 7.96398 0
      vertex 23.2618 7.91993 7
      vertex 23.355 7.96398 7
    endloop
  endfacet
  facet normal -0.427315 0.904103 0
    outer loop
      vertex 23.2618 7.91993 7
      vertex 23.355 7.96398 0
      vertex 23.2618 7.91993 0
    endloop
  endfacet
  facet normal 0.67132 -0.741168 0
    outer loop
      vertex 22.1175 9.63246 0
      vertex 22.1939 9.70166 7
      vertex 22.1175 9.63246 7
    endloop
  endfacet
  facet normal 0.67132 -0.741168 0
    outer loop
      vertex 22.1939 9.70166 7
      vertex 22.1175 9.63246 0
      vertex 22.1939 9.70166 0
    endloop
  endfacet
  facet normal 0.595984 -0.802996 0
    outer loop
      vertex 22.1939 9.70166 0
      vertex 22.2766 9.76304 7
      vertex 22.1939 9.70166 7
    endloop
  endfacet
  facet normal 0.595984 -0.802996 0
    outer loop
      vertex 22.2766 9.76304 7
      vertex 22.1939 9.70166 0
      vertex 22.2766 9.76304 0
    endloop
  endfacet
  facet normal -0.24281 -0.970074 0
    outer loop
      vertex 23.0648 9.91982 0
      vertex 23.1648 9.89479 7
      vertex 23.0648 9.91982 7
    endloop
  endfacet
  facet normal -0.24281 -0.970074 -0
    outer loop
      vertex 23.1648 9.89479 7
      vertex 23.0648 9.91982 0
      vertex 23.1648 9.89479 0
    endloop
  endfacet
  facet normal -0.998775 0.0494923 0
    outer loop
      vertex 23.9049 8.78708 0
      vertex 23.91 8.89 7
      vertex 23.91 8.89 0
    endloop
  endfacet
  facet normal -0.998775 0.0494923 0
    outer loop
      vertex 23.91 8.89 7
      vertex 23.9049 8.78708 0
      vertex 23.9049 8.78708 7
    endloop
  endfacet
  facet normal 0.427315 -0.904103 0
    outer loop
      vertex 22.365 9.81602 0
      vertex 22.4582 9.86007 7
      vertex 22.365 9.81602 7
    endloop
  endfacet
  facet normal 0.427315 -0.904103 0
    outer loop
      vertex 22.4582 9.86007 7
      vertex 22.365 9.81602 0
      vertex 22.4582 9.86007 0
    endloop
  endfacet
  facet normal 0.941588 0.336767 0
    outer loop
      vertex 21.8899 8.48818 7
      vertex 21.8552 8.5852 0
      vertex 21.8552 8.5852 7
    endloop
  endfacet
  facet normal 0.941588 0.336767 0
    outer loop
      vertex 21.8552 8.5852 0
      vertex 21.8899 8.48818 7
      vertex 21.8899 8.48818 0
    endloop
  endfacet
  facet normal -0.514496 -0.857493 0
    outer loop
      vertex 23.355 9.81602 0
      vertex 23.4433 9.76304 7
      vertex 23.355 9.81602 7
    endloop
  endfacet
  facet normal -0.514496 -0.857493 -0
    outer loop
      vertex 23.4433 9.76304 7
      vertex 23.355 9.81602 0
      vertex 23.4433 9.76304 0
    endloop
  endfacet
  facet normal -0.59552 -0.803341 0
    outer loop
      vertex 23.4433 9.76304 0
      vertex 23.5261 9.70166 7
      vertex 23.4433 9.76304 7
    endloop
  endfacet
  facet normal -0.59552 -0.803341 -0
    outer loop
      vertex 23.5261 9.70166 7
      vertex 23.4433 9.76304 0
      vertex 23.5261 9.70166 0
    endloop
  endfacet
  facet normal -0.146774 0.98917 0
    outer loop
      vertex 23.0648 7.86018 0
      vertex 22.9629 7.84506 7
      vertex 23.0648 7.86018 7
    endloop
  endfacet
  facet normal -0.146774 0.98917 0
    outer loop
      vertex 22.9629 7.84506 7
      vertex 23.0648 7.86018 0
      vertex 22.9629 7.84506 0
    endloop
  endfacet
  facet normal -0.740949 0.671561 0
    outer loop
      vertex 23.6025 8.14754 0
      vertex 23.6717 8.22389 7
      vertex 23.6717 8.22389 0
    endloop
  endfacet
  facet normal -0.740949 0.671561 0
    outer loop
      vertex 23.6717 8.22389 7
      vertex 23.6025 8.14754 0
      vertex 23.6025 8.14754 7
    endloop
  endfacet
  facet normal -0.803574 0.595204 0
    outer loop
      vertex 23.6717 8.22389 0
      vertex 23.733 8.30665 7
      vertex 23.733 8.30665 0
    endloop
  endfacet
  facet normal -0.803574 0.595204 0
    outer loop
      vertex 23.733 8.30665 7
      vertex 23.6717 8.22389 0
      vertex 23.6717 8.22389 7
    endloop
  endfacet
  facet normal -0.24281 0.970074 0
    outer loop
      vertex 23.1648 7.88521 0
      vertex 23.0648 7.86018 7
      vertex 23.1648 7.88521 7
    endloop
  endfacet
  facet normal -0.24281 0.970074 0
    outer loop
      vertex 23.0648 7.86018 7
      vertex 23.1648 7.88521 0
      vertex 23.0648 7.86018 0
    endloop
  endfacet
  facet normal -0.941588 0.336767 0
    outer loop
      vertex 23.8301 8.48818 0
      vertex 23.8648 8.5852 7
      vertex 23.8648 8.5852 0
    endloop
  endfacet
  facet normal -0.941588 0.336767 0
    outer loop
      vertex 23.8648 8.5852 7
      vertex 23.8301 8.48818 0
      vertex 23.8301 8.48818 7
    endloop
  endfacet
  facet normal 0.24281 -0.970074 0
    outer loop
      vertex 22.5552 9.89479 0
      vertex 22.6552 9.91982 7
      vertex 22.5552 9.89479 7
    endloop
  endfacet
  facet normal 0.24281 -0.970074 0
    outer loop
      vertex 22.6552 9.91982 7
      vertex 22.5552 9.89479 0
      vertex 22.6552 9.91982 0
    endloop
  endfacet
  facet normal 0.903827 0.427899 0
    outer loop
      vertex 21.934 8.39503 7
      vertex 21.8899 8.48818 0
      vertex 21.8899 8.48818 7
    endloop
  endfacet
  facet normal 0.903827 0.427899 0
    outer loop
      vertex 21.8899 8.48818 0
      vertex 21.934 8.39503 7
      vertex 21.934 8.39503 0
    endloop
  endfacet
  facet normal 0.989202 -0.146556 0
    outer loop
      vertex 21.8151 8.99292 7
      vertex 21.8302 9.09484 0
      vertex 21.8302 9.09484 7
    endloop
  endfacet
  facet normal 0.989202 -0.146556 0
    outer loop
      vertex 21.8302 9.09484 0
      vertex 21.8151 8.99292 7
      vertex 21.8151 8.99292 0
    endloop
  endfacet
  facet normal -0.427315 -0.904103 0
    outer loop
      vertex 23.2618 9.86007 0
      vertex 23.355 9.81602 7
      vertex 23.2618 9.86007 7
    endloop
  endfacet
  facet normal -0.427315 -0.904103 -0
    outer loop
      vertex 23.355 9.81602 7
      vertex 23.2618 9.86007 0
      vertex 23.355 9.81602 0
    endloop
  endfacet
  facet normal 0.740949 0.671561 0
    outer loop
      vertex 22.1175 8.14754 7
      vertex 22.0483 8.22389 0
      vertex 22.0483 8.22389 7
    endloop
  endfacet
  facet normal 0.740949 0.671561 0
    outer loop
      vertex 22.0483 8.22389 0
      vertex 22.1175 8.14754 7
      vertex 22.1175 8.14754 0
    endloop
  endfacet
  facet normal 0.857613 0.514296 0
    outer loop
      vertex 21.987 8.30665 7
      vertex 21.934 8.39503 0
      vertex 21.934 8.39503 7
    endloop
  endfacet
  facet normal 0.857613 0.514296 0
    outer loop
      vertex 21.934 8.39503 0
      vertex 21.987 8.30665 7
      vertex 21.987 8.30665 0
    endloop
  endfacet
  facet normal 0.337 -0.941505 0
    outer loop
      vertex 22.4582 9.86007 0
      vertex 22.5552 9.89479 7
      vertex 22.4582 9.86007 7
    endloop
  endfacet
  facet normal 0.337 -0.941505 0
    outer loop
      vertex 22.5552 9.89479 7
      vertex 22.4582 9.86007 0
      vertex 22.5552 9.89479 0
    endloop
  endfacet
  facet normal 0.514068 0.85775 -0
    outer loop
      vertex 22.365 7.96398 0
      vertex 22.2766 8.01696 7
      vertex 22.365 7.96398 7
    endloop
  endfacet
  facet normal 0.514068 0.85775 0
    outer loop
      vertex 22.2766 8.01696 7
      vertex 22.365 7.96398 0
      vertex 22.2766 8.01696 0
    endloop
  endfacet
  facet normal 0.941588 -0.336767 0
    outer loop
      vertex 21.8552 9.1948 7
      vertex 21.8899 9.29182 0
      vertex 21.8899 9.29182 7
    endloop
  endfacet
  facet normal 0.941588 -0.336767 0
    outer loop
      vertex 21.8899 9.29182 0
      vertex 21.8552 9.1948 7
      vertex 21.8552 9.1948 0
    endloop
  endfacet
  facet normal -0.59552 0.803341 0
    outer loop
      vertex 23.5261 8.07834 0
      vertex 23.4433 8.01696 7
      vertex 23.5261 8.07834 7
    endloop
  endfacet
  facet normal -0.59552 0.803341 0
    outer loop
      vertex 23.4433 8.01696 7
      vertex 23.5261 8.07834 0
      vertex 23.4433 8.01696 0
    endloop
  endfacet
  facet normal -0.740949 -0.671561 0
    outer loop
      vertex 23.6717 9.55611 0
      vertex 23.6025 9.63246 7
      vertex 23.6025 9.63246 0
    endloop
  endfacet
  facet normal -0.740949 -0.671561 0
    outer loop
      vertex 23.6025 9.63246 7
      vertex 23.6717 9.55611 0
      vertex 23.6717 9.55611 7
    endloop
  endfacet
  facet normal 0.803574 0.595204 0
    outer loop
      vertex 22.0483 8.22389 7
      vertex 21.987 8.30665 0
      vertex 21.987 8.30665 7
    endloop
  endfacet
  facet normal 0.803574 0.595204 0
    outer loop
      vertex 21.987 8.30665 0
      vertex 22.0483 8.22389 7
      vertex 22.0483 8.22389 0
    endloop
  endfacet
  facet normal 0.514068 -0.85775 0
    outer loop
      vertex 22.2766 9.76304 0
      vertex 22.365 9.81602 7
      vertex 22.2766 9.76304 7
    endloop
  endfacet
  facet normal 0.514068 -0.85775 0
    outer loop
      vertex 22.365 9.81602 7
      vertex 22.2766 9.76304 0
      vertex 22.365 9.81602 0
    endloop
  endfacet
  facet normal 0.989205 0.146542 0
    outer loop
      vertex 21.8302 8.68515 7
      vertex 21.8151 8.78708 0
      vertex 21.8151 8.78708 7
    endloop
  endfacet
  facet normal 0.989205 0.146542 0
    outer loop
      vertex 21.8151 8.78708 0
      vertex 21.8302 8.68515 7
      vertex 21.8302 8.68515 0
    endloop
  endfacet
  facet normal 0.903827 -0.427899 0
    outer loop
      vertex 21.8899 9.29182 7
      vertex 21.934 9.38497 0
      vertex 21.934 9.38497 7
    endloop
  endfacet
  facet normal 0.903827 -0.427899 0
    outer loop
      vertex 21.934 9.38497 0
      vertex 21.8899 9.29182 7
      vertex 21.8899 9.29182 0
    endloop
  endfacet
  facet normal 0.67132 0.741168 -0
    outer loop
      vertex 22.1939 8.07834 0
      vertex 22.1175 8.14754 7
      vertex 22.1939 8.07834 7
    endloop
  endfacet
  facet normal 0.67132 0.741168 0
    outer loop
      vertex 22.1175 8.14754 7
      vertex 22.1939 8.07834 0
      vertex 22.1175 8.14754 0
    endloop
  endfacet
  facet normal 0.803574 -0.595204 0
    outer loop
      vertex 21.987 9.47335 7
      vertex 22.0483 9.55611 0
      vertex 22.0483 9.55611 7
    endloop
  endfacet
  facet normal 0.803574 -0.595204 0
    outer loop
      vertex 22.0483 9.55611 0
      vertex 21.987 9.47335 7
      vertex 21.987 9.47335 0
    endloop
  endfacet
  facet normal 0.0491146 0.998793 -0
    outer loop
      vertex 22.86 7.84 0
      vertex 22.7571 7.84506 7
      vertex 22.86 7.84 7
    endloop
  endfacet
  facet normal 0.0491146 0.998793 0
    outer loop
      vertex 22.7571 7.84506 7
      vertex 22.86 7.84 0
      vertex 22.7571 7.84506 0
    endloop
  endfacet
  facet normal 0.998775 -0.0494923 0
    outer loop
      vertex 21.81 8.89 7
      vertex 21.8151 8.99292 0
      vertex 21.8151 8.99292 7
    endloop
  endfacet
  facet normal 0.998775 -0.0494923 0
    outer loop
      vertex 21.8151 8.99292 0
      vertex 21.81 8.89 7
      vertex 21.81 8.89 0
    endloop
  endfacet
  facet normal 0.337 0.941505 -0
    outer loop
      vertex 22.5552 7.88521 0
      vertex 22.4582 7.91993 7
      vertex 22.5552 7.88521 7
    endloop
  endfacet
  facet normal 0.337 0.941505 0
    outer loop
      vertex 22.4582 7.91993 7
      vertex 22.5552 7.88521 0
      vertex 22.4582 7.91993 0
    endloop
  endfacet
  facet normal -0.67132 0.741168 0
    outer loop
      vertex 23.6025 8.14754 0
      vertex 23.5261 8.07834 7
      vertex 23.6025 8.14754 7
    endloop
  endfacet
  facet normal -0.67132 0.741168 0
    outer loop
      vertex 23.5261 8.07834 7
      vertex 23.6025 8.14754 0
      vertex 23.5261 8.07834 0
    endloop
  endfacet
endsolid OpenSCAD_Model
